/*
 Navicat Premium Data Transfer

 Source Server         : localhost
 Source Server Type    : MySQL
 Source Server Version : 80031 (8.0.31)
 Source Host           : localhost:3306
 Source Schema         : film_db

 Target Server Type    : MySQL
 Target Server Version : 80031 (8.0.31)
 File Encoding         : 65001

 Date: 19/01/2024 15:41:00
*/

SET NAMES utf8mb4;
SET FOREIGN_KEY_CHECKS = 0;

-- ----------------------------
-- Table structure for actor
-- ----------------------------
DROP TABLE IF EXISTS `actor`;
CREATE TABLE `actor`  (
  `id` int NULL DEFAULT NULL,
  `name` varchar(100) CHARACTER SET utf8mb4 COLLATE utf8mb4_0900_ai_ci NULL DEFAULT NULL
) ENGINE = InnoDB CHARACTER SET = utf8mb4 COLLATE = utf8mb4_0900_ai_ci ROW_FORMAT = Dynamic;

-- ----------------------------
-- Records of actor
-- ----------------------------
INSERT INTO `actor` VALUES (20001, '蒂姆·罗宾斯');
INSERT INTO `actor` VALUES (20001, '摩根·弗里曼');
INSERT INTO `actor` VALUES (20001, '鲍勃·冈顿');
INSERT INTO `actor` VALUES (20001, '威廉姆·赛德勒');
INSERT INTO `actor` VALUES (20001, '克兰西·布朗');
INSERT INTO `actor` VALUES (20001, '吉尔·贝罗斯');
INSERT INTO `actor` VALUES (20001, '马克·罗斯顿');
INSERT INTO `actor` VALUES (20001, '詹姆斯·惠特摩');
INSERT INTO `actor` VALUES (20001, '杰弗里·德曼');
INSERT INTO `actor` VALUES (20001, '拉里·布兰登伯格');
INSERT INTO `actor` VALUES (20001, '尼尔·吉恩托利');
INSERT INTO `actor` VALUES (20001, '布赖恩·利比');
INSERT INTO `actor` VALUES (20001, '大卫·普罗瓦尔');
INSERT INTO `actor` VALUES (20001, '约瑟夫·劳格诺');
INSERT INTO `actor` VALUES (20001, '祖德·塞克利拉');
INSERT INTO `actor` VALUES (20001, '保罗·麦克兰尼');
INSERT INTO `actor` VALUES (20001, '芮妮·布莱恩');
INSERT INTO `actor` VALUES (20001, '阿方索·弗里曼');
INSERT INTO `actor` VALUES (20001, 'V·J·福斯特');
INSERT INTO `actor` VALUES (20001, '弗兰克·梅德拉诺');
INSERT INTO `actor` VALUES (20001, '马克·迈尔斯');
INSERT INTO `actor` VALUES (20001, '尼尔·萨默斯');
INSERT INTO `actor` VALUES (20001, '耐德·巴拉米');
INSERT INTO `actor` VALUES (20001, '布赖恩·戴拉特');
INSERT INTO `actor` VALUES (20001, '唐·麦克马纳斯');
INSERT INTO `actor` VALUES (20002, '张国荣');
INSERT INTO `actor` VALUES (20002, '张丰毅');
INSERT INTO `actor` VALUES (20002, '巩俐');
INSERT INTO `actor` VALUES (20002, '葛优');
INSERT INTO `actor` VALUES (20002, '英达');
INSERT INTO `actor` VALUES (20002, '蒋雯丽');
INSERT INTO `actor` VALUES (20002, '吴大维');
INSERT INTO `actor` VALUES (20002, '吕齐');
INSERT INTO `actor` VALUES (20002, '雷汉');
INSERT INTO `actor` VALUES (20002, '尹治');
INSERT INTO `actor` VALUES (20002, '马明威');
INSERT INTO `actor` VALUES (20002, '费振翔');
INSERT INTO `actor` VALUES (20002, '智一桐');
INSERT INTO `actor` VALUES (20002, '李春');
INSERT INTO `actor` VALUES (20002, '赵海龙');
INSERT INTO `actor` VALUES (20002, '李丹');
INSERT INTO `actor` VALUES (20002, '童弟');
INSERT INTO `actor` VALUES (20002, '沈慧芬');
INSERT INTO `actor` VALUES (20002, '黄斐');
INSERT INTO `actor` VALUES (20002, '徐杰');
INSERT INTO `actor` VALUES (20003, '汤姆·汉克斯');
INSERT INTO `actor` VALUES (20003, '罗宾·怀特');
INSERT INTO `actor` VALUES (20003, '加里·西尼斯');
INSERT INTO `actor` VALUES (20003, '麦凯尔泰·威廉逊');
INSERT INTO `actor` VALUES (20003, '莎莉·菲尔德');
INSERT INTO `actor` VALUES (20003, '海利·乔·奥斯蒙');
INSERT INTO `actor` VALUES (20003, '迈克尔·康纳·亨弗里斯');
INSERT INTO `actor` VALUES (20003, '哈罗德·G·赫瑟姆');
INSERT INTO `actor` VALUES (20003, '山姆·安德森');
INSERT INTO `actor` VALUES (20003, '伊俄涅·M·特雷奇');
INSERT INTO `actor` VALUES (20003, '彼得·道博森');
INSERT INTO `actor` VALUES (20003, '希芳·法隆');
INSERT INTO `actor` VALUES (20003, '伊丽莎白·汉克斯');
INSERT INTO `actor` VALUES (20003, '汉娜·豪尔');
INSERT INTO `actor` VALUES (20003, '克里斯托弗·琼斯');
INSERT INTO `actor` VALUES (20003, '罗布·兰德里');
INSERT INTO `actor` VALUES (20003, '杰森·麦克奎尔');
INSERT INTO `actor` VALUES (20003, '桑尼·施罗耶');
INSERT INTO `actor` VALUES (20003, '艾德·戴维斯');
INSERT INTO `actor` VALUES (20003, '丹尼尔C.斯瑞派克');
INSERT INTO `actor` VALUES (20003, '大卫·布里斯宾');
INSERT INTO `actor` VALUES (20003, '德博拉·麦克蒂尔');
INSERT INTO `actor` VALUES (20003, '艾尔·哈林顿');
INSERT INTO `actor` VALUES (20003, '阿非莫·奥米拉');
INSERT INTO `actor` VALUES (20003, '约翰·沃德斯塔德');
INSERT INTO `actor` VALUES (20003, '迈克尔·伯吉斯');
INSERT INTO `actor` VALUES (20003, '埃里克·安德伍德');
INSERT INTO `actor` VALUES (20003, '拜伦·明斯');
INSERT INTO `actor` VALUES (20003, '斯蒂芬·布吉格沃特');
INSERT INTO `actor` VALUES (20003, '约翰·威廉·高尔特');
INSERT INTO `actor` VALUES (20003, '希拉里·沙普兰');
INSERT INTO `actor` VALUES (20003, '伊莎贝尔·罗斯');
INSERT INTO `actor` VALUES (20003, '理查德·达历山德罗');
INSERT INTO `actor` VALUES (20003, '迪克·史迪威');
INSERT INTO `actor` VALUES (20003, '迈克尔-杰斯');
INSERT INTO `actor` VALUES (20003, '杰弗里·布莱克');
INSERT INTO `actor` VALUES (20003, '瓦妮莎·罗斯');
INSERT INTO `actor` VALUES (20003, '迪克·卡维特');
INSERT INTO `actor` VALUES (20003, '马拉·苏查雷特扎');
INSERT INTO `actor` VALUES (20003, '乔·阿拉斯奇');
INSERT INTO `actor` VALUES (20003, 'W·本森·泰瑞');
INSERT INTO `actor` VALUES (20004, '莱昂纳多·迪卡普里奥');
INSERT INTO `actor` VALUES (20004, '凯特·温丝莱特');
INSERT INTO `actor` VALUES (20004, '比利·赞恩');
INSERT INTO `actor` VALUES (20004, '凯西·贝茨');
INSERT INTO `actor` VALUES (20004, '弗兰西丝·费舍');
INSERT INTO `actor` VALUES (20004, '格劳瑞亚·斯图尔特');
INSERT INTO `actor` VALUES (20004, '比尔·帕克斯顿');
INSERT INTO `actor` VALUES (20004, '伯纳德·希尔');
INSERT INTO `actor` VALUES (20004, '大卫·沃纳');
INSERT INTO `actor` VALUES (20004, '维克多·加博');
INSERT INTO `actor` VALUES (20004, '乔纳森·海德');
INSERT INTO `actor` VALUES (20004, '苏茜·爱米斯');
INSERT INTO `actor` VALUES (20004, '刘易斯·阿伯内西');
INSERT INTO `actor` VALUES (20004, '尼古拉斯·卡斯柯恩');
INSERT INTO `actor` VALUES (20004, '阿那托利·萨加洛维奇');
INSERT INTO `actor` VALUES (20004, '丹尼·努齐');
INSERT INTO `actor` VALUES (20004, '杰森·贝瑞');
INSERT INTO `actor` VALUES (20004, '伊万·斯图尔特');
INSERT INTO `actor` VALUES (20004, '艾恩·格拉法德');
INSERT INTO `actor` VALUES (20004, '乔纳森·菲利普斯');
INSERT INTO `actor` VALUES (20004, '马克·林赛·查普曼');
INSERT INTO `actor` VALUES (20004, '理查德·格拉翰');
INSERT INTO `actor` VALUES (20004, '保罗·布赖特威尔');
INSERT INTO `actor` VALUES (20004, '艾瑞克·布里登');
INSERT INTO `actor` VALUES (20004, '夏洛特·查顿');
INSERT INTO `actor` VALUES (20004, '博纳德·福克斯');
INSERT INTO `actor` VALUES (20004, '迈克尔·英塞恩');
INSERT INTO `actor` VALUES (20004, '法妮·布雷特');
INSERT INTO `actor` VALUES (20004, '马丁·贾维斯');
INSERT INTO `actor` VALUES (20004, '罗莎琳·艾尔斯');
INSERT INTO `actor` VALUES (20004, '罗切尔·罗斯');
INSERT INTO `actor` VALUES (20004, '乔纳森·伊万斯-琼斯');
INSERT INTO `actor` VALUES (20004, '西蒙·克雷恩');
INSERT INTO `actor` VALUES (20004, '爱德华德·弗莱彻');
INSERT INTO `actor` VALUES (20004, '斯科特·安德森');
INSERT INTO `actor` VALUES (20004, '马丁·伊斯特');
INSERT INTO `actor` VALUES (20004, '克雷格·凯利');
INSERT INTO `actor` VALUES (20004, '格雷戈里·库克');
INSERT INTO `actor` VALUES (20004, '利亚姆·图伊');
INSERT INTO `actor` VALUES (20004, '詹姆斯·兰开斯特');
INSERT INTO `actor` VALUES (20004, '艾尔莎·瑞雯');
INSERT INTO `actor` VALUES (20004, '卢·帕尔特');
INSERT INTO `actor` VALUES (20004, '泰瑞·佛瑞斯塔');
INSERT INTO `actor` VALUES (20004, '凯文·德·拉·诺伊');
INSERT INTO `actor` VALUES (20005, '让·雷诺');
INSERT INTO `actor` VALUES (20005, '娜塔莉·波特曼');
INSERT INTO `actor` VALUES (20005, '加里·奥德曼');
INSERT INTO `actor` VALUES (20005, '丹尼·爱罗');
INSERT INTO `actor` VALUES (20005, '彼得·阿佩尔');
INSERT INTO `actor` VALUES (20005, '迈克尔·巴达鲁科');
INSERT INTO `actor` VALUES (20005, '艾伦·格里尼');
INSERT INTO `actor` VALUES (20005, '伊丽莎白·瑞根');
INSERT INTO `actor` VALUES (20005, '卡尔·马图斯维奇');
INSERT INTO `actor` VALUES (20005, '弗兰克·赛格');
INSERT INTO `actor` VALUES (20005, '麦温');
INSERT INTO `actor` VALUES (20005, '乔治·马丁');
INSERT INTO `actor` VALUES (20005, '罗伯特·拉萨多');
INSERT INTO `actor` VALUES (20005, '亚当·布斯奇');
INSERT INTO `actor` VALUES (20005, '马里奥·托迪斯科');
INSERT INTO `actor` VALUES (20005, '萨米·纳塞利');
INSERT INTO `actor` VALUES (20006, '柊瑠美');
INSERT INTO `actor` VALUES (20006, '入野自由');
INSERT INTO `actor` VALUES (20006, '夏木真理');
INSERT INTO `actor` VALUES (20006, '菅原文太');
INSERT INTO `actor` VALUES (20006, '中村彰男');
INSERT INTO `actor` VALUES (20006, '玉井夕海');
INSERT INTO `actor` VALUES (20006, '神木隆之介');
INSERT INTO `actor` VALUES (20006, '内藤刚志');
INSERT INTO `actor` VALUES (20006, '泽口靖子');
INSERT INTO `actor` VALUES (20006, '我修院达也');
INSERT INTO `actor` VALUES (20006, '大泉洋');
INSERT INTO `actor` VALUES (20006, '小林郁夫');
INSERT INTO `actor` VALUES (20006, '上条恒彦');
INSERT INTO `actor` VALUES (20006, '小野武彦');
INSERT INTO `actor` VALUES (20007, '罗伯托·贝尼尼');
INSERT INTO `actor` VALUES (20007, '尼可莱塔·布拉斯基');
INSERT INTO `actor` VALUES (20007, '乔治·坎塔里尼');
INSERT INTO `actor` VALUES (20007, '朱斯蒂诺·杜拉诺');
INSERT INTO `actor` VALUES (20007, '赛尔乔·比尼·布斯特里克');
INSERT INTO `actor` VALUES (20007, '玛丽萨·帕雷德斯');
INSERT INTO `actor` VALUES (20007, '霍斯特·布赫霍尔茨');
INSERT INTO `actor` VALUES (20007, '利迪娅·阿方西');
INSERT INTO `actor` VALUES (20007, '朱利亚娜·洛约迪切');
INSERT INTO `actor` VALUES (20007, '亚美利哥·丰塔尼');
INSERT INTO `actor` VALUES (20007, '彼得·德·席尔瓦');
INSERT INTO `actor` VALUES (20007, '弗朗西斯·古佐');
INSERT INTO `actor` VALUES (20007, '拉法埃拉·莱博罗尼');
INSERT INTO `actor` VALUES (20007, '克劳迪奥·阿方西');
INSERT INTO `actor` VALUES (20007, '吉尔·巴罗尼');
INSERT INTO `actor` VALUES (20007, '马西莫·比安奇');
INSERT INTO `actor` VALUES (20007, '恩尼奥·孔萨尔维');
INSERT INTO `actor` VALUES (20007, '吉安卡尔洛·科森蒂诺');
INSERT INTO `actor` VALUES (20007, '阿伦·克雷格');
INSERT INTO `actor` VALUES (20007, '汉尼斯·赫尔曼');
INSERT INTO `actor` VALUES (20007, '弗兰科·梅斯科利尼');
INSERT INTO `actor` VALUES (20007, '安东尼奥·普雷斯特');
INSERT INTO `actor` VALUES (20007, '吉娜·诺维勒');
INSERT INTO `actor` VALUES (20007, '理查德·塞梅尔');
INSERT INTO `actor` VALUES (20007, '安德烈提多娜');
INSERT INTO `actor` VALUES (20007, '迪尔克·范登贝格');
INSERT INTO `actor` VALUES (20007, '奥梅罗·安东努蒂');
INSERT INTO `actor` VALUES (20008, '马修·麦康纳');
INSERT INTO `actor` VALUES (20008, '安妮·海瑟薇');
INSERT INTO `actor` VALUES (20008, '杰西卡·查斯坦');
INSERT INTO `actor` VALUES (20008, '麦肯吉·弗依');
INSERT INTO `actor` VALUES (20008, '卡西·阿弗莱克');
INSERT INTO `actor` VALUES (20008, '迈克尔·凯恩');
INSERT INTO `actor` VALUES (20008, '马特·达蒙');
INSERT INTO `actor` VALUES (20008, '提莫西·查拉梅');
INSERT INTO `actor` VALUES (20008, '艾伦·伯斯汀');
INSERT INTO `actor` VALUES (20008, '约翰·利思戈');
INSERT INTO `actor` VALUES (20008, '韦斯·本特利');
INSERT INTO `actor` VALUES (20008, '大卫·吉亚西');
INSERT INTO `actor` VALUES (20008, '比尔·欧文');
INSERT INTO `actor` VALUES (20008, '托弗·戈瑞斯');
INSERT INTO `actor` VALUES (20008, '科莱特·沃夫');
INSERT INTO `actor` VALUES (20008, '弗朗西斯·X.麦卡蒂');
INSERT INTO `actor` VALUES (20008, '安德鲁·博尔巴');
INSERT INTO `actor` VALUES (20008, '乔什·斯图沃特');
INSERT INTO `actor` VALUES (20008, '莱雅·卡里恩斯');
INSERT INTO `actor` VALUES (20008, '利亚姆·迪金森');
INSERT INTO `actor` VALUES (20008, '杰夫·赫普内尔');
INSERT INTO `actor` VALUES (20008, '伊莱耶斯·加贝尔');
INSERT INTO `actor` VALUES (20008, '布鲁克·史密斯');
INSERT INTO `actor` VALUES (20008, '大卫·奥伊罗');
INSERT INTO `actor` VALUES (20008, '威廉姆·德瓦内');
INSERT INTO `actor` VALUES (20008, '拉什·费加');
INSERT INTO `actor` VALUES (20008, '格里芬·弗雷泽');
INSERT INTO `actor` VALUES (20008, '弗洛拉·诺兰');
INSERT INTO `actor` VALUES (20009, '莱昂纳多·迪卡普里奥');
INSERT INTO `actor` VALUES (20009, '约瑟夫·高登-莱维特');
INSERT INTO `actor` VALUES (20009, '艾利奥特·佩吉');
INSERT INTO `actor` VALUES (20009, '汤姆·哈迪');
INSERT INTO `actor` VALUES (20009, '渡边谦');
INSERT INTO `actor` VALUES (20009, '迪利普·劳');
INSERT INTO `actor` VALUES (20009, '基里安·墨菲');
INSERT INTO `actor` VALUES (20009, '汤姆·贝伦杰');
INSERT INTO `actor` VALUES (20009, '玛丽昂·歌迪亚');
INSERT INTO `actor` VALUES (20009, '皮特·波斯尔思韦特');
INSERT INTO `actor` VALUES (20009, '迈克尔·凯恩');
INSERT INTO `actor` VALUES (20009, '卢卡斯·哈斯');
INSERT INTO `actor` VALUES (20009, '李太力');
INSERT INTO `actor` VALUES (20009, '克莱尔·吉尔蕾');
INSERT INTO `actor` VALUES (20009, '马格努斯·诺兰');
INSERT INTO `actor` VALUES (20009, '泰勒·吉蕾');
INSERT INTO `actor` VALUES (20009, '乔纳森·吉尔');
INSERT INTO `actor` VALUES (20009, '水源士郎');
INSERT INTO `actor` VALUES (20009, '冈本玉二');
INSERT INTO `actor` VALUES (20009, '厄尔·卡梅伦');
INSERT INTO `actor` VALUES (20009, '瑞恩·海沃德');
INSERT INTO `actor` VALUES (20009, '米兰达·诺兰');
INSERT INTO `actor` VALUES (20009, '拉什·费加');
INSERT INTO `actor` VALUES (20009, '蒂姆·科勒赫');
INSERT INTO `actor` VALUES (20009, '妲露拉·莱莉');
INSERT INTO `actor` VALUES (20010, '连姆·尼森');
INSERT INTO `actor` VALUES (20010, '本·金斯利');
INSERT INTO `actor` VALUES (20010, '拉尔夫·费因斯');
INSERT INTO `actor` VALUES (20010, '卡罗琳·古多尔');
INSERT INTO `actor` VALUES (20010, '乔纳森·萨加尔');
INSERT INTO `actor` VALUES (20010, '艾伯丝·戴维兹');
INSERT INTO `actor` VALUES (20010, '马尔戈萨·格贝尔');
INSERT INTO `actor` VALUES (20010, '马克·伊瓦涅');
INSERT INTO `actor` VALUES (20010, '碧翠斯·马科拉');
INSERT INTO `actor` VALUES (20010, '安德烈·瑟韦林');
INSERT INTO `actor` VALUES (20010, '弗里德里希·冯·图恩');
INSERT INTO `actor` VALUES (20010, '克齐斯茨托夫·拉夫特');
INSERT INTO `actor` VALUES (20010, '诺伯特·魏塞尔');
INSERT INTO `actor` VALUES (20010, '维斯瓦夫·科马萨');
INSERT INTO `actor` VALUES (20011, '金·凯瑞');
INSERT INTO `actor` VALUES (20011, '劳拉·琳妮');
INSERT INTO `actor` VALUES (20011, '艾德·哈里斯');
INSERT INTO `actor` VALUES (20011, '诺亚·艾默里奇');
INSERT INTO `actor` VALUES (20011, '娜塔莎·麦克艾霍恩');
INSERT INTO `actor` VALUES (20012, '理查·基尔');
INSERT INTO `actor` VALUES (20012, '莎拉·罗默尔');
INSERT INTO `actor` VALUES (20012, '琼·艾伦');
INSERT INTO `actor` VALUES (20012, '罗比·萨布莱特');
INSERT INTO `actor` VALUES (20012, '艾瑞克·阿瓦利');
INSERT INTO `actor` VALUES (20012, '田川洋行');
INSERT INTO `actor` VALUES (20012, '杰森·亚历山大');
INSERT INTO `actor` VALUES (20012, '罗伯特·卡普荣');
INSERT INTO `actor` VALUES (20013, '蒂姆·罗斯');
INSERT INTO `actor` VALUES (20013, '普路特·泰勒·文斯');
INSERT INTO `actor` VALUES (20013, '比尔·努恩');
INSERT INTO `actor` VALUES (20013, '克兰伦斯·威廉姆斯三世');
INSERT INTO `actor` VALUES (20013, '梅兰尼·蒂埃里');
INSERT INTO `actor` VALUES (20013, '皮特·沃恩');
INSERT INTO `actor` VALUES (20013, '尼尔·奥布赖恩');
INSERT INTO `actor` VALUES (20013, '阿尔贝托·巴斯克斯');
INSERT INTO `actor` VALUES (20013, '加布里埃莱·拉维亚');
INSERT INTO `actor` VALUES (20013, '科里·巴克');
INSERT INTO `actor` VALUES (20013, '西德尼·科尔');
INSERT INTO `actor` VALUES (20013, 'Luigi De Luca');
INSERT INTO `actor` VALUES (20013, '尼古拉·迪·平托');
INSERT INTO `actor` VALUES (20013, '费米·依鲁福祖');
INSERT INTO `actor` VALUES (20013, '伊斯顿·盖奇');
INSERT INTO `actor` VALUES (20013, '凯文·麦克纳利');
INSERT INTO `actor` VALUES (20013, '布莱恩·普林格');
INSERT INTO `actor` VALUES (20013, '沙拉·鲁宾');
INSERT INTO `actor` VALUES (20013, '希思科特·威廉姆斯');
INSERT INTO `actor` VALUES (20013, '阿妮妲·扎格利亚');
INSERT INTO `actor` VALUES (20013, '安吉洛·迪洛雷塔');
INSERT INTO `actor` VALUES (20014, '阿米尔·汗');
INSERT INTO `actor` VALUES (20014, '卡琳娜·卡普尔');
INSERT INTO `actor` VALUES (20014, '马达范');
INSERT INTO `actor` VALUES (20014, '沙尔曼·乔希');
INSERT INTO `actor` VALUES (20014, '奥米·瓦依达');
INSERT INTO `actor` VALUES (20014, '博曼·伊拉尼');
INSERT INTO `actor` VALUES (20014, '莫娜·辛格');
INSERT INTO `actor` VALUES (20014, '拉杰夫·拉宾德拉纳特安');
INSERT INTO `actor` VALUES (20015, '让-巴蒂斯特·莫尼耶');
INSERT INTO `actor` VALUES (20015, '热拉尔·朱尼奥');
INSERT INTO `actor` VALUES (20015, '弗朗索瓦·贝莱昂');
INSERT INTO `actor` VALUES (20015, '凯德·麦拉德');
INSERT INTO `actor` VALUES (20015, '让-保罗·博奈雷');
INSERT INTO `actor` VALUES (20015, '雅克·贝汉');
INSERT INTO `actor` VALUES (20015, '玛丽·布奈尔');
INSERT INTO `actor` VALUES (20015, '马克桑斯·贝汉');
INSERT INTO `actor` VALUES (20015, '格雷戈里·加迪诺尔');
INSERT INTO `actor` VALUES (20015, '托马斯·布伦门塔尔');
INSERT INTO `actor` VALUES (20015, '西里尔·伯尔尼科特');
INSERT INTO `actor` VALUES (20015, '西蒙·法戈特');
INSERT INTO `actor` VALUES (20015, '泰奥杜尔·卡雷-卡赛尼');
INSERT INTO `actor` VALUES (20015, '菲利普·杜·詹纳兰德');
INSERT INTO `actor` VALUES (20015, '埃里克·德斯玛莱茨');
INSERT INTO `actor` VALUES (20015, '狄迪尔·弗拉蒙');
INSERT INTO `actor` VALUES (20015, 'Carole Weiss');
INSERT INTO `actor` VALUES (20016, '本·贝尔特');
INSERT INTO `actor` VALUES (20016, '艾丽莎·奈特');
INSERT INTO `actor` VALUES (20016, '杰夫·格尔林');
INSERT INTO `actor` VALUES (20016, '佛莱德·威拉特');
INSERT INTO `actor` VALUES (20016, '西格妮·韦弗');
INSERT INTO `actor` VALUES (20016, 'MacInTalk');
INSERT INTO `actor` VALUES (20016, '约翰·拉森贝格');
INSERT INTO `actor` VALUES (20016, '凯茜·纳基麦');
INSERT INTO `actor` VALUES (20016, '泰迪·牛顿');
INSERT INTO `actor` VALUES (20016, '鲍伯·伯根');
INSERT INTO `actor` VALUES (20016, '洛丽·理查德森');
INSERT INTO `actor` VALUES (20016, '吉姆·瓦德');
INSERT INTO `actor` VALUES (20016, '彼特·道格特');
INSERT INTO `actor` VALUES (20016, '安德鲁·斯坦顿');
INSERT INTO `actor` VALUES (20016, '杰夫·皮金');
INSERT INTO `actor` VALUES (20016, '约翰·齐甘');
INSERT INTO `actor` VALUES (20016, '米凯·麦高万');
INSERT INTO `actor` VALUES (20016, '雪莉·琳恩');
INSERT INTO `actor` VALUES (20016, '克莱特·惠特克');
INSERT INTO `actor` VALUES (20016, '唐纳德·富利洛夫');
INSERT INTO `actor` VALUES (20016, '罗里·艾伦');
INSERT INTO `actor` VALUES (20016, '杰斯·哈梅尔');
INSERT INTO `actor` VALUES (20016, '拉瑞恩·纽曼');
INSERT INTO `actor` VALUES (20016, '扬·拉布森');
INSERT INTO `actor` VALUES (20016, '保罗·伊丁');
INSERT INTO `actor` VALUES (20017, '金妮弗·古德温');
INSERT INTO `actor` VALUES (20017, '杰森·贝特曼');
INSERT INTO `actor` VALUES (20017, '伊德里斯·艾尔巴');
INSERT INTO `actor` VALUES (20017, '珍妮·斯蕾特');
INSERT INTO `actor` VALUES (20017, '内特·托伦斯');
INSERT INTO `actor` VALUES (20017, '邦尼·亨特');
INSERT INTO `actor` VALUES (20017, '唐·雷克');
INSERT INTO `actor` VALUES (20017, '汤米·钟');
INSERT INTO `actor` VALUES (20017, 'J·K·西蒙斯');
INSERT INTO `actor` VALUES (20017, '奥克塔维亚·斯宾瑟');
INSERT INTO `actor` VALUES (20017, '艾伦·图代克');
INSERT INTO `actor` VALUES (20017, '夏奇拉');
INSERT INTO `actor` VALUES (20017, '雷蒙德·S·佩尔西');
INSERT INTO `actor` VALUES (20017, '德拉·萨巴');
INSERT INTO `actor` VALUES (20017, '莫里斯·拉马奇');
INSERT INTO `actor` VALUES (20017, '菲尔·约翰斯顿');
INSERT INTO `actor` VALUES (20017, '约翰·迪·马吉欧');
INSERT INTO `actor` VALUES (20017, '凯蒂·洛斯');
INSERT INTO `actor` VALUES (20017, '吉塔·雷迪');
INSERT INTO `actor` VALUES (20017, '杰西·科尔蒂');
INSERT INTO `actor` VALUES (20017, '汤米·利斯特');
INSERT INTO `actor` VALUES (20017, '乔希·达拉斯');
INSERT INTO `actor` VALUES (20017, '瑞奇·摩尔');
INSERT INTO `actor` VALUES (20017, '凯斯·索西');
INSERT INTO `actor` VALUES (20017, '彼得·曼斯布里奇');
INSERT INTO `actor` VALUES (20017, '拜伦·霍华德');
INSERT INTO `actor` VALUES (20017, '杰拉德·布什');
INSERT INTO `actor` VALUES (20017, '马克·史密斯');
INSERT INTO `actor` VALUES (20017, '乔西·特立尼达');
INSERT INTO `actor` VALUES (20017, '约翰·拉维尔');
INSERT INTO `actor` VALUES (20017, '克里斯汀·贝尔');
INSERT INTO `actor` VALUES (20017, '吉尔·科德斯');
INSERT INTO `actor` VALUES (20017, '梅利莎·古德温');
INSERT INTO `actor` VALUES (20018, '刘德华');
INSERT INTO `actor` VALUES (20018, '梁朝伟');
INSERT INTO `actor` VALUES (20018, '黄秋生');
INSERT INTO `actor` VALUES (20018, '曾志伟');
INSERT INTO `actor` VALUES (20018, '陈慧琳');
INSERT INTO `actor` VALUES (20018, '郑秀文');
INSERT INTO `actor` VALUES (20018, '陈冠希');
INSERT INTO `actor` VALUES (20018, '余文乐');
INSERT INTO `actor` VALUES (20018, '萧亚轩');
INSERT INTO `actor` VALUES (20018, '林家栋');
INSERT INTO `actor` VALUES (20018, '吴廷烨');
INSERT INTO `actor` VALUES (20018, '林迪安');
INSERT INTO `actor` VALUES (20018, '尹志强');
INSERT INTO `actor` VALUES (20018, '许金峰');
INSERT INTO `actor` VALUES (20018, '何华超');
INSERT INTO `actor` VALUES (20018, '利沙华');
INSERT INTO `actor` VALUES (20018, '区轩玮');
INSERT INTO `actor` VALUES (20018, '李天翔');
INSERT INTO `actor` VALUES (20018, '黄燕强');
INSERT INTO `actor` VALUES (20018, '姚文基');
INSERT INTO `actor` VALUES (20018, '余世腾');
INSERT INTO `actor` VALUES (20018, '苏伟南');
INSERT INTO `actor` VALUES (20018, '黎志伟');
INSERT INTO `actor` VALUES (20018, '梁皓楷');
INSERT INTO `actor` VALUES (20018, '张旭燊');
INSERT INTO `actor` VALUES (20018, '袁伟豪');
INSERT INTO `actor` VALUES (20018, '杜汶泽');
INSERT INTO `actor` VALUES (20019, '泰隆·鲍华');
INSERT INTO `actor` VALUES (20019, '玛琳·黛德丽');
INSERT INTO `actor` VALUES (20019, '查尔斯·劳顿');
INSERT INTO `actor` VALUES (20019, '埃尔莎·兰彻斯特');
INSERT INTO `actor` VALUES (20019, '约翰·威廉姆斯');
INSERT INTO `actor` VALUES (20019, '亨利·丹尼尔');
INSERT INTO `actor` VALUES (20019, '伊安·沃尔夫');
INSERT INTO `actor` VALUES (20019, '托林·撒切尔');
INSERT INTO `actor` VALUES (20019, '诺玛·威登');
INSERT INTO `actor` VALUES (20019, '尤娜·奥康纳');
INSERT INTO `actor` VALUES (20019, '茹塔·李');
INSERT INTO `actor` VALUES (20020, '周星驰');
INSERT INTO `actor` VALUES (20020, '吴孟达');
INSERT INTO `actor` VALUES (20020, '朱茵');
INSERT INTO `actor` VALUES (20020, '蔡少芬');
INSERT INTO `actor` VALUES (20020, '蓝洁瑛');
INSERT INTO `actor` VALUES (20020, '莫文蔚');
INSERT INTO `actor` VALUES (20020, '罗家英');
INSERT INTO `actor` VALUES (20020, '刘镇伟');
INSERT INTO `actor` VALUES (20020, '陆树铭');
INSERT INTO `actor` VALUES (20020, '李健仁');
INSERT INTO `actor` VALUES (20021, '孔刘');
INSERT INTO `actor` VALUES (20021, '郑有美');
INSERT INTO `actor` VALUES (20021, '金贤秀');
INSERT INTO `actor` VALUES (20021, '郑仁絮');
INSERT INTO `actor` VALUES (20021, '白承焕');
INSERT INTO `actor` VALUES (20021, '张光');
INSERT INTO `actor` VALUES (20021, '金民尚');
INSERT INTO `actor` VALUES (20021, '林贤成');
INSERT INTO `actor` VALUES (20021, '金周灵');
INSERT INTO `actor` VALUES (20021, '严孝燮');
INSERT INTO `actor` VALUES (20021, '全国焕');
INSERT INTO `actor` VALUES (20021, '崔镇浩');
INSERT INTO `actor` VALUES (20021, '金志映');
INSERT INTO `actor` VALUES (20021, '严智星');
INSERT INTO `actor` VALUES (20021, '许在浩');
INSERT INTO `actor` VALUES (20021, '张素妍');
INSERT INTO `actor` VALUES (20022, '马龙·白兰度');
INSERT INTO `actor` VALUES (20022, '阿尔·帕西诺');
INSERT INTO `actor` VALUES (20022, '詹姆斯·肯恩');
INSERT INTO `actor` VALUES (20022, '理查德·卡斯特尔诺');
INSERT INTO `actor` VALUES (20022, '罗伯特·杜瓦尔');
INSERT INTO `actor` VALUES (20022, '斯特林·海登');
INSERT INTO `actor` VALUES (20022, '约翰·马利');
INSERT INTO `actor` VALUES (20022, '理查德·康特');
INSERT INTO `actor` VALUES (20022, '艾尔·勒提埃里');
INSERT INTO `actor` VALUES (20022, '黛安·基顿');
INSERT INTO `actor` VALUES (20022, '阿贝·维高达');
INSERT INTO `actor` VALUES (20022, '塔莉娅·夏尔');
INSERT INTO `actor` VALUES (20022, '吉亚尼·罗素');
INSERT INTO `actor` VALUES (20022, '约翰·凯泽尔');
INSERT INTO `actor` VALUES (20022, '鲁迪·邦德');
INSERT INTO `actor` VALUES (20022, '兰尼·蒙大拿');
INSERT INTO `actor` VALUES (20023, '弗朗索瓦·克鲁塞');
INSERT INTO `actor` VALUES (20023, '奥玛·希');
INSERT INTO `actor` VALUES (20023, '安娜·勒尼');
INSERT INTO `actor` VALUES (20023, '奥德雷·弗勒罗');
INSERT INTO `actor` VALUES (20023, '约瑟芬娜·德·摩');
INSERT INTO `actor` VALUES (20023, '克洛蒂尔德·莫莱特');
INSERT INTO `actor` VALUES (20023, '阿尔芭·贝露琪');
INSERT INTO `actor` VALUES (20023, 'Cyril Mendy');
INSERT INTO `actor` VALUES (20023, '萨丽马特·卡马特');
INSERT INTO `actor` VALUES (20023, 'Absa Diatou Toure');
INSERT INTO `actor` VALUES (20023, 'Grégoire Oestermann');
INSERT INTO `actor` VALUES (20023, 'Dominique Daguier');
INSERT INTO `actor` VALUES (20023, 'François Caron');
INSERT INTO `actor` VALUES (20023, 'Christian Ameri');
INSERT INTO `actor` VALUES (20023, '托马·索利韦尔');
INSERT INTO `actor` VALUES (20024, '威尔·史密斯');
INSERT INTO `actor` VALUES (20024, '贾登·史密斯');
INSERT INTO `actor` VALUES (20024, '坦迪·牛顿');
INSERT INTO `actor` VALUES (20024, '布莱恩·豪威 ');
INSERT INTO `actor` VALUES (20024, '詹姆斯·凯伦');
INSERT INTO `actor` VALUES (20024, '丹·卡斯泰兰尼塔');
INSERT INTO `actor` VALUES (20024, '柯特·富勒');
INSERT INTO `actor` VALUES (20024, '塔卡尤·费舍尔');
INSERT INTO `actor` VALUES (20024, '凯文·韦斯特');
INSERT INTO `actor` VALUES (20024, '乔治·张');
INSERT INTO `actor` VALUES (20024, '戴维·迈克尔·西尔弗曼');
INSERT INTO `actor` VALUES (20024, '多米尼克·博夫');
INSERT INTO `actor` VALUES (20024, '杰弗·卡伦');
INSERT INTO `actor` VALUES (20024, '乔伊芙·拉文');
INSERT INTO `actor` VALUES (20024, '斯科特·克拉斯');
INSERT INTO `actor` VALUES (20025, '安东尼·冈萨雷斯');
INSERT INTO `actor` VALUES (20025, '盖尔·加西亚·贝纳尔');
INSERT INTO `actor` VALUES (20025, '本杰明·布拉特');
INSERT INTO `actor` VALUES (20025, '阿兰娜·乌巴赫');
INSERT INTO `actor` VALUES (20025, '芮妮·维克托');
INSERT INTO `actor` VALUES (20025, '杰米·卡米尔');
INSERT INTO `actor` VALUES (20025, '阿方索·阿雷奥');
INSERT INTO `actor` VALUES (20025, '赫伯特·西古恩萨');
INSERT INTO `actor` VALUES (20025, '加布里埃尔·伊格莱西亚斯');
INSERT INTO `actor` VALUES (20025, '隆巴多·博伊尔');
INSERT INTO `actor` VALUES (20025, '安娜·奥菲丽亚·莫吉亚');
INSERT INTO `actor` VALUES (20025, '娜塔丽·科尔多瓦');
INSERT INTO `actor` VALUES (20025, '赛琳娜·露娜');
INSERT INTO `actor` VALUES (20025, '爱德华·詹姆斯·奥莫斯');
INSERT INTO `actor` VALUES (20025, '索菲亚·伊斯皮诺萨');
INSERT INTO `actor` VALUES (20025, '卡拉·梅迪纳');
INSERT INTO `actor` VALUES (20025, '黛娅娜·欧特里');
INSERT INTO `actor` VALUES (20025, '路易斯·瓦尔德斯');
INSERT INTO `actor` VALUES (20025, '布兰卡·阿拉切利');
INSERT INTO `actor` VALUES (20025, '萨尔瓦多·雷耶斯');
INSERT INTO `actor` VALUES (20025, '切奇·马林');
INSERT INTO `actor` VALUES (20025, '奥克塔维·索利斯');
INSERT INTO `actor` VALUES (20025, '约翰·拉森贝格');
INSERT INTO `actor` VALUES (20026, '尊龙');
INSERT INTO `actor` VALUES (20026, '陈冲');
INSERT INTO `actor` VALUES (20026, '邬君梅');
INSERT INTO `actor` VALUES (20026, '彼得·奥图尔');
INSERT INTO `actor` VALUES (20026, '英若诚');
INSERT INTO `actor` VALUES (20026, '吴涛');
INSERT INTO `actor` VALUES (20026, '黄自强');
INSERT INTO `actor` VALUES (20026, '丹尼斯·邓');
INSERT INTO `actor` VALUES (20026, '坂本龙一');
INSERT INTO `actor` VALUES (20026, '马吉·汉');
INSERT INTO `actor` VALUES (20026, '里克·扬');
INSERT INTO `actor` VALUES (20026, '田川洋行');
INSERT INTO `actor` VALUES (20026, '苟杰德');
INSERT INTO `actor` VALUES (20026, '理查德·吴');
INSERT INTO `actor` VALUES (20026, '皱缇格');
INSERT INTO `actor` VALUES (20026, '陈凯歌');
INSERT INTO `actor` VALUES (20026, '卢燕');
INSERT INTO `actor` VALUES (20026, '区亨利');
INSERT INTO `actor` VALUES (20026, '陈述');
INSERT INTO `actor` VALUES (20026, '鲍皓昕');
INSERT INTO `actor` VALUES (20026, '黄文捷');
INSERT INTO `actor` VALUES (20026, '邵茹贞');
INSERT INTO `actor` VALUES (20026, '亨利·基');
INSERT INTO `actor` VALUES (20026, '张良斌');
INSERT INTO `actor` VALUES (20026, '梁冬');
INSERT INTO `actor` VALUES (20026, '康斯坦丁·格雷戈里');
INSERT INTO `actor` VALUES (20026, '黄汉琪');
INSERT INTO `actor` VALUES (20026, '王涛');
INSERT INTO `actor` VALUES (20026, '宋怀桂');
INSERT INTO `actor` VALUES (20026, '蔡鸿翔');
INSERT INTO `actor` VALUES (20026, '程淑艳');
INSERT INTO `actor` VALUES (20026, '张天民');
INSERT INTO `actor` VALUES (20027, '日高范子');
INSERT INTO `actor` VALUES (20027, '坂本千夏');
INSERT INTO `actor` VALUES (20027, '糸井重里');
INSERT INTO `actor` VALUES (20027, '岛本须美');
INSERT INTO `actor` VALUES (20027, '北林谷荣');
INSERT INTO `actor` VALUES (20027, '高木均');
INSERT INTO `actor` VALUES (20027, '雨笠利幸');
INSERT INTO `actor` VALUES (20027, '丸山裕子');
INSERT INTO `actor` VALUES (20027, '广濑正志');
INSERT INTO `actor` VALUES (20027, '鹫尾真知子');
INSERT INTO `actor` VALUES (20027, '铃木玲子');
INSERT INTO `actor` VALUES (20027, '千叶繁');
INSERT INTO `actor` VALUES (20027, '龙田直树');
INSERT INTO `actor` VALUES (20027, '鳕子');
INSERT INTO `actor` VALUES (20027, '西村朋纮');
INSERT INTO `actor` VALUES (20027, '石田光子');
INSERT INTO `actor` VALUES (20027, '神代知衣');
INSERT INTO `actor` VALUES (20027, '中村大树');
INSERT INTO `actor` VALUES (20027, '水谷优子');
INSERT INTO `actor` VALUES (20027, '平松晶子');
INSERT INTO `actor` VALUES (20027, '大谷育江');
INSERT INTO `actor` VALUES (20028, '玛德琳·卡罗尔');
INSERT INTO `actor` VALUES (20028, '卡兰·麦克奥利菲');
INSERT INTO `actor` VALUES (20028, '瑞贝卡·德·莫妮');
INSERT INTO `actor` VALUES (20028, '安东尼·爱德华兹');
INSERT INTO `actor` VALUES (20028, '约翰·马奥尼');
INSERT INTO `actor` VALUES (20028, '佩内洛普·安·米勒');
INSERT INTO `actor` VALUES (20028, '艾丹·奎因');
INSERT INTO `actor` VALUES (20028, '凯文·韦斯曼');
INSERT INTO `actor` VALUES (20028, '摩根·莉莉');
INSERT INTO `actor` VALUES (20028, '瑞安·克茨纳');
INSERT INTO `actor` VALUES (20028, '吉莉安·普法夫');
INSERT INTO `actor` VALUES (20028, '迈克尔·博萨');
INSERT INTO `actor` VALUES (20028, '博·勒纳');
INSERT INTO `actor` VALUES (20028, '杰奎琳·埃沃拉');
INSERT INTO `actor` VALUES (20028, '泰勒·格鲁秀斯');
INSERT INTO `actor` VALUES (20028, '艾莉·布莱恩特');
INSERT INTO `actor` VALUES (20028, '阿什莉·泰勒');
INSERT INTO `actor` VALUES (20028, '伊瑟尔·布罗萨德');
INSERT INTO `actor` VALUES (20028, '科迪·霍恩');
INSERT INTO `actor` VALUES (20028, '迈克尔·博尔顿');
INSERT INTO `actor` VALUES (20028, '肖恩·哈珀');
INSERT INTO `actor` VALUES (20028, '斯戴芬妮·斯考特');
INSERT INTO `actor` VALUES (20028, '帕特丽夏·伦茨');
INSERT INTO `actor` VALUES (20028, '马修·戈尔德');
INSERT INTO `actor` VALUES (20028, '阿罗拉·凯瑟琳·史密斯');
INSERT INTO `actor` VALUES (20028, '凯莉·唐纳利');
INSERT INTO `actor` VALUES (20028, '索菲亚·撒高');
INSERT INTO `actor` VALUES (20028, '米歇尔·梅斯默');
INSERT INTO `actor` VALUES (20028, '斯科特·乔尔·吉兹基');
INSERT INTO `actor` VALUES (20028, '罗德·迈尔斯');
INSERT INTO `actor` VALUES (20028, '卡拉 帕西托');
INSERT INTO `actor` VALUES (20028, '凯特琳·帕西托');
INSERT INTO `actor` VALUES (20029, '葛优');
INSERT INTO `actor` VALUES (20029, '巩俐');
INSERT INTO `actor` VALUES (20029, '姜武');
INSERT INTO `actor` VALUES (20029, '牛犇');
INSERT INTO `actor` VALUES (20029, '郭涛');
INSERT INTO `actor` VALUES (20029, '张璐');
INSERT INTO `actor` VALUES (20029, '倪大红');
INSERT INTO `actor` VALUES (20029, '肖聪');
INSERT INTO `actor` VALUES (20029, '董飞');
INSERT INTO `actor` VALUES (20029, '刘天池');
INSERT INTO `actor` VALUES (20029, '董立范');
INSERT INTO `actor` VALUES (20029, '黄宗洛');
INSERT INTO `actor` VALUES (20029, '刘燕瑾');
INSERT INTO `actor` VALUES (20029, '李连义');
INSERT INTO `actor` VALUES (20029, '杨同顺');
INSERT INTO `actor` VALUES (20030, '丹尼尔·雷德克里夫');
INSERT INTO `actor` VALUES (20030, '艾玛·沃森');
INSERT INTO `actor` VALUES (20030, '鲁伯特·格林特');
INSERT INTO `actor` VALUES (20030, '艾伦·瑞克曼');
INSERT INTO `actor` VALUES (20030, '玛吉·史密斯');
INSERT INTO `actor` VALUES (20030, '汤姆·费尔顿');
INSERT INTO `actor` VALUES (20030, '伊恩·哈特');
INSERT INTO `actor` VALUES (20030, '理查德·哈里斯');
INSERT INTO `actor` VALUES (20030, '约翰·赫特');
INSERT INTO `actor` VALUES (20030, '罗彼·考特拉尼');
INSERT INTO `actor` VALUES (20030, '朱丽·沃特斯');
INSERT INTO `actor` VALUES (20030, '邦妮·怀特');
INSERT INTO `actor` VALUES (20030, '约翰·克里斯');
INSERT INTO `actor` VALUES (20030, '肖恩·比格斯代夫');
INSERT INTO `actor` VALUES (20031, '克里斯蒂安·贝尔');
INSERT INTO `actor` VALUES (20031, '希斯·莱杰');
INSERT INTO `actor` VALUES (20031, '艾伦·艾克哈特');
INSERT INTO `actor` VALUES (20031, '迈克尔·凯恩');
INSERT INTO `actor` VALUES (20031, '玛吉·吉伦哈尔');
INSERT INTO `actor` VALUES (20031, '加里·奥德曼');
INSERT INTO `actor` VALUES (20031, '摩根·弗里曼');
INSERT INTO `actor` VALUES (20031, '莫尼克·加布里埃拉·库尔内');
INSERT INTO `actor` VALUES (20031, '罗恩·迪恩');
INSERT INTO `actor` VALUES (20031, '基里安·墨菲');
INSERT INTO `actor` VALUES (20031, '黄经汉');
INSERT INTO `actor` VALUES (20031, '内斯特·卡博内尔');
INSERT INTO `actor` VALUES (20031, '埃里克·罗伯茨');
INSERT INTO `actor` VALUES (20031, '里特奇·科斯特');
INSERT INTO `actor` VALUES (20031, '安东尼·迈克尔·豪尔');
INSERT INTO `actor` VALUES (20031, '基斯·斯扎拉巴基克');
INSERT INTO `actor` VALUES (20031, '柯林·麦克法兰');
INSERT INTO `actor` VALUES (20031, '约书亚·哈尔托');
INSERT INTO `actor` VALUES (20031, '美琳达·麦格劳');
INSERT INTO `actor` VALUES (20031, '内森·甘宝');
INSERT INTO `actor` VALUES (20031, '迈克尔·维约');
INSERT INTO `actor` VALUES (20031, '迈克尔·斯托扬诺夫');
INSERT INTO `actor` VALUES (20031, '威廉·斯米利');
INSERT INTO `actor` VALUES (20031, '丹尼·高德林');
INSERT INTO `actor` VALUES (20031, '迈克尔·加·怀特');
INSERT INTO `actor` VALUES (20031, '马修·奥尼尔');
INSERT INTO `actor` VALUES (20031, '威廉·菲克纳');
INSERT INTO `actor` VALUES (20031, '欧鲁米基·欧拉乌米');
INSERT INTO `actor` VALUES (20031, '格雷格·比姆');
INSERT INTO `actor` VALUES (20031, '爱利克·赫尔曼');
INSERT INTO `actor` VALUES (20031, '毕崔斯·罗森');
INSERT INTO `actor` VALUES (20031, '文森佐·尼克力');
INSERT INTO `actor` VALUES (20031, '陈冠希');
INSERT INTO `actor` VALUES (20032, '伊利亚·伍德');
INSERT INTO `actor` VALUES (20032, '西恩·奥斯汀');
INSERT INTO `actor` VALUES (20032, '维果·莫腾森');
INSERT INTO `actor` VALUES (20032, '奥兰多·布鲁姆');
INSERT INTO `actor` VALUES (20032, '伊恩·麦克莱恩');
INSERT INTO `actor` VALUES (20032, '肖恩·宾');
INSERT INTO `actor` VALUES (20032, '多米尼克·莫纳汉');
INSERT INTO `actor` VALUES (20032, '丽芙·泰勒');
INSERT INTO `actor` VALUES (20032, '约翰·贝西');
INSERT INTO `actor` VALUES (20032, '凯特·布兰切特');
INSERT INTO `actor` VALUES (20032, '比利·博伊德');
INSERT INTO `actor` VALUES (20032, '萨德文·布罗菲');
INSERT INTO `actor` VALUES (20032, '阿利斯泰尔·布朗宁');
INSERT INTO `actor` VALUES (20032, '马尔顿·索克斯');
INSERT INTO `actor` VALUES (20032, '伯纳德·希尔');
INSERT INTO `actor` VALUES (20032, '伊安·霍姆');
INSERT INTO `actor` VALUES (20032, '布鲁斯·霍普金斯');
INSERT INTO `actor` VALUES (20032, '伊恩·休斯');
INSERT INTO `actor` VALUES (20032, '劳伦斯·马克奥雷');
INSERT INTO `actor` VALUES (20032, '诺埃尔·阿普利比');
INSERT INTO `actor` VALUES (20032, '布雷特·麦肯齐');
INSERT INTO `actor` VALUES (20032, 'Alexandra Astin');
INSERT INTO `actor` VALUES (20032, 'Sarah McLeod');
INSERT INTO `actor` VALUES (20032, 'Maisy McLeod-Riera');
INSERT INTO `actor` VALUES (20032, '约翰·诺贝尔');
INSERT INTO `actor` VALUES (20032, 'Paul Norell');
INSERT INTO `actor` VALUES (20032, '米兰达·奥图');
INSERT INTO `actor` VALUES (20032, '布鲁斯·菲利普斯');
INSERT INTO `actor` VALUES (20032, '沙恩·朗吉');
INSERT INTO `actor` VALUES (20032, '约翰·瑞斯-戴维斯');
INSERT INTO `actor` VALUES (20032, '托德·里彭');
INSERT INTO `actor` VALUES (20032, '安迪·瑟金斯');
INSERT INTO `actor` VALUES (20032, 'Harry Sinclair');
INSERT INTO `actor` VALUES (20032, '乔尔·托贝克');
INSERT INTO `actor` VALUES (20032, '卡尔·厄本');
INSERT INTO `actor` VALUES (20032, '史蒂芬·乌瑞');
INSERT INTO `actor` VALUES (20032, '雨果·维文');
INSERT INTO `actor` VALUES (20032, '大卫·文翰');
INSERT INTO `actor` VALUES (20032, '阿兰·霍华德');
INSERT INTO `actor` VALUES (20032, '萨拉·贝克');
INSERT INTO `actor` VALUES (20032, 'Robert Pollock');
INSERT INTO `actor` VALUES (20032, '佩特·史密斯');
INSERT INTO `actor` VALUES (20032, '杰德·布罗菲');
INSERT INTO `actor` VALUES (20032, '菲利普·格里夫');
INSERT INTO `actor` VALUES (20032, '布拉德·道里夫');
INSERT INTO `actor` VALUES (20032, '克里斯托弗·李');
INSERT INTO `actor` VALUES (20032, '布鲁斯·斯宾斯');
INSERT INTO `actor` VALUES (20032, '吉诺·阿赛维多');
INSERT INTO `actor` VALUES (20032, 'Jarl Benzon');
INSERT INTO `actor` VALUES (20032, 'Jørn Benzon');
INSERT INTO `actor` VALUES (20032, 'Robert Catto');
INSERT INTO `actor` VALUES (20032, 'Michael Elsworth');
INSERT INTO `actor` VALUES (20032, '彼得·杰克逊');
INSERT INTO `actor` VALUES (20032, 'Sandro Kopp');
INSERT INTO `actor` VALUES (20032, '安德鲁·莱斯尼');
INSERT INTO `actor` VALUES (20032, '约瑟夫·米卡-亨特');
INSERT INTO `actor` VALUES (20032, '亨利·莫腾森');
INSERT INTO `actor` VALUES (20032, '克雷格·帕克');
INSERT INTO `actor` VALUES (20032, '克里斯蒂安·瑞沃斯');
INSERT INTO `actor` VALUES (20032, '迈克尔·斯曼内科 ');
INSERT INTO `actor` VALUES (20032, '霍华德·肖');
INSERT INTO `actor` VALUES (20032, '约翰·斯蒂芬森');
INSERT INTO `actor` VALUES (20032, '理查德·泰勒');
INSERT INTO `actor` VALUES (20033, '徐峥');
INSERT INTO `actor` VALUES (20033, '王传君');
INSERT INTO `actor` VALUES (20033, '周一围');
INSERT INTO `actor` VALUES (20033, '谭卓');
INSERT INTO `actor` VALUES (20033, '章宇');
INSERT INTO `actor` VALUES (20033, '杨新鸣');
INSERT INTO `actor` VALUES (20033, '王佳佳');
INSERT INTO `actor` VALUES (20033, '王砚辉');
INSERT INTO `actor` VALUES (20033, '贾弘逍');
INSERT INTO `actor` VALUES (20033, '龚蓓苾');
INSERT INTO `actor` VALUES (20033, '宁浩');
INSERT INTO `actor` VALUES (20033, '李乃文');
INSERT INTO `actor` VALUES (20033, '岳小军');
INSERT INTO `actor` VALUES (20033, '苇青');
INSERT INTO `actor` VALUES (20033, '富冠铭');
INSERT INTO `actor` VALUES (20033, '巴拉特·巴蒂');
INSERT INTO `actor` VALUES (20033, '喜利图');
INSERT INTO `actor` VALUES (20033, '张海艳');
INSERT INTO `actor` VALUES (20033, '朱耕佑');
INSERT INTO `actor` VALUES (20034, '费雯·丽');
INSERT INTO `actor` VALUES (20034, '克拉克·盖博');
INSERT INTO `actor` VALUES (20034, '奥利维娅·德哈维兰');
INSERT INTO `actor` VALUES (20034, '托马斯·米切尔');
INSERT INTO `actor` VALUES (20034, '芭芭拉·欧内尔');
INSERT INTO `actor` VALUES (20034, '伊夫林·凯耶斯');
INSERT INTO `actor` VALUES (20034, '安·卢瑟福德');
INSERT INTO `actor` VALUES (20034, '乔治·里弗斯');
INSERT INTO `actor` VALUES (20034, '弗莱德·克莱恩');
INSERT INTO `actor` VALUES (20034, '海蒂·麦克丹尼尔斯');
INSERT INTO `actor` VALUES (20034, '奥斯卡·波尔克');
INSERT INTO `actor` VALUES (20034, '巴特弗莱·麦昆');
INSERT INTO `actor` VALUES (20034, '维克托·乔里');
INSERT INTO `actor` VALUES (20034, '埃弗雷特·布朗');
INSERT INTO `actor` VALUES (20034, '霍华德·C·希克曼');
INSERT INTO `actor` VALUES (20034, '艾丽西亚·瑞特');
INSERT INTO `actor` VALUES (20034, '莱斯利·霍华德');
INSERT INTO `actor` VALUES (20034, '兰德·布鲁克斯');
INSERT INTO `actor` VALUES (20034, '卡洛尔·奈');
INSERT INTO `actor` VALUES (20034, '劳拉·霍普·克鲁斯');
INSERT INTO `actor` VALUES (20034, '埃迪·安德森');
INSERT INTO `actor` VALUES (20034, '哈里·达文波特');
INSERT INTO `actor` VALUES (20034, '利昂娜·罗伯特');
INSERT INTO `actor` VALUES (20034, '简·达威尔');
INSERT INTO `actor` VALUES (20034, '欧娜·满森');
INSERT INTO `actor` VALUES (20034, '保罗·赫斯特');
INSERT INTO `actor` VALUES (20034, '伊莎贝尔·朱尔');
INSERT INTO `actor` VALUES (20034, '卡米·金·肯伦');
INSERT INTO `actor` VALUES (20034, '艾瑞克·林登');
INSERT INTO `actor` VALUES (20034, 'J·M·克里根');
INSERT INTO `actor` VALUES (20034, '沃德·邦德');
INSERT INTO `actor` VALUES (20034, '莉莲·肯布尔-库珀');
INSERT INTO `actor` VALUES (20035, '爱德华·阿斯纳');
INSERT INTO `actor` VALUES (20035, '克里斯托弗·普卢默');
INSERT INTO `actor` VALUES (20035, '乔丹·长井');
INSERT INTO `actor` VALUES (20035, '鲍勃·彼德森');
INSERT INTO `actor` VALUES (20035, '德尔罗伊·林多');
INSERT INTO `actor` VALUES (20035, '杰罗姆·兰福特');
INSERT INTO `actor` VALUES (20035, '约翰·拉森贝格');
INSERT INTO `actor` VALUES (20035, '大卫·卡耶');
INSERT INTO `actor` VALUES (20035, '艾丽·道克特');
INSERT INTO `actor` VALUES (20035, '杰里米·利里');
INSERT INTO `actor` VALUES (20035, '米凯·麦高万');
INSERT INTO `actor` VALUES (20035, '丹尼·曼恩');
INSERT INTO `actor` VALUES (20035, '唐纳德·富利洛夫');
INSERT INTO `actor` VALUES (20035, '杰斯·哈梅尔');
INSERT INTO `actor` VALUES (20035, '乔什·库雷');
INSERT INTO `actor` VALUES (20035, '彼特·道格特');
INSERT INTO `actor` VALUES (20036, '薛景求');
INSERT INTO `actor` VALUES (20036, '严志媛');
INSERT INTO `actor` VALUES (20036, '李来');
INSERT INTO `actor` VALUES (20036, '金海淑');
INSERT INTO `actor` VALUES (20036, '金相镐');
INSERT INTO `actor` VALUES (20036, '罗美兰');
INSERT INTO `actor` VALUES (20036, '杨真诚');
INSERT INTO `actor` VALUES (20036, '权泰元');
INSERT INTO `actor` VALUES (20037, '亨利·方达');
INSERT INTO `actor` VALUES (20037, '马丁·鲍尔萨姆');
INSERT INTO `actor` VALUES (20037, '约翰·菲德勒');
INSERT INTO `actor` VALUES (20037, '李·科布');
INSERT INTO `actor` VALUES (20037, 'E.G.马绍尔');
INSERT INTO `actor` VALUES (20037, '杰克·克卢格曼');
INSERT INTO `actor` VALUES (20037, '爱德华·宾斯');
INSERT INTO `actor` VALUES (20037, '杰克·瓦尔登');
INSERT INTO `actor` VALUES (20037, '约瑟夫·史威尼');
INSERT INTO `actor` VALUES (20037, '埃德·贝格利');
INSERT INTO `actor` VALUES (20037, '乔治·沃斯科维奇');
INSERT INTO `actor` VALUES (20037, '罗伯特·韦伯');
INSERT INTO `actor` VALUES (20038, '倍赏千惠子');
INSERT INTO `actor` VALUES (20038, '木村拓哉');
INSERT INTO `actor` VALUES (20038, '美轮明宏');
INSERT INTO `actor` VALUES (20038, '我修院达也');
INSERT INTO `actor` VALUES (20038, '神木隆之介');
INSERT INTO `actor` VALUES (20038, '伊崎充则');
INSERT INTO `actor` VALUES (20038, '大泉洋');
INSERT INTO `actor` VALUES (20038, '大塚明夫');
INSERT INTO `actor` VALUES (20038, '原田大二郎');
INSERT INTO `actor` VALUES (20038, '加藤治子');
INSERT INTO `actor` VALUES (20038, '都筑香弥子');
INSERT INTO `actor` VALUES (20039, '赞恩·阿尔·拉菲亚');
INSERT INTO `actor` VALUES (20039, '约丹诺斯·希费罗');
INSERT INTO `actor` VALUES (20039, '博鲁瓦蒂夫·特雷杰·班科尔');
INSERT INTO `actor` VALUES (20039, '卡萨尔·艾尔·哈达德');
INSERT INTO `actor` VALUES (20039, '法迪·尤瑟夫');
INSERT INTO `actor` VALUES (20039, '海塔·塞德拉·伊扎姆');
INSERT INTO `actor` VALUES (20039, '阿拉·乔什涅');
INSERT INTO `actor` VALUES (20039, '娜丁·拉巴基');
INSERT INTO `actor` VALUES (20039, '埃利亚斯·库利');
INSERT INTO `actor` VALUES (20039, '努尔·艾尔·侯赛尼');
INSERT INTO `actor` VALUES (20040, '姜文');
INSERT INTO `actor` VALUES (20040, '葛优');
INSERT INTO `actor` VALUES (20040, '周润发');
INSERT INTO `actor` VALUES (20040, '刘嘉玲');
INSERT INTO `actor` VALUES (20040, '陈坤');
INSERT INTO `actor` VALUES (20040, '张默');
INSERT INTO `actor` VALUES (20040, '姜武');
INSERT INTO `actor` VALUES (20040, '周韵');
INSERT INTO `actor` VALUES (20040, '廖凡');
INSERT INTO `actor` VALUES (20040, '姚橹');
INSERT INTO `actor` VALUES (20040, '邵兵');
INSERT INTO `actor` VALUES (20040, '苗圃');
INSERT INTO `actor` VALUES (20040, '冯小刚');
INSERT INTO `actor` VALUES (20040, '胡军');
INSERT INTO `actor` VALUES (20040, '马珂');
INSERT INTO `actor` VALUES (20040, '白冰');
INSERT INTO `actor` VALUES (20040, '杜奕衡');
INSERT INTO `actor` VALUES (20040, '李静');
INSERT INTO `actor` VALUES (20040, '胡明');
INSERT INTO `actor` VALUES (20040, '危笑');
INSERT INTO `actor` VALUES (20040, '杨奇雨');
INSERT INTO `actor` VALUES (20040, '赵铭');
INSERT INTO `actor` VALUES (20041, '阿米尔·汗');
INSERT INTO `actor` VALUES (20041, '法缇玛·萨那·纱卡');
INSERT INTO `actor` VALUES (20041, '桑亚·玛荷塔');
INSERT INTO `actor` VALUES (20041, '阿帕尔夏克提·库拉那');
INSERT INTO `actor` VALUES (20041, '沙克希·坦沃');
INSERT INTO `actor` VALUES (20041, '塞伊拉·沃西');
INSERT INTO `actor` VALUES (20041, '苏哈妮·巴特纳格尔');
INSERT INTO `actor` VALUES (20041, '里特维克·萨霍里');
INSERT INTO `actor` VALUES (20041, '吉里什·库卡尼');
INSERT INTO `actor` VALUES (20042, '莱昂纳多·迪卡普里奥');
INSERT INTO `actor` VALUES (20042, '汤姆·汉克斯');
INSERT INTO `actor` VALUES (20042, '克里斯托弗·沃肯');
INSERT INTO `actor` VALUES (20042, '马丁·辛');
INSERT INTO `actor` VALUES (20042, '艾米·亚当斯');
INSERT INTO `actor` VALUES (20042, '詹妮弗·加纳');
INSERT INTO `actor` VALUES (20042, '伊丽莎白·班克斯');
INSERT INTO `actor` VALUES (20042, '纳塔莉·贝伊');
INSERT INTO `actor` VALUES (20042, '詹姆斯·布洛林');
INSERT INTO `actor` VALUES (20042, '艾伦·旁派');
INSERT INTO `actor` VALUES (20042, '南希·利内翰');
INSERT INTO `actor` VALUES (20042, '布莱恩·豪威 ');
INSERT INTO `actor` VALUES (20042, '弗兰克·约翰·休斯');
INSERT INTO `actor` VALUES (20042, '克里斯·埃里斯');
INSERT INTO `actor` VALUES (20043, '田中真弓');
INSERT INTO `actor` VALUES (20043, '横泽启子');
INSERT INTO `actor` VALUES (20043, '初井言荣');
INSERT INTO `actor` VALUES (20043, '寺田农');
INSERT INTO `actor` VALUES (20043, '常田富士男');
INSERT INTO `actor` VALUES (20043, '永井一郎');
INSERT INTO `actor` VALUES (20043, '糸博');
INSERT INTO `actor` VALUES (20043, '鹫尾真知子');
INSERT INTO `actor` VALUES (20043, '神山卓三');
INSERT INTO `actor` VALUES (20043, '安原义人');
INSERT INTO `actor` VALUES (20043, '槐柳二');
INSERT INTO `actor` VALUES (20043, '鳕子');
INSERT INTO `actor` VALUES (20044, '姜文');
INSERT INTO `actor` VALUES (20044, '香川照之');
INSERT INTO `actor` VALUES (20044, '袁丁');
INSERT INTO `actor` VALUES (20044, '姜宏波');
INSERT INTO `actor` VALUES (20044, '丛志军');
INSERT INTO `actor` VALUES (20044, '李丛喜');
INSERT INTO `actor` VALUES (20044, '泽田谦也');
INSERT INTO `actor` VALUES (20044, '李海滨');
INSERT INTO `actor` VALUES (20044, '蔡卫东');
INSERT INTO `actor` VALUES (20044, '陈述');
INSERT INTO `actor` VALUES (20044, '陈莲梅');
INSERT INTO `actor` VALUES (20044, '史建全');
INSERT INTO `actor` VALUES (20044, '陈强');
INSERT INTO `actor` VALUES (20044, '宫路佳具');
INSERT INTO `actor` VALUES (20044, '吴大维');
INSERT INTO `actor` VALUES (20044, '梶冈润一');
INSERT INTO `actor` VALUES (20044, '石山雄大');
INSERT INTO `actor` VALUES (20044, '述平');
INSERT INTO `actor` VALUES (20044, '姜武');
INSERT INTO `actor` VALUES (20045, '阿努克·斯特芬');
INSERT INTO `actor` VALUES (20045, '布鲁诺·冈茨');
INSERT INTO `actor` VALUES (20045, '昆林·艾格匹');
INSERT INTO `actor` VALUES (20045, '安娜·申茨');
INSERT INTO `actor` VALUES (20045, '伊莎贝尔·奥特曼');
INSERT INTO `actor` VALUES (20045, '莉莲·奈福');
INSERT INTO `actor` VALUES (20045, '彼得·杰克林');
INSERT INTO `actor` VALUES (20045, '克里斯托夫·高格勒');
INSERT INTO `actor` VALUES (20045, '丽贝卡·因德穆');
INSERT INTO `actor` VALUES (20045, '莫妮卡·古布瑟');
INSERT INTO `actor` VALUES (20045, '阿瑟·比勒');
INSERT INTO `actor` VALUES (20045, '玛丽埃塔·耶米');
INSERT INTO `actor` VALUES (20045, '彼得·洛迈尔');
INSERT INTO `actor` VALUES (20045, '卡塔琳娜·舒特勒');
INSERT INTO `actor` VALUES (20045, '杰拉·哈斯');
INSERT INTO `actor` VALUES (20045, '迈克尔·克兰茨');
INSERT INTO `actor` VALUES (20045, '劳拉·帕克');
INSERT INTO `actor` VALUES (20045, '马库斯·赫林');
INSERT INTO `actor` VALUES (20045, '马克西姆·梅米特');
INSERT INTO `actor` VALUES (20045, '汉娜洛蕾·赫格');
INSERT INTO `actor` VALUES (20046, '苏拉·沙玛');
INSERT INTO `actor` VALUES (20046, '伊尔凡·可汗');
INSERT INTO `actor` VALUES (20046, '拉菲·斯波');
INSERT INTO `actor` VALUES (20046, '阿迪勒·侯赛因');
INSERT INTO `actor` VALUES (20046, '塔布');
INSERT INTO `actor` VALUES (20046, '阿尤什·坦东');
INSERT INTO `actor` VALUES (20046, '加塔姆·贝鲁尔');
INSERT INTO `actor` VALUES (20046, '阿彦·汗');
INSERT INTO `actor` VALUES (20046, '穆德·阿巴斯·卡勒里');
INSERT INTO `actor` VALUES (20046, '维比什·希瓦库玛');
INSERT INTO `actor` VALUES (20046, '热拉尔·德帕迪约');
INSERT INTO `actor` VALUES (20046, '詹姆斯·斋藤');
INSERT INTO `actor` VALUES (20046, '俊·奈托');
INSERT INTO `actor` VALUES (20046, '安德里亚·迪·斯戴法诺');
INSERT INTO `actor` VALUES (20046, '沙拉万提·塞纳特');
INSERT INTO `actor` VALUES (20046, '王柏杰');
INSERT INTO `actor` VALUES (20046, '柯一正');
INSERT INTO `actor` VALUES (20046, '黄健玮');
INSERT INTO `actor` VALUES (20047, '阿德里安·布罗迪');
INSERT INTO `actor` VALUES (20047, '托马斯·克莱舒曼');
INSERT INTO `actor` VALUES (20047, '艾米莉娅·福克斯');
INSERT INTO `actor` VALUES (20047, '米哈乌·热布罗夫斯基');
INSERT INTO `actor` VALUES (20047, '埃德·斯托帕德');
INSERT INTO `actor` VALUES (20047, '穆琳·利普曼');
INSERT INTO `actor` VALUES (20047, '弗兰克·芬莱');
INSERT INTO `actor` VALUES (20047, '茱莉亚·蕾娜');
INSERT INTO `actor` VALUES (20047, '杰西卡·凯特·梅耶尔');
INSERT INTO `actor` VALUES (20047, '理查德·赖丁斯');
INSERT INTO `actor` VALUES (20048, '周星驰');
INSERT INTO `actor` VALUES (20048, '吴孟达');
INSERT INTO `actor` VALUES (20048, '罗家英');
INSERT INTO `actor` VALUES (20048, '蓝洁瑛');
INSERT INTO `actor` VALUES (20048, '莫文蔚');
INSERT INTO `actor` VALUES (20048, '江约诚');
INSERT INTO `actor` VALUES (20048, '陆树铭');
INSERT INTO `actor` VALUES (20048, '刘镇伟');
INSERT INTO `actor` VALUES (20048, '朱茵');
INSERT INTO `actor` VALUES (20048, '李健仁');
INSERT INTO `actor` VALUES (20048, '李宝龙');
INSERT INTO `actor` VALUES (20049, '伊利亚·伍德');
INSERT INTO `actor` VALUES (20049, '西恩·奥斯汀');
INSERT INTO `actor` VALUES (20049, '多米尼克·莫纳汉');
INSERT INTO `actor` VALUES (20049, '奥兰多·布鲁姆');
INSERT INTO `actor` VALUES (20049, '维果·莫腾森');
INSERT INTO `actor` VALUES (20049, '伊恩·麦克莱恩');
INSERT INTO `actor` VALUES (20049, '凯特·布兰切特');
INSERT INTO `actor` VALUES (20049, '比利·博伊德');
INSERT INTO `actor` VALUES (20049, '杰德·布罗菲');
INSERT INTO `actor` VALUES (20049, '丽芙·泰勒');
INSERT INTO `actor` VALUES (20049, '安迪·瑟金斯');
INSERT INTO `actor` VALUES (20049, '米兰达·奥图');
INSERT INTO `actor` VALUES (20049, '雨果·维文');
INSERT INTO `actor` VALUES (20049, '布拉德·道里夫');
INSERT INTO `actor` VALUES (20049, '卡卢姆·吉廷斯');
INSERT INTO `actor` VALUES (20049, '伯纳德·希尔');
INSERT INTO `actor` VALUES (20049, '布鲁斯·霍普金斯');
INSERT INTO `actor` VALUES (20049, '克里斯托弗·李');
INSERT INTO `actor` VALUES (20049, '纳撒尼尔·利斯');
INSERT INTO `actor` VALUES (20049, '罗宾·马尔科姆');
INSERT INTO `actor` VALUES (20049, '约翰·贝西');
INSERT INTO `actor` VALUES (20049, '萨拉·贝克');
INSERT INTO `actor` VALUES (20049, '克雷格·帕克');
INSERT INTO `actor` VALUES (20049, '布鲁斯·菲利普斯');
INSERT INTO `actor` VALUES (20049, 'Robert Pollock');
INSERT INTO `actor` VALUES (20049, '约翰·瑞斯-戴维斯');
INSERT INTO `actor` VALUES (20049, '奥利维亚·田內');
INSERT INTO `actor` VALUES (20049, '卡尔·厄本');
INSERT INTO `actor` VALUES (20049, '史蒂芬·乌瑞');
INSERT INTO `actor` VALUES (20049, '大卫·文翰');
INSERT INTO `actor` VALUES (20049, '菲利普·格里夫');
INSERT INTO `actor` VALUES (20049, '肖恩·宾');
INSERT INTO `actor` VALUES (20049, '约翰·诺贝尔');
INSERT INTO `actor` VALUES (20049, 'Jarl Benzon');
INSERT INTO `actor` VALUES (20049, 'Jørn Benzon');
INSERT INTO `actor` VALUES (20049, 'Ben Britton');
INSERT INTO `actor` VALUES (20049, '阿利斯泰尔·布朗宁');
INSERT INTO `actor` VALUES (20049, 'Sean Button');
INSERT INTO `actor` VALUES (20049, 'Robert Catto');
INSERT INTO `actor` VALUES (20049, '罗德尼·库克');
INSERT INTO `actor` VALUES (20049, '卡尔洛斯·德林克沃特');
INSERT INTO `actor` VALUES (20049, '西奥沙福瓦');
INSERT INTO `actor` VALUES (20049, '本·弗兰舍姆');
INSERT INTO `actor` VALUES (20049, 'Jonathan Harding');
INSERT INTO `actor` VALUES (20049, 'Lucas Hayward');
INSERT INTO `actor` VALUES (20049, '丹·汉纳');
INSERT INTO `actor` VALUES (20049, '保罗·霍姆斯');
INSERT INTO `actor` VALUES (20049, '杰森霍德');
INSERT INTO `actor` VALUES (20049, '彼得·杰克逊');
INSERT INTO `actor` VALUES (20049, 'Sam Kelly');
INSERT INTO `actor` VALUES (20049, 'Sandro Kopp');
INSERT INTO `actor` VALUES (20050, '阿尔·帕西诺');
INSERT INTO `actor` VALUES (20050, '克里斯·奥唐纳');
INSERT INTO `actor` VALUES (20050, '詹姆斯·瑞布霍恩');
INSERT INTO `actor` VALUES (20050, '加布里埃尔·安瓦尔');
INSERT INTO `actor` VALUES (20050, '菲利普·塞默·霍夫曼');
INSERT INTO `actor` VALUES (20050, '理查德·文彻');
INSERT INTO `actor` VALUES (20050, '布莱德利·惠特福德');
INSERT INTO `actor` VALUES (20050, '罗谢尔·奥利弗');
INSERT INTO `actor` VALUES (20050, 'Margaret Eginton');
INSERT INTO `actor` VALUES (20050, 'Tom Riis Farrell');
INSERT INTO `actor` VALUES (20050, 'Nicholas Sadler');
INSERT INTO `actor` VALUES (20050, '托德·路易斯');
INSERT INTO `actor` VALUES (20050, '马特·史密斯');
INSERT INTO `actor` VALUES (20050, '吉恩·坎菲尔德');
INSERT INTO `actor` VALUES (20050, '弗兰西丝·康罗伊');
INSERT INTO `actor` VALUES (20051, '罗宾·威廉姆斯');
INSERT INTO `actor` VALUES (20051, '罗伯特·肖恩·莱纳德');
INSERT INTO `actor` VALUES (20051, '伊桑·霍克');
INSERT INTO `actor` VALUES (20051, '乔西·查尔斯');
INSERT INTO `actor` VALUES (20051, '盖尔·汉森');
INSERT INTO `actor` VALUES (20051, '迪伦·库斯曼');
INSERT INTO `actor` VALUES (20051, '阿勒隆·鲁杰罗');
INSERT INTO `actor` VALUES (20051, '詹姆斯·沃特斯顿');
INSERT INTO `actor` VALUES (20051, '诺曼·劳埃德');
INSERT INTO `actor` VALUES (20051, '柯特伍德·史密斯');
INSERT INTO `actor` VALUES (20051, '卡拉·贝尔韦尔');
INSERT INTO `actor` VALUES (20051, '利昂·波纳尔');
INSERT INTO `actor` VALUES (20051, '乔治·马丁');
INSERT INTO `actor` VALUES (20051, '乔·奥菲耶里');
INSERT INTO `actor` VALUES (20051, '马特·凯里');
INSERT INTO `actor` VALUES (20051, '凯文·库尼');
INSERT INTO `actor` VALUES (20051, '拉腊·弗林·鲍尔');
INSERT INTO `actor` VALUES (20051, '亚历桑德拉·鲍尔斯');
INSERT INTO `actor` VALUES (20051, '梅洛拉·沃尔特斯');
INSERT INTO `actor` VALUES (20051, '帕梅拉·伯勒尔');
INSERT INTO `actor` VALUES (20051, '约翰·库宁汉姆');
INSERT INTO `actor` VALUES (20051, '迪布拉·穆尼');
INSERT INTO `actor` VALUES (20051, '库尔特·莱特纳');
INSERT INTO `actor` VALUES (20051, '凯瑟·斯内德');
INSERT INTO `actor` VALUES (20051, '霍纳斯·斯蒂克洛瑞斯');
INSERT INTO `actor` VALUES (20051, '杰米·肯尼迪');
INSERT INTO `actor` VALUES (20052, '维果·莫腾森');
INSERT INTO `actor` VALUES (20052, '马赫沙拉·阿里');
INSERT INTO `actor` VALUES (20052, '琳达·卡德里尼');
INSERT INTO `actor` VALUES (20052, '塞巴斯蒂安·马尼斯科');
INSERT INTO `actor` VALUES (20052, '迪米特·D·马里诺夫');
INSERT INTO `actor` VALUES (20052, '迈克·哈顿');
INSERT INTO `actor` VALUES (20052, 'P·J·伯恩');
INSERT INTO `actor` VALUES (20052, '乔·柯蒂斯');
INSERT INTO `actor` VALUES (20052, '玛姬·尼克松');
INSERT INTO `actor` VALUES (20052, '冯·刘易斯');
INSERT INTO `actor` VALUES (20052, '乔恩·索特兰');
INSERT INTO `actor` VALUES (20052, '唐·斯达克');
INSERT INTO `actor` VALUES (20052, '安东尼·曼加诺');
INSERT INTO `actor` VALUES (20052, '保罗·斯隆');
INSERT INTO `actor` VALUES (20052, '珍娜·劳伦索');
INSERT INTO `actor` VALUES (20052, '肯尼斯·以色列');
INSERT INTO `actor` VALUES (20052, '伊克博·塞巴');
INSERT INTO `actor` VALUES (20052, '尼克·瓦莱隆加');
INSERT INTO `actor` VALUES (20052, '大卫·安');
INSERT INTO `actor` VALUES (20052, '迈克·切罗内');
INSERT INTO `actor` VALUES (20052, '杰拉尔丁·辛格');
INSERT INTO `actor` VALUES (20052, '马丁·巴特斯·布拉德福德');
INSERT INTO `actor` VALUES (20052, '格拉伦·布莱恩特·班克斯');
INSERT INTO `actor` VALUES (20052, '汤姆·维图');
INSERT INTO `actor` VALUES (20052, '夏恩·帕特洛');
INSERT INTO `actor` VALUES (20052, '丹尼斯·W·霍尔');
INSERT INTO `actor` VALUES (20052, '吉姆·克洛克');
INSERT INTO `actor` VALUES (20052, '戴恩·罗兹');
INSERT INTO `actor` VALUES (20052, '布赖恩·斯特帕尼克');
INSERT INTO `actor` VALUES (20052, '乔恩·迈克尔·戴维斯');
INSERT INTO `actor` VALUES (20052, '布莱恩·库瑞');
INSERT INTO `actor` VALUES (20052, '托尼亚·马尔多纳多');
INSERT INTO `actor` VALUES (20053, '奥黛丽·赫本');
INSERT INTO `actor` VALUES (20053, '格利高里·派克');
INSERT INTO `actor` VALUES (20053, '埃迪·艾伯特');
INSERT INTO `actor` VALUES (20053, '哈特利·鲍尔');
INSERT INTO `actor` VALUES (20053, '哈考特·威廉姆斯');
INSERT INTO `actor` VALUES (20053, '玛格丽特·罗林斯');
INSERT INTO `actor` VALUES (20053, '托里奥·卡米纳提');
INSERT INTO `actor` VALUES (20053, '保罗·卡利尼');
INSERT INTO `actor` VALUES (20053, '克劳迪奥·埃尔梅利');
INSERT INTO `actor` VALUES (20053, '保拉·布鲁布尼');
INSERT INTO `actor` VALUES (20053, '里佐·弗雷多里佐');
INSERT INTO `actor` VALUES (20054, '邱岳峰');
INSERT INTO `actor` VALUES (20054, '富润生');
INSERT INTO `actor` VALUES (20054, '毕克');
INSERT INTO `actor` VALUES (20054, '尚华');
INSERT INTO `actor` VALUES (20054, '于鼎');
INSERT INTO `actor` VALUES (20054, '李梓');
INSERT INTO `actor` VALUES (20054, '刘广宁');
INSERT INTO `actor` VALUES (20055, '菲利普·努瓦雷');
INSERT INTO `actor` VALUES (20055, '萨瓦特利·卡西欧');
INSERT INTO `actor` VALUES (20055, '雅克·贝汉');
INSERT INTO `actor` VALUES (20055, '马克·莱昂纳蒂');
INSERT INTO `actor` VALUES (20055, '莱奥波多·特里耶斯泰');
INSERT INTO `actor` VALUES (20055, '安东内拉·阿蒂利');
INSERT INTO `actor` VALUES (20055, '恩佐·卡拉瓦勒');
INSERT INTO `actor` VALUES (20055, '艾萨·丹尼埃利');
INSERT INTO `actor` VALUES (20055, '里奥·故罗塔');
INSERT INTO `actor` VALUES (20055, '普佩拉·玛奇奥');
INSERT INTO `actor` VALUES (20055, '阿格妮丝·那诺');
INSERT INTO `actor` VALUES (20055, '塔诺·希玛罗萨');
INSERT INTO `actor` VALUES (20055, '尼古拉·迪·平托');
INSERT INTO `actor` VALUES (20055, '罗伯塔·蕾娜');
INSERT INTO `actor` VALUES (20055, '尼诺·戴罗佐');
INSERT INTO `actor` VALUES (20055, '玛丽娜·朱迪切');
INSERT INTO `actor` VALUES (20055, '比阿特丽斯·帕姆');
INSERT INTO `actor` VALUES (20055, '布丽吉特·佛西');
INSERT INTO `actor` VALUES (20055, '朱塞佩·托纳多雷');
INSERT INTO `actor` VALUES (20056, '伊利亚·伍德');
INSERT INTO `actor` VALUES (20056, '西恩·奥斯汀');
INSERT INTO `actor` VALUES (20056, '伊恩·麦克莱恩');
INSERT INTO `actor` VALUES (20056, '维果·莫腾森');
INSERT INTO `actor` VALUES (20056, '奥兰多·布鲁姆');
INSERT INTO `actor` VALUES (20056, '多米尼克·莫纳汉');
INSERT INTO `actor` VALUES (20056, '比利·博伊德');
INSERT INTO `actor` VALUES (20056, '克里斯托弗·李');
INSERT INTO `actor` VALUES (20056, '马尔顿·索克斯');
INSERT INTO `actor` VALUES (20056, '梅根·爱德华兹');
INSERT INTO `actor` VALUES (20056, '伊安·霍姆');
INSERT INTO `actor` VALUES (20056, '凯特·布兰切特');
INSERT INTO `actor` VALUES (20056, '阿兰·霍华德');
INSERT INTO `actor` VALUES (20056, '马克·弗格森');
INSERT INTO `actor` VALUES (20056, '肖恩·宾');
INSERT INTO `actor` VALUES (20056, '萨拉·贝克');
INSERT INTO `actor` VALUES (20056, '劳伦斯·马克奥雷');
INSERT INTO `actor` VALUES (20056, '安迪·瑟金斯');
INSERT INTO `actor` VALUES (20056, '彼得·麦肯齐');
INSERT INTO `actor` VALUES (20056, '伊恩·穆内');
INSERT INTO `actor` VALUES (20056, '克雷格·帕克');
INSERT INTO `actor` VALUES (20056, '卡梅隆·罗德');
INSERT INTO `actor` VALUES (20056, '约翰·瑞斯-戴维斯');
INSERT INTO `actor` VALUES (20056, '丽芙·泰勒');
INSERT INTO `actor` VALUES (20056, '大卫·韦瑟莱');
INSERT INTO `actor` VALUES (20056, '雨果·维文');
INSERT INTO `actor` VALUES (20056, '菲利普·格里夫');
INSERT INTO `actor` VALUES (20056, '威廉·约翰逊');
INSERT INTO `actor` VALUES (20056, '伊丽莎白·穆迪');
INSERT INTO `actor` VALUES (20056, '布莱恩·瑟金特');
INSERT INTO `actor` VALUES (20056, '杰德·布罗菲');
INSERT INTO `actor` VALUES (20056, '诺曼·凯茨');
INSERT INTO `actor` VALUES (20056, '兰德尔·威廉·库克');
INSERT INTO `actor` VALUES (20056, '萨比恩·克洛森');
INSERT INTO `actor` VALUES (20056, '西奥沙福瓦');
INSERT INTO `actor` VALUES (20056, '本·弗兰舍姆');
INSERT INTO `actor` VALUES (20056, '彼得·杰克逊');
INSERT INTO `actor` VALUES (20056, '艾伦·李');
INSERT INTO `actor` VALUES (20057, '基努·里维斯');
INSERT INTO `actor` VALUES (20057, '劳伦斯·菲什伯恩');
INSERT INTO `actor` VALUES (20057, '凯瑞-安·莫斯');
INSERT INTO `actor` VALUES (20057, '雨果·维文');
INSERT INTO `actor` VALUES (20057, '格洛丽亚·福斯特');
INSERT INTO `actor` VALUES (20057, '乔·潘托里亚诺');
INSERT INTO `actor` VALUES (20057, '马库斯·钟');
INSERT INTO `actor` VALUES (20057, '朱利安·阿拉汗加');
INSERT INTO `actor` VALUES (20057, '马特·多兰');
INSERT INTO `actor` VALUES (20057, '贝琳达·麦克洛里');
INSERT INTO `actor` VALUES (20057, '安东尼雷派克');
INSERT INTO `actor` VALUES (20057, '罗伯特·泰勒');
INSERT INTO `actor` VALUES (20057, '阿达·尼科德莫');
INSERT INTO `actor` VALUES (20057, '罗温·维特');
INSERT INTO `actor` VALUES (20057, '塔玛拉·布朗');
INSERT INTO `actor` VALUES (20057, '纳塔莉·特珍');
INSERT INTO `actor` VALUES (20057, '比尔·扬');
INSERT INTO `actor` VALUES (20057, '克里斯·斯科特');
INSERT INTO `actor` VALUES (20057, '纳许·埃哲顿');
INSERT INTO `actor` VALUES (20058, '阿尔·帕西诺');
INSERT INTO `actor` VALUES (20058, '罗伯特·杜瓦尔');
INSERT INTO `actor` VALUES (20058, '黛安·基顿');
INSERT INTO `actor` VALUES (20058, '罗伯特·德尼罗');
INSERT INTO `actor` VALUES (20058, '约翰·凯泽尔');
INSERT INTO `actor` VALUES (20058, '塔莉娅·夏尔');
INSERT INTO `actor` VALUES (20058, '李·斯特拉斯伯格');
INSERT INTO `actor` VALUES (20058, '迈克尔·V·格佐');
INSERT INTO `actor` VALUES (20058, 'G•D•斯普拉德林');
INSERT INTO `actor` VALUES (20058, '理查德·布赖特');
INSERT INTO `actor` VALUES (20058, '加斯通·莫辛');
INSERT INTO `actor` VALUES (20058, '汤姆·罗斯奎');
INSERT INTO `actor` VALUES (20058, '布鲁诺·柯比');
INSERT INTO `actor` VALUES (20058, '弗兰克·西维罗');
INSERT INTO `actor` VALUES (20058, '弗朗西丝卡·德·萨维奥');
INSERT INTO `actor` VALUES (20058, '摩甘娜金');
INSERT INTO `actor` VALUES (20058, '玛丽亚娜·希尔');
INSERT INTO `actor` VALUES (20058, '莱奥波多·特里耶斯泰');
INSERT INTO `actor` VALUES (20058, '多米尼克·查尼斯');
INSERT INTO `actor` VALUES (20058, 'Amerigo Tot');
INSERT INTO `actor` VALUES (20058, '特洛伊·多纳休');
INSERT INTO `actor` VALUES (20058, '约翰·阿普雷亚');
INSERT INTO `actor` VALUES (20058, '乔·斯皮内尔');
INSERT INTO `actor` VALUES (20058, '阿贝·维高达');
INSERT INTO `actor` VALUES (20058, '吉亚尼·罗素');
INSERT INTO `actor` VALUES (20058, 'Maria Carta');
INSERT INTO `actor` VALUES (20058, '菲伊·斯潘');
INSERT INTO `actor` VALUES (20058, '哈利·戴恩·斯坦通');
INSERT INTO `actor` VALUES (20058, '卡明·卡里迪');
INSERT INTO `actor` VALUES (20058, '丹尼·爱罗');
INSERT INTO `actor` VALUES (20058, '威廉·鲍尔斯');
INSERT INTO `actor` VALUES (20058, '约瑟夫·德拉·索尔特');
INSERT INTO `actor` VALUES (20058, '卡门·阿尔根齐亚诺');
INSERT INTO `actor` VALUES (20058, '乔·罗·格里普');
INSERT INTO `actor` VALUES (20058, 'Ezio Flagello');
INSERT INTO `actor` VALUES (20058, '凯瑟琳·贝勒');
INSERT INTO `actor` VALUES (20058, 'Saveria Mazzola');
INSERT INTO `actor` VALUES (20058, 'Tito Alba');
INSERT INTO `actor` VALUES (20058, '彼得·多纳特');
INSERT INTO `actor` VALUES (20058, '汤姆·达尔格伦');
INSERT INTO `actor` VALUES (20058, 'Phil Feldman');
INSERT INTO `actor` VALUES (20058, '罗杰·科曼');
INSERT INTO `actor` VALUES (20058, '伊凡·科尔');
INSERT INTO `actor` VALUES (20058, '艾丽卡·约恩');
INSERT INTO `actor` VALUES (20058, 'Teresa Tirelli');
INSERT INTO `actor` VALUES (20058, '詹姆斯·肯恩');
INSERT INTO `actor` VALUES (20058, 'Italia Coppola');
INSERT INTO `actor` VALUES (20058, '罗曼·科波拉');
INSERT INTO `actor` VALUES (20058, '索菲亚·科波拉');
INSERT INTO `actor` VALUES (20058, '朱莉·格雷格');
INSERT INTO `actor` VALUES (20058, 'George Holmes');
INSERT INTO `actor` VALUES (20058, 'Buck Houghton');
INSERT INTO `actor` VALUES (20058, 'Shep Houghton');
INSERT INTO `actor` VALUES (20058, '小杉正一');
INSERT INTO `actor` VALUES (20058, '加里·库尔茨');
INSERT INTO `actor` VALUES (20058, 'Laura Lyons');
INSERT INTO `actor` VALUES (20058, '理查德·麦瑟森');
INSERT INTO `actor` VALUES (20058, '约翰·梅根纳');
INSERT INTO `actor` VALUES (20058, 'Harrison Ressler');
INSERT INTO `actor` VALUES (20058, 'Al Roberts');
INSERT INTO `actor` VALUES (20058, 'Hank Robinson');
INSERT INTO `actor` VALUES (20058, 'Filomena Spagnuolo');
INSERT INTO `actor` VALUES (20059, '乔纳森·泰勒·托马斯');
INSERT INTO `actor` VALUES (20059, '马修·布罗德里克');
INSERT INTO `actor` VALUES (20059, '杰瑞米·艾恩斯');
INSERT INTO `actor` VALUES (20059, '詹姆斯·厄尔·琼斯');
INSERT INTO `actor` VALUES (20059, '莫伊拉·凯利');
INSERT INTO `actor` VALUES (20059, '内森·连恩');
INSERT INTO `actor` VALUES (20059, '尼基塔·卡兰姆');
INSERT INTO `actor` VALUES (20059, '埃林·萨贝拉');
INSERT INTO `actor` VALUES (20059, '乌比·戈德堡');
INSERT INTO `actor` VALUES (20059, '罗温·艾金森');
INSERT INTO `actor` VALUES (20060, '宋康昊');
INSERT INTO `actor` VALUES (20060, '金英爱');
INSERT INTO `actor` VALUES (20060, '吴达洙');
INSERT INTO `actor` VALUES (20060, '郭度沅');
INSERT INTO `actor` VALUES (20060, '任时完');
INSERT INTO `actor` VALUES (20060, '宋永彰');
INSERT INTO `actor` VALUES (20060, '郑元中');
INSERT INTO `actor` VALUES (20060, '赵敏基');
INSERT INTO `actor` VALUES (20060, '李杭娜');
INSERT INTO `actor` VALUES (20060, '李星民');
INSERT INTO `actor` VALUES (20060, '车光洙');
INSERT INTO `actor` VALUES (20060, '韩基重');
INSERT INTO `actor` VALUES (20060, '沈熙燮');
INSERT INTO `actor` VALUES (20060, '赵莞基');
INSERT INTO `actor` VALUES (20060, '李姃垠');
INSERT INTO `actor` VALUES (20061, '郎雄');
INSERT INTO `actor` VALUES (20061, '杨贵媚');
INSERT INTO `actor` VALUES (20061, '吴倩莲');
INSERT INTO `actor` VALUES (20061, '王渝文');
INSERT INTO `actor` VALUES (20061, '张艾嘉');
INSERT INTO `actor` VALUES (20061, '归亚蕾');
INSERT INTO `actor` VALUES (20061, '赵文瑄');
INSERT INTO `actor` VALUES (20061, '陈昭荣');
INSERT INTO `actor` VALUES (20061, '陈捷文');
INSERT INTO `actor` VALUES (20061, '卢金城');
INSERT INTO `actor` VALUES (20061, '唐语谦');
INSERT INTO `actor` VALUES (20061, '洪其德');
INSERT INTO `actor` VALUES (20061, '王瑞');
INSERT INTO `actor` VALUES (20061, '杜满生');
INSERT INTO `actor` VALUES (20061, '王玨');
INSERT INTO `actor` VALUES (20061, '陈妤');
INSERT INTO `actor` VALUES (20061, '左正芬');
INSERT INTO `actor` VALUES (20061, '许敬民');
INSERT INTO `actor` VALUES (20061, '聂卓晶');
INSERT INTO `actor` VALUES (20061, '丁仲');
INSERT INTO `actor` VALUES (20062, '爱德华·诺顿');
INSERT INTO `actor` VALUES (20062, '布拉德·皮特');
INSERT INTO `actor` VALUES (20062, '海伦娜·伯翰·卡特');
INSERT INTO `actor` VALUES (20062, '扎克·格雷尼尔');
INSERT INTO `actor` VALUES (20062, '米特·洛夫');
INSERT INTO `actor` VALUES (20062, '杰瑞德·莱托');
INSERT INTO `actor` VALUES (20062, '艾恩·贝利');
INSERT INTO `actor` VALUES (20062, '里奇蒙德·阿奎特');
INSERT INTO `actor` VALUES (20062, '乔治·马奎尔');
INSERT INTO `actor` VALUES (20063, '凯特·布兰切特');
INSERT INTO `actor` VALUES (20063, '布拉德·皮特');
INSERT INTO `actor` VALUES (20063, '朱莉娅·奥蒙德');
INSERT INTO `actor` VALUES (20063, '芳妮·A·钱勃丝');
INSERT INTO `actor` VALUES (20063, '伊莱亚斯·科泰斯');
INSERT INTO `actor` VALUES (20063, '杰森·弗莱明');
INSERT INTO `actor` VALUES (20063, '大卫·詹森');
INSERT INTO `actor` VALUES (20063, '蒂尔达·斯文顿');
INSERT INTO `actor` VALUES (20063, '艾丽·范宁');
INSERT INTO `actor` VALUES (20063, '乔安娜·塞勒');
INSERT INTO `actor` VALUES (20063, '乔什·斯图沃特');
INSERT INTO `actor` VALUES (20063, '丹尼·文森');
INSERT INTO `actor` VALUES (20063, '塔拉吉·P·汉森');
INSERT INTO `actor` VALUES (20063, '马赫沙拉·阿里');
INSERT INTO `actor` VALUES (20063, '菲奥娜·黑尔');
INSERT INTO `actor` VALUES (20063, '唐娜·杜普兰提尔');
INSERT INTO `actor` VALUES (20063, '兰斯·E·尼克尔斯');
INSERT INTO `actor` VALUES (20063, '特德·曼森');
INSERT INTO `actor` VALUES (20063, '克莱·卡伦');
INSERT INTO `actor` VALUES (20063, '菲利斯·萨莫维尔');
INSERT INTO `actor` VALUES (20063, '杰瑞德·哈里斯');
INSERT INTO `actor` VALUES (20063, '麦迪逊·贝蒂');
INSERT INTO `actor` VALUES (20063, '汤姆·埃沃雷特');
INSERT INTO `actor` VALUES (20063, '克里斯托弗·马克斯韦尔');
INSERT INTO `actor` VALUES (20063, '伊利亚·沃里克');
INSERT INTO `actor` VALUES (20064, '罗素·克劳');
INSERT INTO `actor` VALUES (20064, '艾德·哈里斯');
INSERT INTO `actor` VALUES (20064, '詹妮弗·康纳利');
INSERT INTO `actor` VALUES (20064, '克里斯托弗·普卢默');
INSERT INTO `actor` VALUES (20064, '保罗·贝坦尼');
INSERT INTO `actor` VALUES (20064, '亚当·戈德堡');
INSERT INTO `actor` VALUES (20064, '乔什·卢卡斯');
INSERT INTO `actor` VALUES (20064, '安东尼·拉普');
INSERT INTO `actor` VALUES (20064, '贾森·加里-斯坦福德');
INSERT INTO `actor` VALUES (20064, '贾德·赫希');
INSERT INTO `actor` VALUES (20064, '奥斯汀·潘德尔顿');
INSERT INTO `actor` VALUES (20064, '薇薇·卡登尼');
INSERT INTO `actor` VALUES (20064, '吉莉·西蒙');
INSERT INTO `actor` VALUES (20064, '维克多·斯坦巴赫');
INSERT INTO `actor` VALUES (20064, '坦娅·克拉克');
INSERT INTO `actor` VALUES (20064, '罗伊·辛尼斯');
INSERT INTO `actor` VALUES (20064, '谢丽尔·霍华德');
INSERT INTO `actor` VALUES (20064, '兰斯·霍华德');
INSERT INTO `actor` VALUES (20064, '简·詹金斯');
INSERT INTO `actor` VALUES (20064, '乔什·帕斯');
INSERT INTO `actor` VALUES (20064, '瓦伦蒂娜·卡迪纳利');
INSERT INTO `actor` VALUES (20064, '蒂格尔·F·伯格里');
INSERT INTO `actor` VALUES (20064, '迈克尔·埃斯佩尔');
INSERT INTO `actor` VALUES (20064, '艾米·瓦尔兹');
INSERT INTO `actor` VALUES (20064, '小艾德.朱普');
INSERT INTO `actor` VALUES (20064, '卡拉·奥奇格罗索');
INSERT INTO `actor` VALUES (20064, '斯特里奥·萨万特');
INSERT INTO `actor` VALUES (20064, '迈克尔·阿伯特');
INSERT INTO `actor` VALUES (20064, '雷吉·奥斯汀');
INSERT INTO `actor` VALUES (20064, '凯德·比特纳');
INSERT INTO `actor` VALUES (20064, '理查·布莱恩特');
INSERT INTO `actor` VALUES (20064, '丹·陈');
INSERT INTO `actor` VALUES (20064, '乔纳·福尔肯');
INSERT INTO `actor` VALUES (20064, '法布里奇奥·范特');
INSERT INTO `actor` VALUES (20064, '斯科特·费恩斯特罗姆');
INSERT INTO `actor` VALUES (20064, '迈克尔·菲奥里');
INSERT INTO `actor` VALUES (20064, '塞斯·盖贝尔');
INSERT INTO `actor` VALUES (20064, '埃文·哈特');
INSERT INTO `actor` VALUES (20064, '杰森·霍顿');
INSERT INTO `actor` VALUES (20064, '布莱丝·达拉斯·霍华德');
INSERT INTO `actor` VALUES (20064, '朗·霍华德');
INSERT INTO `actor` VALUES (20064, '多里·曼佐尔');
INSERT INTO `actor` VALUES (20064, '罗伯特·迈尔斯');
INSERT INTO `actor` VALUES (20064, '里德·彭尼');
INSERT INTO `actor` VALUES (20064, '米尔斯·彼埃尔');
INSERT INTO `actor` VALUES (20064, '肖恩·里德');
INSERT INTO `actor` VALUES (20065, '阿萨·巴特菲尔德');
INSERT INTO `actor` VALUES (20065, '维拉·法米加');
INSERT INTO `actor` VALUES (20065, '卡拉·霍根');
INSERT INTO `actor` VALUES (20065, '祖萨·霍尔');
INSERT INTO `actor` VALUES (20065, '安贝尔·比蒂');
INSERT INTO `actor` VALUES (20065, '拉斯洛·阿隆');
INSERT INTO `actor` VALUES (20065, '大卫·休里斯');
INSERT INTO `actor` VALUES (20065, '理查德·约翰逊');
INSERT INTO `actor` VALUES (20065, '谢拉·汉考克');
INSERT INTO `actor` VALUES (20065, '伊凡·弗雷贝利');
INSERT INTO `actor` VALUES (20065, '贝拉·费斯彼姆');
INSERT INTO `actor` VALUES (20065, '阿提拉·埃杰德');
INSERT INTO `actor` VALUES (20065, '鲁伯特·弗兰德');
INSERT INTO `actor` VALUES (20065, '大卫·海曼');
INSERT INTO `actor` VALUES (20065, '吉姆·诺顿');
INSERT INTO `actor` VALUES (20065, '杰克·塞隆');
INSERT INTO `actor` VALUES (20065, '米哈利·绍鲍多什');
INSERT INTO `actor` VALUES (20065, '泽索特·萨法尔·科夫卡');
INSERT INTO `actor` VALUES (20065, '奥索利亚·茱莉娅·帕普');
INSERT INTO `actor` VALUES (20066, '乌尔里希·穆埃');
INSERT INTO `actor` VALUES (20066, '马蒂娜·格德克');
INSERT INTO `actor` VALUES (20066, '塞巴斯蒂安·科赫');
INSERT INTO `actor` VALUES (20066, '乌尔里希·图库尔');
INSERT INTO `actor` VALUES (20066, '托马斯·蒂梅');
INSERT INTO `actor` VALUES (20066, '汉斯-尤韦·鲍尔');
INSERT INTO `actor` VALUES (20066, '沃克马·克莱纳特');
INSERT INTO `actor` VALUES (20066, '马提亚斯·布伦纳');
INSERT INTO `actor` VALUES (20066, '查理·哈纳');
INSERT INTO `actor` VALUES (20066, '赫伯特·克瑙普');
INSERT INTO `actor` VALUES (20066, '巴斯蒂安·特罗斯特');
INSERT INTO `actor` VALUES (20066, '玛丽·格鲁伯');
INSERT INTO `actor` VALUES (20066, '维尔纳·德恩');
INSERT INTO `actor` VALUES (20066, '马丁·布拉姆马赫');
INSERT INTO `actor` VALUES (20066, '托马斯·阿诺德');
INSERT INTO `actor` VALUES (20066, '辛纳克·勋纳曼');
INSERT INTO `actor` VALUES (20066, '路德韦格·布洛克伯格');
INSERT INTO `actor` VALUES (20066, '迈克尔·格伯');
INSERT INTO `actor` VALUES (20066, '吉塔·施维赫夫');
INSERT INTO `actor` VALUES (20066, '希尔德加德·斯罗德');
INSERT INTO `actor` VALUES (20066, '伊嘉·比肯费尔德');
INSERT INTO `actor` VALUES (20066, '凯·伊沃·保利兹');
INSERT INTO `actor` VALUES (20066, '克劳斯·芒斯特');
INSERT INTO `actor` VALUES (20067, '中山美穗');
INSERT INTO `actor` VALUES (20067, '丰川悦司');
INSERT INTO `actor` VALUES (20067, '酒井美纪');
INSERT INTO `actor` VALUES (20067, '柏原崇');
INSERT INTO `actor` VALUES (20067, '范文雀');
INSERT INTO `actor` VALUES (20067, '篠原胜之');
INSERT INTO `actor` VALUES (20067, '铃木庆一');
INSERT INTO `actor` VALUES (20067, '田口智朗');
INSERT INTO `actor` VALUES (20067, '加贺麻理子');
INSERT INTO `actor` VALUES (20067, '光石研');
INSERT INTO `actor` VALUES (20067, '铃木兰兰');
INSERT INTO `actor` VALUES (20067, '盐见三省');
INSERT INTO `actor` VALUES (20067, '中村久美');
INSERT INTO `actor` VALUES (20067, '梅田凡乃');
INSERT INTO `actor` VALUES (20067, '长田江身子 ');
INSERT INTO `actor` VALUES (20067, '小栗香织');
INSERT INTO `actor` VALUES (20067, '神户浩');
INSERT INTO `actor` VALUES (20067, '酒井敏也');
INSERT INTO `actor` VALUES (20067, '山口诗史');
INSERT INTO `actor` VALUES (20067, '山崎一');
INSERT INTO `actor` VALUES (20067, '德井优');
INSERT INTO `actor` VALUES (20067, '武藤寿美');
INSERT INTO `actor` VALUES (20068, '杰森·弗莱明');
INSERT INTO `actor` VALUES (20068, '德克斯特·弗莱彻');
INSERT INTO `actor` VALUES (20068, '尼克·莫兰');
INSERT INTO `actor` VALUES (20068, '杰森·斯坦森');
INSERT INTO `actor` VALUES (20068, '斯蒂文·麦金托什');
INSERT INTO `actor` VALUES (20068, '尼古拉斯·罗尔');
INSERT INTO `actor` VALUES (20068, '维尼·琼斯');
INSERT INTO `actor` VALUES (20068, '蓝尼·麦克林');
INSERT INTO `actor` VALUES (20068, 'P.H.莫里亚蒂');
INSERT INTO `actor` VALUES (20068, '弗兰克·哈珀');
INSERT INTO `actor` VALUES (20068, '史蒂夫·斯威尼');
INSERT INTO `actor` VALUES (20068, '哈吉·利弗');
INSERT INTO `actor` VALUES (20068, '罗尼·福克斯');
INSERT INTO `actor` VALUES (20068, '斯蒂芬·马库斯');
INSERT INTO `actor` VALUES (20068, '瓦斯·布莱克伍德');
INSERT INTO `actor` VALUES (20068, '斯汀');
INSERT INTO `actor` VALUES (20068, '杰克·亚伯拉罕');
INSERT INTO `actor` VALUES (20068, '罗伯·布莱顿');
INSERT INTO `actor` VALUES (20068, '薇拉·黛');
INSERT INTO `actor` VALUES (20068, '阿兰·福德');
INSERT INTO `actor` VALUES (20068, '席德·戈尔德');
INSERT INTO `actor` VALUES (20068, '丹尼·约翰-儒勒');
INSERT INTO `actor` VALUES (20068, '维克多·麦奎尔');
INSERT INTO `actor` VALUES (20068, '安德鲁·蒂曼');
INSERT INTO `actor` VALUES (20068, '马修·沃恩');
INSERT INTO `actor` VALUES (20068, '布拉德·雅各布维茨');
INSERT INTO `actor` VALUES (20069, '莫妮卡·贝鲁奇');
INSERT INTO `actor` VALUES (20069, '朱塞佩·苏尔法罗');
INSERT INTO `actor` VALUES (20069, 'Luciano Federico');
INSERT INTO `actor` VALUES (20069, '玛蒂尔德·皮亚纳');
INSERT INTO `actor` VALUES (20069, 'Pietro Notarianni');
INSERT INTO `actor` VALUES (20069, 'Gaetano Aronica');
INSERT INTO `actor` VALUES (20069, 'Gilberto Idonea');
INSERT INTO `actor` VALUES (20069, 'Angelo Pellegrino');
INSERT INTO `actor` VALUES (20069, 'Gabriella Di Luzio');
INSERT INTO `actor` VALUES (20069, 'Pippo Provvidenti');
INSERT INTO `actor` VALUES (20069, 'Maria Terranova');
INSERT INTO `actor` VALUES (20069, 'Marcello Catalano');
INSERT INTO `actor` VALUES (20069, '埃丽萨·莫鲁奇');
INSERT INTO `actor` VALUES (20069, 'Domenico Gennaro');
INSERT INTO `actor` VALUES (20069, 'Vitalba Andrea');
INSERT INTO `actor` VALUES (20069, 'Giuseppe Pattavina');
INSERT INTO `actor` VALUES (20069, 'Franco Catalano');
INSERT INTO `actor` VALUES (20069, 'Daniele Arena');
INSERT INTO `actor` VALUES (20069, 'Giovanni Litrico');
INSERT INTO `actor` VALUES (20069, 'Gianluca Guarrera');
INSERT INTO `actor` VALUES (20070, '马里奥·卡萨斯');
INSERT INTO `actor` VALUES (20070, '阿娜·瓦格纳');
INSERT INTO `actor` VALUES (20070, '何塞·科罗纳多');
INSERT INTO `actor` VALUES (20070, '巴巴拉·莱涅');
INSERT INTO `actor` VALUES (20070, '弗兰塞斯克·奥雷利亚');
INSERT INTO `actor` VALUES (20070, '帕科·图斯');
INSERT INTO `actor` VALUES (20070, '大卫·塞尔瓦斯');
INSERT INTO `actor` VALUES (20070, '伊尼戈·加斯特西');
INSERT INTO `actor` VALUES (20070, '圣·耶拉莫斯');
INSERT INTO `actor` VALUES (20070, '马内尔·杜维索');
INSERT INTO `actor` VALUES (20070, '布兰卡·马丁内斯');
INSERT INTO `actor` VALUES (20070, '佩雷·布拉索');
INSERT INTO `actor` VALUES (20070, '霍尔迪·布鲁内特');
INSERT INTO `actor` VALUES (20070, '鲍比·冈萨雷斯');
INSERT INTO `actor` VALUES (20070, '玛蒂娜·乌尔塔多');
INSERT INTO `actor` VALUES (20071, '朱莉·安德鲁斯');
INSERT INTO `actor` VALUES (20071, '克里斯托弗·普卢默');
INSERT INTO `actor` VALUES (20071, '埃琳诺·帕克');
INSERT INTO `actor` VALUES (20071, '理查德·海顿');
INSERT INTO `actor` VALUES (20071, '佩吉·伍德');
INSERT INTO `actor` VALUES (20071, '查尔敏·卡尔');
INSERT INTO `actor` VALUES (20071, '希瑟·孟席斯-尤里克');
INSERT INTO `actor` VALUES (20071, '尼古拉斯·哈蒙德');
INSERT INTO `actor` VALUES (20071, '杜安·蔡斯');
INSERT INTO `actor` VALUES (20071, '安吉拉·卡特怀特');
INSERT INTO `actor` VALUES (20071, '黛比·特纳');
INSERT INTO `actor` VALUES (20071, '基姆·卡拉思');
INSERT INTO `actor` VALUES (20071, '安娜·李');
INSERT INTO `actor` VALUES (20071, '波希娅·纳尔逊');
INSERT INTO `actor` VALUES (20071, '本·怀特');
INSERT INTO `actor` VALUES (20071, '丹尼尔·特鲁希特');
INSERT INTO `actor` VALUES (20071, '诺玛·威登');
INSERT INTO `actor` VALUES (20071, '吉尔克里斯特·斯图尔特');
INSERT INTO `actor` VALUES (20071, '马妮·尼克松');
INSERT INTO `actor` VALUES (20071, '埃瓦德妮·贝克');
INSERT INTO `actor` VALUES (20071, '多丽丝·劳埃德');
INSERT INTO `actor` VALUES (20071, '格特鲁德·阿斯特');
INSERT INTO `actor` VALUES (20071, '弗兰克·贝克');
INSERT INTO `actor` VALUES (20071, '史蒂夫·卡鲁瑟斯');
INSERT INTO `actor` VALUES (20071, '山姆·哈里斯');
INSERT INTO `actor` VALUES (20071, '多罗西·吉金斯');
INSERT INTO `actor` VALUES (20071, '利奥达·理查德斯');
INSERT INTO `actor` VALUES (20071, '杰弗里·塞尔');
INSERT INTO `actor` VALUES (20071, '伯纳德·赛尔');
INSERT INTO `actor` VALUES (20071, '诺尔曼·斯蒂凡斯');
INSERT INTO `actor` VALUES (20071, '伯特史蒂文斯');
INSERT INTO `actor` VALUES (20071, '玛丽亚·冯·特拉普');
INSERT INTO `actor` VALUES (20072, '萨姆·沃辛顿');
INSERT INTO `actor` VALUES (20072, '佐伊·索尔达娜');
INSERT INTO `actor` VALUES (20072, '西格妮·韦弗');
INSERT INTO `actor` VALUES (20072, '史蒂芬·朗');
INSERT INTO `actor` VALUES (20072, '米歇尔·罗德里格兹');
INSERT INTO `actor` VALUES (20072, '吉奥瓦尼·瑞比西');
INSERT INTO `actor` VALUES (20072, '乔·大卫·摩尔 ');
INSERT INTO `actor` VALUES (20072, '希·庞德');
INSERT INTO `actor` VALUES (20072, '韦斯·斯塔迪');
INSERT INTO `actor` VALUES (20072, '拉兹·阿隆索');
INSERT INTO `actor` VALUES (20072, '迪利普·劳');
INSERT INTO `actor` VALUES (20072, '马特·杰拉德');
INSERT INTO `actor` VALUES (20072, '肖恩·安东尼·莫兰');
INSERT INTO `actor` VALUES (20072, '杰森·怀特');
INSERT INTO `actor` VALUES (20072, '斯科特·劳伦斯');
INSERT INTO `actor` VALUES (20072, '凯利·基尔戈');
INSERT INTO `actor` VALUES (20072, '詹姆斯·皮特');
INSERT INTO `actor` VALUES (20072, '肖恩·帕特里克·墨菲');
INSERT INTO `actor` VALUES (20072, '彼得·狄龙');
INSERT INTO `actor` VALUES (20072, '凯文·多曼');
INSERT INTO `actor` VALUES (20072, '凯尔森·亨德森');
INSERT INTO `actor` VALUES (20072, '大卫·范·霍恩');
INSERT INTO `actor` VALUES (20072, '雅克布·托毛里');
INSERT INTO `actor` VALUES (20072, 'Julene Renee');
INSERT INTO `actor` VALUES (20072, '卢克·霍克');
INSERT INTO `actor` VALUES (20072, '伍迪·舒尔茨');
INSERT INTO `actor` VALUES (20072, '彼得·门萨');
INSERT INTO `actor` VALUES (20072, '伊拉姆·崔');
INSERT INTO `actor` VALUES (20072, '黛布拉·威尔逊');
INSERT INTO `actor` VALUES (20072, 'Chris Mala');
INSERT INTO `actor` VALUES (20072, '马修张伯伦');
INSERT INTO `actor` VALUES (20072, '詹姆斯·盖林');
INSERT INTO `actor` VALUES (20072, '拉斯科·阿特金斯');
INSERT INTO `actor` VALUES (20072, 'Jørn Benzon');
INSERT INTO `actor` VALUES (20072, '罗文·贝特杰曼');
INSERT INTO `actor` VALUES (20072, 'Robert Catto');
INSERT INTO `actor` VALUES (20072, '罗德尼·库克');
INSERT INTO `actor` VALUES (20072, 'Nicole Dionne');
INSERT INTO `actor` VALUES (20072, '安东尼·英格鲁伯');
INSERT INTO `actor` VALUES (20072, '蒂姆·卡诺');
INSERT INTO `actor` VALUES (20072, '卡米尔·基南');
INSERT INTO `actor` VALUES (20072, '迪恩·诺斯利');
INSERT INTO `actor` VALUES (20072, 'Emma Law');
INSERT INTO `actor` VALUES (20073, '丹尼尔·雷德克里夫');
INSERT INTO `actor` VALUES (20073, '艾玛·沃森');
INSERT INTO `actor` VALUES (20073, '鲁伯特·格林特');
INSERT INTO `actor` VALUES (20073, '海伦娜·伯翰·卡特');
INSERT INTO `actor` VALUES (20073, '拉尔夫·费因斯');
INSERT INTO `actor` VALUES (20073, '艾伦·瑞克曼');
INSERT INTO `actor` VALUES (20073, '玛吉·史密斯');
INSERT INTO `actor` VALUES (20073, '汤姆·费尔顿');
INSERT INTO `actor` VALUES (20073, '邦妮·怀特');
INSERT INTO `actor` VALUES (20073, '朱丽·沃特斯');
INSERT INTO `actor` VALUES (20073, '迈克尔·刚本');
INSERT INTO `actor` VALUES (20073, '伊文娜·林奇');
INSERT INTO `actor` VALUES (20073, '多姆纳尔·格里森');
INSERT INTO `actor` VALUES (20073, '克蕾曼丝·波西');
INSERT INTO `actor` VALUES (20073, '詹森·艾萨克');
INSERT INTO `actor` VALUES (20073, '海伦·麦克洛瑞');
INSERT INTO `actor` VALUES (20073, '马修·刘易斯');
INSERT INTO `actor` VALUES (20073, '梁佩诗');
INSERT INTO `actor` VALUES (20073, '约翰·赫特');
INSERT INTO `actor` VALUES (20073, '大卫·休里斯');
INSERT INTO `actor` VALUES (20073, '加里·奥德曼');
INSERT INTO `actor` VALUES (20073, '吉姆·布劳德本特');
INSERT INTO `actor` VALUES (20073, '艾玛·汤普森');
INSERT INTO `actor` VALUES (20073, '娜塔丽·特纳');
INSERT INTO `actor` VALUES (20073, '蒂莫西·斯波');
INSERT INTO `actor` VALUES (20073, '大卫·布拉德利');
INSERT INTO `actor` VALUES (20073, '罗彼·考特拉尼');
INSERT INTO `actor` VALUES (20073, '凯莉·麦克唐纳');
INSERT INTO `actor` VALUES (20073, '塞伦·希德');
INSERT INTO `actor` VALUES (20074, '汤姆·汉克斯');
INSERT INTO `actor` VALUES (20074, '汤姆·塞兹摩尔');
INSERT INTO `actor` VALUES (20074, '爱德华·伯恩斯');
INSERT INTO `actor` VALUES (20074, '巴里·佩珀');
INSERT INTO `actor` VALUES (20074, '亚当·戈德堡');
INSERT INTO `actor` VALUES (20074, '范·迪塞尔');
INSERT INTO `actor` VALUES (20074, '吉奥瓦尼·瑞比西');
INSERT INTO `actor` VALUES (20074, '杰瑞米·戴维斯');
INSERT INTO `actor` VALUES (20074, '马特·达蒙');
INSERT INTO `actor` VALUES (20074, '特德·丹森');
INSERT INTO `actor` VALUES (20074, '保罗·吉亚玛提');
INSERT INTO `actor` VALUES (20074, '丹尼斯·法里纳');
INSERT INTO `actor` VALUES (20074, '马克斯·马蒂尼');
INSERT INTO `actor` VALUES (20074, '丹兰·布鲁诺');
INSERT INTO `actor` VALUES (20074, '丹尼尔·切尔奎拉');
INSERT INTO `actor` VALUES (20074, '迪米特里·格里特萨斯');
INSERT INTO `actor` VALUES (20074, '史蒂夫·格里芬');
INSERT INTO `actor` VALUES (20074, '彼得·迈尔斯');
INSERT INTO `actor` VALUES (20074, '亚当·肖');
INSERT INTO `actor` VALUES (20074, '罗尔夫·萨克森');
INSERT INTO `actor` VALUES (20074, '克里·约翰逊');
INSERT INTO `actor` VALUES (20074, '洛克兰·艾肯');
INSERT INTO `actor` VALUES (20074, '尚恩·约翰逊');
INSERT INTO `actor` VALUES (20074, '莱尔德·曼辛托斯');
INSERT INTO `actor` VALUES (20074, '安德鲁·斯科特');
INSERT INTO `actor` VALUES (20074, '马修·夏普');
INSERT INTO `actor` VALUES (20074, '文森特·沃尔什');
INSERT INTO `actor` VALUES (20074, '约翰·沙拉恩');
INSERT INTO `actor` VALUES (20074, '马丁·哈伯');
INSERT INTO `actor` VALUES (20074, '罗非洛·迪格托勒');
INSERT INTO `actor` VALUES (20074, '恩里奇·雷德曼');
INSERT INTO `actor` VALUES (20074, '米歇尔·埃文斯');
INSERT INTO `actor` VALUES (20074, '内森·菲利安');
INSERT INTO `actor` VALUES (20074, '利兰·奥瑟');
INSERT INTO `actor` VALUES (20074, '大卫·维格');
INSERT INTO `actor` VALUES (20074, '瑞恩·赫斯特');
INSERT INTO `actor` VALUES (20074, '哈威·普雷斯内尔');
INSERT INTO `actor` VALUES (20074, '代尔·戴');
INSERT INTO `actor` VALUES (20074, '布莱恩·克兰斯顿');
INSERT INTO `actor` VALUES (20074, '大卫·沃尔');
INSERT INTO `actor` VALUES (20074, '埃里克·罗兰');
INSERT INTO `actor` VALUES (20074, '哈里逊·杨');
INSERT INTO `actor` VALUES (20074, '凯思琳·拜荣');
INSERT INTO `actor` VALUES (20074, '约翰·德·兰西');
INSERT INTO `actor` VALUES (20074, '詹姆斯·恩布里');
INSERT INTO `actor` VALUES (20074, '德里克·李');
INSERT INTO `actor` VALUES (20074, '若昂·科斯塔·梅内塞斯');
INSERT INTO `actor` VALUES (20074, '马克·施泰因迈尔');
INSERT INTO `actor` VALUES (20075, '杰克·尼科尔森');
INSERT INTO `actor` VALUES (20075, '丹尼·德维托');
INSERT INTO `actor` VALUES (20075, '克里斯托弗·洛伊德');
INSERT INTO `actor` VALUES (20075, '路易丝·弗莱彻');
INSERT INTO `actor` VALUES (20075, '威尔·萨姆森');
INSERT INTO `actor` VALUES (20075, '特德·马克兰德');
INSERT INTO `actor` VALUES (20075, '布拉德·道里夫');
INSERT INTO `actor` VALUES (20075, '斯加特曼·克罗索斯');
INSERT INTO `actor` VALUES (20075, '迈克尔·贝里曼');
INSERT INTO `actor` VALUES (20075, '彼得·布罗科');
INSERT INTO `actor` VALUES (20075, '穆瓦科·卡姆布卡');
INSERT INTO `actor` VALUES (20075, '威廉·达尔');
INSERT INTO `actor` VALUES (20075, '乔西普·艾利克');
INSERT INTO `actor` VALUES (20075, '西德尼·拉斯克');
INSERT INTO `actor` VALUES (20075, '凯·李');
INSERT INTO `actor` VALUES (20075, '德怀特·马费尔德');
INSERT INTO `actor` VALUES (20075, '路易莎·莫里茨');
INSERT INTO `actor` VALUES (20075, '威廉·雷德菲尔德');
INSERT INTO `actor` VALUES (20075, '菲利普·罗斯');
INSERT INTO `actor` VALUES (20075, '米米·萨奇席恩');
INSERT INTO `actor` VALUES (20075, '文森特·斯卡维利');
INSERT INTO `actor` VALUES (20075, '米斯·斯马尔');
INSERT INTO `actor` VALUES (20075, '德罗斯·V·史密斯');
INSERT INTO `actor` VALUES (20076, '默罕默德·阿米尔·纳吉');
INSERT INTO `actor` VALUES (20076, '法拉赫阿米尔·哈什米安');
INSERT INTO `actor` VALUES (20076, '巴哈丽·西迪奇');
INSERT INTO `actor` VALUES (20076, '纳菲丝·贾法-穆罕默迪');
INSERT INTO `actor` VALUES (20076, '费雷什特·萨拉班迪');
INSERT INTO `actor` VALUES (20076, 'Dariush Mokhtari');
INSERT INTO `actor` VALUES (20076, '克里斯托弗·马利基');
INSERT INTO `actor` VALUES (20078, '拉尔夫·费因斯');
INSERT INTO `actor` VALUES (20078, '托尼·雷沃罗利');
INSERT INTO `actor` VALUES (20078, '阿德里安·布罗迪');
INSERT INTO `actor` VALUES (20078, '威廉·达福');
INSERT INTO `actor` VALUES (20078, '裘德·洛');
INSERT INTO `actor` VALUES (20078, '爱德华·诺顿');
INSERT INTO `actor` VALUES (20078, '西尔莎·罗南');
INSERT INTO `actor` VALUES (20078, '蒂尔达·斯文顿');
INSERT INTO `actor` VALUES (20078, '比尔·默瑞');
INSERT INTO `actor` VALUES (20078, '蕾雅·赛杜');
INSERT INTO `actor` VALUES (20078, '欧文·威尔逊');
INSERT INTO `actor` VALUES (20078, '詹森·舒瓦兹曼');
INSERT INTO `actor` VALUES (20078, '马修·阿马立克');
INSERT INTO `actor` VALUES (20078, 'F·默里·亚伯拉罕');
INSERT INTO `actor` VALUES (20078, '汤姆·威尔金森');
INSERT INTO `actor` VALUES (20078, '杰夫·高布伦');
INSERT INTO `actor` VALUES (20078, '哈威·凯特尔');
INSERT INTO `actor` VALUES (20079, '周星驰');
INSERT INTO `actor` VALUES (20079, '元秋');
INSERT INTO `actor` VALUES (20079, '元华');
INSERT INTO `actor` VALUES (20079, '黄圣依');
INSERT INTO `actor` VALUES (20079, '梁小龙');
INSERT INTO `actor` VALUES (20079, '陈国坤');
INSERT INTO `actor` VALUES (20079, '田启文');
INSERT INTO `actor` VALUES (20079, '林子聪');
INSERT INTO `actor` VALUES (20079, '林雪');
INSERT INTO `actor` VALUES (20079, '冯克安');
INSERT INTO `actor` VALUES (20079, '释彦能');
INSERT INTO `actor` VALUES (20079, '冯小刚');
INSERT INTO `actor` VALUES (20079, '袁祥仁');
INSERT INTO `actor` VALUES (20079, '张一白');
INSERT INTO `actor` VALUES (20079, '赵志凌');
INSERT INTO `actor` VALUES (20079, '董志华');
INSERT INTO `actor` VALUES (20079, '何文辉');
INSERT INTO `actor` VALUES (20079, '陈凯师');
INSERT INTO `actor` VALUES (20079, '贾康熙');
INSERT INTO `actor` VALUES (20079, '林子善');
INSERT INTO `actor` VALUES (20079, '任珈锐');
INSERT INTO `actor` VALUES (20079, '王仕颖');
INSERT INTO `actor` VALUES (20080, '莱昂纳多·迪卡普里奥');
INSERT INTO `actor` VALUES (20080, '马克·鲁弗洛');
INSERT INTO `actor` VALUES (20080, '本·金斯利');
INSERT INTO `actor` VALUES (20080, '马克斯·冯·叙多夫');
INSERT INTO `actor` VALUES (20080, '米歇尔·威廉姆斯');
INSERT INTO `actor` VALUES (20080, '艾米莉·莫迪默');
INSERT INTO `actor` VALUES (20080, '派翠西娅·克拉克森');
INSERT INTO `actor` VALUES (20080, '杰基·厄尔·哈利');
INSERT INTO `actor` VALUES (20080, '泰德·拉文');
INSERT INTO `actor` VALUES (20080, '约翰·卡洛·林奇');
INSERT INTO `actor` VALUES (20080, '伊莱亚斯·科泰斯');
INSERT INTO `actor` VALUES (20080, '罗宾·巴特利特');
INSERT INTO `actor` VALUES (20080, '克里斯托弗·邓汉');
INSERT INTO `actor` VALUES (20080, '约瑟夫·斯科拉');
INSERT INTO `actor` VALUES (20081, '阿什顿·库彻');
INSERT INTO `actor` VALUES (20081, '梅洛拉·沃尔特斯');
INSERT INTO `actor` VALUES (20081, '艾米·斯马特');
INSERT INTO `actor` VALUES (20081, '埃尔登·汉森');
INSERT INTO `actor` VALUES (20081, '威廉姆·李·斯科特');
INSERT INTO `actor` VALUES (20081, '约翰·帕特里克·阿梅多利');
INSERT INTO `actor` VALUES (20081, '艾琳·戈洛瓦娅');
INSERT INTO `actor` VALUES (20081, '凯文·G·施密特');
INSERT INTO `actor` VALUES (20081, '杰西·詹姆斯');
INSERT INTO `actor` VALUES (20081, '罗根·勒曼');
INSERT INTO `actor` VALUES (20081, '莎拉·威多斯');
INSERT INTO `actor` VALUES (20081, '杰克·凯斯');
INSERT INTO `actor` VALUES (20081, '卡梅隆·布莱特');
INSERT INTO `actor` VALUES (20081, '埃里克·斯托尔兹');
INSERT INTO `actor` VALUES (20081, '考乐姆·吉斯·雷尼');
INSERT INTO `actor` VALUES (20081, '凯文·杜兰');
INSERT INTO `actor` VALUES (20082, '休·杰克曼');
INSERT INTO `actor` VALUES (20082, '克里斯蒂安·贝尔');
INSERT INTO `actor` VALUES (20082, '迈克尔·凯恩');
INSERT INTO `actor` VALUES (20082, '丽贝卡·豪尔');
INSERT INTO `actor` VALUES (20082, '斯嘉丽·约翰逊');
INSERT INTO `actor` VALUES (20082, '大卫·鲍伊');
INSERT INTO `actor` VALUES (20082, '安迪·瑟金斯');
INSERT INTO `actor` VALUES (20082, '派珀·佩拉博');
INSERT INTO `actor` VALUES (20082, '萨曼塔·马霍林');
INSERT INTO `actor` VALUES (20082, '丹尼尔·戴维斯');
INSERT INTO `actor` VALUES (20082, '吉姆·皮多克');
INSERT INTO `actor` VALUES (20082, '克里斯托弗·尼姆');
INSERT INTO `actor` VALUES (20082, '马克·瑞安');
INSERT INTO `actor` VALUES (20082, '罗杰·里斯');
INSERT INTO `actor` VALUES (20082, '杰米·哈里斯');
INSERT INTO `actor` VALUES (20082, '罗恩·帕金斯');
INSERT INTO `actor` VALUES (20082, '瑞奇·杰');
INSERT INTO `actor` VALUES (20082, '安东尼·德·马克');
INSERT INTO `actor` VALUES (20082, '冀朝理');
INSERT INTO `actor` VALUES (20083, '丹尼尔·雷德克里夫');
INSERT INTO `actor` VALUES (20083, '艾玛·沃森');
INSERT INTO `actor` VALUES (20083, '鲁伯特·格林特');
INSERT INTO `actor` VALUES (20083, '加里·奥德曼');
INSERT INTO `actor` VALUES (20083, '朱丽·沃特斯');
INSERT INTO `actor` VALUES (20083, '邦妮·怀特');
INSERT INTO `actor` VALUES (20083, '大卫·休里斯');
INSERT INTO `actor` VALUES (20083, '迈克尔·刚本');
INSERT INTO `actor` VALUES (20083, '艾伦·瑞克曼');
INSERT INTO `actor` VALUES (20083, '玛吉·史密斯');
INSERT INTO `actor` VALUES (20083, '汤姆·费尔顿');
INSERT INTO `actor` VALUES (20083, '艾玛·汤普森');
INSERT INTO `actor` VALUES (20083, '朱莉·克里斯蒂');
INSERT INTO `actor` VALUES (20083, '蒂莫西·斯波');
INSERT INTO `actor` VALUES (20084, '马特·达蒙');
INSERT INTO `actor` VALUES (20084, '罗宾·威廉姆斯');
INSERT INTO `actor` VALUES (20084, '本·阿弗莱克');
INSERT INTO `actor` VALUES (20084, '斯特兰·斯卡斯加德');
INSERT INTO `actor` VALUES (20084, '明妮·德里弗');
INSERT INTO `actor` VALUES (20084, '卡西·阿弗莱克');
INSERT INTO `actor` VALUES (20084, '科尔·豪瑟');
INSERT INTO `actor` VALUES (20084, '约翰·迈顿');
INSERT INTO `actor` VALUES (20084, '丹·华盛顿');
INSERT INTO `actor` VALUES (20084, '艾莉森·福兰德');
INSERT INTO `actor` VALUES (20084, '维克·萨海');
INSERT INTO `actor` VALUES (20084, '史蒂文·科兹洛夫斯基');
INSERT INTO `actor` VALUES (20084, '斯科特·威廉姆·文特斯');
INSERT INTO `actor` VALUES (20084, '吉米·弗林');
INSERT INTO `actor` VALUES (20084, '乔治·普林普顿');
INSERT INTO `actor` VALUES (20084, '弗朗切斯科·克莱门特');
INSERT INTO `actor` VALUES (20086, '约翰·特拉沃尔塔');
INSERT INTO `actor` VALUES (20086, '乌玛·瑟曼');
INSERT INTO `actor` VALUES (20086, '阿曼达·普拉莫');
INSERT INTO `actor` VALUES (20086, '蒂姆·罗斯');
INSERT INTO `actor` VALUES (20086, '塞缪尔·杰克逊');
INSERT INTO `actor` VALUES (20086, '菲尔·拉马');
INSERT INTO `actor` VALUES (20086, '布鲁斯·威利斯');
INSERT INTO `actor` VALUES (20086, '弗兰克·威利');
INSERT INTO `actor` VALUES (20086, '布尔·斯蒂尔斯');
INSERT INTO `actor` VALUES (20086, '文·瑞姆斯');
INSERT INTO `actor` VALUES (20086, '劳拉·拉芙蕾丝');
INSERT INTO `actor` VALUES (20086, '保罗·考尔德伦');
INSERT INTO `actor` VALUES (20086, '布罗娜·加拉赫');
INSERT INTO `actor` VALUES (20086, '罗姗娜·阿奎特');
INSERT INTO `actor` VALUES (20086, '埃里克·斯托尔兹');
INSERT INTO `actor` VALUES (20086, '玛丽亚·德·梅黛洛');
INSERT INTO `actor` VALUES (20087, '路易·西霍尤斯');
INSERT INTO `actor` VALUES (20087, '瑞克·欧贝瑞');
INSERT INTO `actor` VALUES (20087, '哈迪·琼斯');
INSERT INTO `actor` VALUES (20087, '保罗·沃森');
INSERT INTO `actor` VALUES (20087, '森下丈二');
INSERT INTO `actor` VALUES (20087, '罗杰·S·佩恩');
INSERT INTO `actor` VALUES (20087, '迈克尔·伊利夫');
INSERT INTO `actor` VALUES (20087, '伊恩·坎贝尔');
INSERT INTO `actor` VALUES (20087, '道格·德马斯特');
INSERT INTO `actor` VALUES (20087, '戴夫·拉斯托维奇');
INSERT INTO `actor` VALUES (20087, '查尔斯·汉柏顿');
INSERT INTO `actor` VALUES (20087, '桜井速人');
INSERT INTO `actor` VALUES (20087, '曼迪-蕾·克鲁克香克');
INSERT INTO `actor` VALUES (20087, '柯克·克雷克');
INSERT INTO `actor` VALUES (20087, '约翰·波特');
INSERT INTO `actor` VALUES (20087, '汉娜·墨尔买德');
INSERT INTO `actor` VALUES (20087, '杰夫·潘图克霍夫');
INSERT INTO `actor` VALUES (20087, '伊莎贝尔·卢卡斯');
INSERT INTO `actor` VALUES (20087, '海顿·潘妮蒂尔');
INSERT INTO `actor` VALUES (20089, '张国荣');
INSERT INTO `actor` VALUES (20089, '梁朝伟');
INSERT INTO `actor` VALUES (20089, '张震');
INSERT INTO `actor` VALUES (20089, '格利高里·戴顿');
INSERT INTO `actor` VALUES (20090, '罗伯特·德尼罗');
INSERT INTO `actor` VALUES (20090, '詹姆斯·伍兹');
INSERT INTO `actor` VALUES (20090, '伊丽莎白·麦戈文');
INSERT INTO `actor` VALUES (20090, '乔·佩西');
INSERT INTO `actor` VALUES (20090, '波特·杨');
INSERT INTO `actor` VALUES (20090, '塔斯黛·韦尔德');
INSERT INTO `actor` VALUES (20090, '特里特·威廉斯');
INSERT INTO `actor` VALUES (20090, '丹尼·爱罗');
INSERT INTO `actor` VALUES (20090, '理查德·布赖特');
INSERT INTO `actor` VALUES (20090, '詹姆斯·海登');
INSERT INTO `actor` VALUES (20090, '威廉·弗西斯');
INSERT INTO `actor` VALUES (20090, '达兰妮·弗鲁格');
INSERT INTO `actor` VALUES (20090, '拉里·拉普');
INSERT INTO `actor` VALUES (20090, '理查德·弗让吉');
INSERT INTO `actor` VALUES (20090, '罗伯特·哈珀');
INSERT INTO `actor` VALUES (20090, '詹妮弗·康纳利');
INSERT INTO `actor` VALUES (20091, '周星驰');
INSERT INTO `actor` VALUES (20091, '张柏芝');
INSERT INTO `actor` VALUES (20091, '莫文蔚');
INSERT INTO `actor` VALUES (20091, '吴孟达');
INSERT INTO `actor` VALUES (20091, '林子善');
INSERT INTO `actor` VALUES (20091, '田启文');
INSERT INTO `actor` VALUES (20091, '李兆基');
INSERT INTO `actor` VALUES (20091, '成龙');
INSERT INTO `actor` VALUES (20091, '李思捷');
INSERT INTO `actor` VALUES (20091, '郑文辉');
INSERT INTO `actor` VALUES (20092, '约翰·库萨克');
INSERT INTO `actor` VALUES (20092, '雷·利奥塔');
INSERT INTO `actor` VALUES (20092, '阿曼达·皮特');
INSERT INTO `actor` VALUES (20092, '约翰·浩克斯');
INSERT INTO `actor` VALUES (20092, '阿尔弗雷德·莫里纳');
INSERT INTO `actor` VALUES (20092, '克里·杜瓦尔');
INSERT INTO `actor` VALUES (20092, '约翰·C·麦金雷');
INSERT INTO `actor` VALUES (20092, '威廉姆·李·斯科特');
INSERT INTO `actor` VALUES (20092, '杰克·布塞');
INSERT INTO `actor` VALUES (20092, '普路特·泰勒·文斯');
INSERT INTO `actor` VALUES (20092, '瑞贝卡·德·莫妮');
INSERT INTO `actor` VALUES (20092, '卡门·阿尔根齐亚诺');
INSERT INTO `actor` VALUES (20092, '马绍尔·贝尔');
INSERT INTO `actor` VALUES (20092, '莱拉·肯泽尔');
INSERT INTO `actor` VALUES (20092, '马特·莱斯切尔');
INSERT INTO `actor` VALUES (20092, '布莱特·罗尔');
INSERT INTO `actor` VALUES (20092, '霍尔姆斯·奥斯本');
INSERT INTO `actor` VALUES (20092, '弗雷德里克·科芬');
INSERT INTO `actor` VALUES (20092, '乔·哈特');
INSERT INTO `actor` VALUES (20092, '迈克尔·赫希');
INSERT INTO `actor` VALUES (20092, '泰伦斯·伯尼·海恩斯');
INSERT INTO `actor` VALUES (20093, '宋康昊');
INSERT INTO `actor` VALUES (20093, '金相庆');
INSERT INTO `actor` VALUES (20093, '金雷夏');
INSERT INTO `actor` VALUES (20093, '宋在浩');
INSERT INTO `actor` VALUES (20093, '边希峰');
INSERT INTO `actor` VALUES (20093, '高瑞熙');
INSERT INTO `actor` VALUES (20093, '柳泰浩');
INSERT INTO `actor` VALUES (20093, '朴努植');
INSERT INTO `actor` VALUES (20093, '朴海日');
INSERT INTO `actor` VALUES (20093, '全美善');
INSERT INTO `actor` VALUES (20093, '徐永嬅');
INSERT INTO `actor` VALUES (20093, '崔钟律');
INSERT INTO `actor` VALUES (20093, '刘承睦');
INSERT INTO `actor` VALUES (20093, '申贤宗');
INSERT INTO `actor` VALUES (20093, '李在应');
INSERT INTO `actor` VALUES (20093, '郑仁仙');
INSERT INTO `actor` VALUES (20093, '吴龙');
INSERT INTO `actor` VALUES (20093, '朴真宇');
INSERT INTO `actor` VALUES (20093, '朴泰京');
INSERT INTO `actor` VALUES (20093, '沈成宝');
INSERT INTO `actor` VALUES (20094, '摩根·弗里曼');
INSERT INTO `actor` VALUES (20094, '布拉德·皮特');
INSERT INTO `actor` VALUES (20094, '凯文·史派西');
INSERT INTO `actor` VALUES (20094, '格温妮斯·帕特洛');
INSERT INTO `actor` VALUES (20094, '安德鲁·凯文·沃克');
INSERT INTO `actor` VALUES (20094, '约翰·卡西尼');
INSERT INTO `actor` VALUES (20094, '雷格·E·凯蒂');
INSERT INTO `actor` VALUES (20094, '李·厄米');
INSERT INTO `actor` VALUES (20095, '林原惠美');
INSERT INTO `actor` VALUES (20095, '江守彻');
INSERT INTO `actor` VALUES (20095, '堀胜之祐');
INSERT INTO `actor` VALUES (20095, '古谷彻');
INSERT INTO `actor` VALUES (20095, '大塚明夫');
INSERT INTO `actor` VALUES (20095, '山寺宏一');
INSERT INTO `actor` VALUES (20095, '田中秀幸');
INSERT INTO `actor` VALUES (20095, '兴梠里美');
INSERT INTO `actor` VALUES (20095, '岩田光央');
INSERT INTO `actor` VALUES (20095, '爱河里花子');
INSERT INTO `actor` VALUES (20095, '川濑晶子');
INSERT INTO `actor` VALUES (20095, '太田真一郎');
INSERT INTO `actor` VALUES (20095, '福松进纱');
INSERT INTO `actor` VALUES (20095, '胜杏里');
INSERT INTO `actor` VALUES (20095, '宫下荣治');
INSERT INTO `actor` VALUES (20095, '三户耕三');
INSERT INTO `actor` VALUES (20095, '今敏');
INSERT INTO `actor` VALUES (20095, '筒井康隆');
INSERT INTO `actor` VALUES (20096, '约翰尼·德普');
INSERT INTO `actor` VALUES (20096, '杰弗里·拉什');
INSERT INTO `actor` VALUES (20096, '奥兰多·布鲁姆');
INSERT INTO `actor` VALUES (20096, '凯拉·奈特莉');
INSERT INTO `actor` VALUES (20096, '杰克·达文波特');
INSERT INTO `actor` VALUES (20096, '乔纳森·普雷斯');
INSERT INTO `actor` VALUES (20097, '丹尼尔·雷德克里夫');
INSERT INTO `actor` VALUES (20097, '艾玛·沃森');
INSERT INTO `actor` VALUES (20097, '鲁伯特·格林特');
INSERT INTO `actor` VALUES (20097, '汤姆·费尔顿');
INSERT INTO `actor` VALUES (20097, '理查德·格雷弗斯');
INSERT INTO `actor` VALUES (20097, '费奥纳·肖');
INSERT INTO `actor` VALUES (20097, '托比·琼斯');
INSERT INTO `actor` VALUES (20097, '朱丽·沃特斯');
INSERT INTO `actor` VALUES (20097, '邦妮·怀特');
INSERT INTO `actor` VALUES (20097, '詹森·艾萨克');
INSERT INTO `actor` VALUES (20097, '肯尼思·布拉纳');
INSERT INTO `actor` VALUES (20097, '艾伦·瑞克曼');
INSERT INTO `actor` VALUES (20097, '理查德·哈里斯');
INSERT INTO `actor` VALUES (20097, '玛吉·史密斯');
INSERT INTO `actor` VALUES (20097, '约翰·克里斯');
INSERT INTO `actor` VALUES (20097, '肖恩·比格斯代夫');
INSERT INTO `actor` VALUES (20097, '克里斯·兰金');
INSERT INTO `actor` VALUES (20097, '克里斯蒂安·库尔森');
INSERT INTO `actor` VALUES (20098, '吴念真');
INSERT INTO `actor` VALUES (20098, '李凯莉');
INSERT INTO `actor` VALUES (20098, '金燕玲');
INSERT INTO `actor` VALUES (20098, '张洋洋');
INSERT INTO `actor` VALUES (20098, '萧淑慎');
INSERT INTO `actor` VALUES (20098, '尾形一成');
INSERT INTO `actor` VALUES (20098, '陈希圣');
INSERT INTO `actor` VALUES (20098, '林孟瑾');
INSERT INTO `actor` VALUES (20098, '陈以文');
INSERT INTO `actor` VALUES (20098, '柯宇纶');
INSERT INTO `actor` VALUES (20098, '张育邦');
INSERT INTO `actor` VALUES (20098, '柯素云');
INSERT INTO `actor` VALUES (20098, '唐如韫');
INSERT INTO `actor` VALUES (20098, '徐淑媛');
INSERT INTO `actor` VALUES (20098, '曾心怡');
INSERT INTO `actor` VALUES (20098, '陶传正');
INSERT INTO `actor` VALUES (20099, '麦斯·米科尔森');
INSERT INTO `actor` VALUES (20099, '托玛斯·博·拉森');
INSERT INTO `actor` VALUES (20099, '安妮卡·韦德科普');
INSERT INTO `actor` VALUES (20099, '拉丝·弗格斯托姆');
INSERT INTO `actor` VALUES (20099, '苏西·沃德');
INSERT INTO `actor` VALUES (20099, '亚历山德拉·拉帕波特');
INSERT INTO `actor` VALUES (20099, '布贾内·亨里克森');
INSERT INTO `actor` VALUES (20099, '安妮·路易丝·哈辛');
INSERT INTO `actor` VALUES (20099, '拉斯·兰特');
INSERT INTO `actor` VALUES (20100, '周星驰');
INSERT INTO `actor` VALUES (20100, '巩俐');
INSERT INTO `actor` VALUES (20100, '陈百祥');
INSERT INTO `actor` VALUES (20100, '郑佩佩');
INSERT INTO `actor` VALUES (20100, '朱咪咪');
INSERT INTO `actor` VALUES (20100, '梁家仁');
INSERT INTO `actor` VALUES (20100, '苑琼丹');
INSERT INTO `actor` VALUES (20100, '梁荣忠');
INSERT INTO `actor` VALUES (20100, '黄一山');
INSERT INTO `actor` VALUES (20100, '黄霑');
INSERT INTO `actor` VALUES (20100, '吴镇宇');
INSERT INTO `actor` VALUES (20100, '刘家辉');
INSERT INTO `actor` VALUES (20100, '蓝洁瑛');
INSERT INTO `actor` VALUES (20100, '谷德昭');
INSERT INTO `actor` VALUES (20100, '陈辉虹');
INSERT INTO `actor` VALUES (20100, '李健仁');
INSERT INTO `actor` VALUES (20100, '宣萱');
INSERT INTO `actor` VALUES (20100, '温翠苹');
INSERT INTO `actor` VALUES (20101, '柳承龙');
INSERT INTO `actor` VALUES (20101, '朴信惠');
INSERT INTO `actor` VALUES (20101, '郑镇荣');
INSERT INTO `actor` VALUES (20101, '金正泰');
INSERT INTO `actor` VALUES (20101, '吴达洙');
INSERT INTO `actor` VALUES (20101, '朴元尚');
INSERT INTO `actor` VALUES (20101, '郑满植');
INSERT INTO `actor` VALUES (20101, '葛素媛');
INSERT INTO `actor` VALUES (20102, '中谷美纪');
INSERT INTO `actor` VALUES (20102, '永山瑛太');
INSERT INTO `actor` VALUES (20102, '香川照之');
INSERT INTO `actor` VALUES (20102, '市川实日子');
INSERT INTO `actor` VALUES (20102, '伊势谷友介');
INSERT INTO `actor` VALUES (20102, '柄本明');
INSERT INTO `actor` VALUES (20102, '黑泽明日香');
INSERT INTO `actor` VALUES (20102, '荒川良良');
INSERT INTO `actor` VALUES (20102, '柴崎幸');
INSERT INTO `actor` VALUES (20102, '土屋安娜');
INSERT INTO `actor` VALUES (20102, '奥之矢佳奈');
INSERT INTO `actor` VALUES (20102, '谷原章介');
INSERT INTO `actor` VALUES (20102, '武田真治');
INSERT INTO `actor` VALUES (20102, '片平渚');
INSERT INTO `actor` VALUES (20102, '宫藤官九郎');
INSERT INTO `actor` VALUES (20102, '角野卓造');
INSERT INTO `actor` VALUES (20102, '田中要次');
INSERT INTO `actor` VALUES (20102, '木村凯拉');
INSERT INTO `actor` VALUES (20102, '谷中敦');
INSERT INTO `actor` VALUES (20102, '剧团一人');
INSERT INTO `actor` VALUES (20103, '克里斯蒂安·贝尔');
INSERT INTO `actor` VALUES (20103, '汤姆·哈迪');
INSERT INTO `actor` VALUES (20103, '安妮·海瑟薇');
INSERT INTO `actor` VALUES (20103, '约瑟夫·高登-莱维特');
INSERT INTO `actor` VALUES (20103, '玛丽昂·歌迪亚');
INSERT INTO `actor` VALUES (20103, '加里·奥德曼');
INSERT INTO `actor` VALUES (20103, '迈克尔·凯恩');
INSERT INTO `actor` VALUES (20103, '摩根·弗里曼');
INSERT INTO `actor` VALUES (20103, '朱诺·坦普尔');
INSERT INTO `actor` VALUES (20103, '乔什·平茨');
INSERT INTO `actor` VALUES (20103, '丹尼尔·逊亚塔');
INSERT INTO `actor` VALUES (20103, '内斯特·卡博内尔');
INSERT INTO `actor` VALUES (20103, '伯恩·戈曼');
INSERT INTO `actor` VALUES (20103, '连姆·尼森');
INSERT INTO `actor` VALUES (20103, '乔伊·金');
INSERT INTO `actor` VALUES (20103, '艾丹·吉伦');
INSERT INTO `actor` VALUES (20103, '基里安·墨菲');
INSERT INTO `actor` VALUES (20103, '乔什·斯图沃特');
INSERT INTO `actor` VALUES (20103, '马修·莫迪恩');
INSERT INTO `actor` VALUES (20103, '本·门德尔森');
INSERT INTO `actor` VALUES (20104, '艾米·汉莫');
INSERT INTO `actor` VALUES (20104, '提莫西·查拉梅');
INSERT INTO `actor` VALUES (20104, '迈克尔·斯图巴');
INSERT INTO `actor` VALUES (20104, '阿蜜拉·卡萨');
INSERT INTO `actor` VALUES (20104, '艾斯特·加瑞尔');
INSERT INTO `actor` VALUES (20104, '维克图瓦尔·杜布瓦');
INSERT INTO `actor` VALUES (20104, '旺妲·卡布里奥罗');
INSERT INTO `actor` VALUES (20104, '安东尼奥·里莫尔迪');
INSERT INTO `actor` VALUES (20104, '埃琳娜·布奇');
INSERT INTO `actor` VALUES (20104, '马可·斯格罗索');
INSERT INTO `actor` VALUES (20104, '安德烈·艾席蒙');
INSERT INTO `actor` VALUES (20104, '彼得·斯皮尔斯');
INSERT INTO `actor` VALUES (20105, '伊桑·霍克');
INSERT INTO `actor` VALUES (20105, '朱莉·德尔佩');
INSERT INTO `actor` VALUES (20105, '安德莉亚·埃克特');
INSERT INTO `actor` VALUES (20105, '汉诺·波西尔');
INSERT INTO `actor` VALUES (20105, '卡尔·布拉克施魏格尔');
INSERT INTO `actor` VALUES (20105, '特克斯·鲁比诺威茨');
INSERT INTO `actor` VALUES (20105, '埃尔尼·曼戈尔德');
INSERT INTO `actor` VALUES (20105, '多米尼克·卡斯特尔');
INSERT INTO `actor` VALUES (20105, '海蒙·玛丽亚·巴汀格');
INSERT INTO `actor` VALUES (20105, '哈拉尔德·魏格莱因');
INSERT INTO `actor` VALUES (20105, '汉斯·魏因加特纳');
INSERT INTO `actor` VALUES (20105, '彼得·艾利·休默');
INSERT INTO `actor` VALUES (20105, '休伯特·法比安·库尔特勒');
INSERT INTO `actor` VALUES (20105, '约翰·斯洛斯');
INSERT INTO `actor` VALUES (20105, '克里斯蒂安·安科维奇');
INSERT INTO `actor` VALUES (20105, '亚当·戈德堡');
INSERT INTO `actor` VALUES (20105, '保罗·波伊特');
INSERT INTO `actor` VALUES (20106, '约翰尼·德普');
INSERT INTO `actor` VALUES (20106, '薇诺娜·瑞德');
INSERT INTO `actor` VALUES (20106, '黛安·韦斯特');
INSERT INTO `actor` VALUES (20106, '安东尼·迈克尔·豪尔');
INSERT INTO `actor` VALUES (20106, '凯西·贝克');
INSERT INTO `actor` VALUES (20106, '罗伯特·奥利维里');
INSERT INTO `actor` VALUES (20106, '康查塔·费雷尔');
INSERT INTO `actor` VALUES (20106, '卡罗琳·阿隆');
INSERT INTO `actor` VALUES (20106, '迪克·安东尼·威廉姆斯');
INSERT INTO `actor` VALUES (20106, '澳澜·琼斯');
INSERT INTO `actor` VALUES (20106, '文森特·普莱斯');
INSERT INTO `actor` VALUES (20106, '艾伦·阿金');
INSERT INTO `actor` VALUES (20106, '苏珊·布洛马特');
INSERT INTO `actor` VALUES (20106, '约翰·戴维森');
INSERT INTO `actor` VALUES (20106, '布莱恩·拉肯');
INSERT INTO `actor` VALUES (20106, 'Victoria Price');
INSERT INTO `actor` VALUES (20106, 'Stuart Lancaster');
INSERT INTO `actor` VALUES (20106, 'Gina Gallagher');
INSERT INTO `actor` VALUES (20106, '阿隆·鲁斯汀');
INSERT INTO `actor` VALUES (20106, '阿兰·弗吉');
INSERT INTO `actor` VALUES (20106, '史蒂文·布里尔');
INSERT INTO `actor` VALUES (20106, 'Peter Palmer');
INSERT INTO `actor` VALUES (20106, '马克·麦考利');
INSERT INTO `actor` VALUES (20106, '唐娜·派洛尼');
INSERT INTO `actor` VALUES (20106, 'Ken DeVaul');
INSERT INTO `actor` VALUES (20106, 'Kathy Dombo');
INSERT INTO `actor` VALUES (20106, 'Tabetha Thomas');
INSERT INTO `actor` VALUES (20106, '尼克·卡特');
INSERT INTO `actor` VALUES (20107, '希斯·莱杰');
INSERT INTO `actor` VALUES (20107, '杰克·吉伦哈尔');
INSERT INTO `actor` VALUES (20107, '米歇尔·威廉姆斯');
INSERT INTO `actor` VALUES (20107, '安妮·海瑟薇');
INSERT INTO `actor` VALUES (20107, '凯特·玛拉');
INSERT INTO `actor` VALUES (20107, '兰迪·奎德');
INSERT INTO `actor` VALUES (20107, '琳达·卡德里尼');
INSERT INTO `actor` VALUES (20107, '安娜·法瑞丝');
INSERT INTO `actor` VALUES (20107, '格拉汉姆·贝克尔');
INSERT INTO `actor` VALUES (20107, '斯科特·迈克尔·坎贝尔');
INSERT INTO `actor` VALUES (20107, '大卫·哈伯');
INSERT INTO `actor` VALUES (20107, '罗伯塔·马克斯韦尔');
INSERT INTO `actor` VALUES (20107, '皮特·麦克罗比');
INSERT INTO `actor` VALUES (20107, '夏恩·希尔');
INSERT INTO `actor` VALUES (20107, '布鲁克琳·普劳克斯');
INSERT INTO `actor` VALUES (20107, '杰克·丘奇');
INSERT INTO `actor` VALUES (20108, '本木雅弘');
INSERT INTO `actor` VALUES (20108, '广末凉子');
INSERT INTO `actor` VALUES (20108, '山崎努');
INSERT INTO `actor` VALUES (20108, '吉行和子');
INSERT INTO `actor` VALUES (20108, '笹野高史');
INSERT INTO `actor` VALUES (20108, '余贵美子');
INSERT INTO `actor` VALUES (20109, '布鲁斯·威利斯');
INSERT INTO `actor` VALUES (20109, '海利·乔·奥斯蒙');
INSERT INTO `actor` VALUES (20109, '托妮·科莱特');
INSERT INTO `actor` VALUES (20109, '奥莉维亚·威廉姆斯');
INSERT INTO `actor` VALUES (20109, '唐尼·沃尔伯格');
INSERT INTO `actor` VALUES (20109, '特拉沃·摩根');
INSERT INTO `actor` VALUES (20109, '彼得·安东尼·唐伯蒂斯');
INSERT INTO `actor` VALUES (20109, '格伦·菲茨杰拉德');
INSERT INTO `actor` VALUES (20109, '米莎·巴顿');
INSERT INTO `actor` VALUES (20109, 'Lisa Summerour');
INSERT INTO `actor` VALUES (20109, '法尔德斯·巴姆');
INSERT INTO `actor` VALUES (20109, '杰弗里·泽布尼斯');
INSERT INTO `actor` VALUES (20110, '林青霞');
INSERT INTO `actor` VALUES (20110, '金城武');
INSERT INTO `actor` VALUES (20110, '梁朝伟');
INSERT INTO `actor` VALUES (20110, '王菲');
INSERT INTO `actor` VALUES (20110, '周嘉玲');
INSERT INTO `actor` VALUES (20111, '梅尔·吉布森');
INSERT INTO `actor` VALUES (20111, '苏菲·玛索');
INSERT INTO `actor` VALUES (20111, '布莱恩·考克斯');
INSERT INTO `actor` VALUES (20111, '詹姆斯·科兹莫');
INSERT INTO `actor` VALUES (20111, '辛·劳洛');
INSERT INTO `actor` VALUES (20111, '凯瑟琳·麦克马克');
INSERT INTO `actor` VALUES (20111, '安古斯·麦克菲登');
INSERT INTO `actor` VALUES (20112, '斯科特·安第斯');
INSERT INTO `actor` VALUES (20112, '瑞恩·波特');
INSERT INTO `actor` VALUES (20112, '丹尼尔·海尼');
INSERT INTO `actor` VALUES (20112, 'T·J·米勒');
INSERT INTO `actor` VALUES (20112, '郑智麟');
INSERT INTO `actor` VALUES (20112, '小达蒙·韦恩斯');
INSERT INTO `actor` VALUES (20112, '珍尼希斯·罗德里格兹');
INSERT INTO `actor` VALUES (20112, '詹姆斯·克伦威尔');
INSERT INTO `actor` VALUES (20112, '艾伦·图代克');
INSERT INTO `actor` VALUES (20112, '玛娅·鲁道夫');
INSERT INTO `actor` VALUES (20112, '亚布拉哈姆·本鲁比');
INSERT INTO `actor` VALUES (20112, '凯蒂·洛斯');
INSERT INTO `actor` VALUES (20112, '比利·布什');
INSERT INTO `actor` VALUES (20112, '丹尼尔·吉尔森');
INSERT INTO `actor` VALUES (20112, '保罗·布里格斯');
INSERT INTO `actor` VALUES (20113, '黎明');
INSERT INTO `actor` VALUES (20113, '张曼玉');
INSERT INTO `actor` VALUES (20113, '杨恭如');
INSERT INTO `actor` VALUES (20113, '曾志伟');
INSERT INTO `actor` VALUES (20113, '杜可风');
INSERT INTO `actor` VALUES (20113, '张同祖');
INSERT INTO `actor` VALUES (20113, '诸慧荷');
INSERT INTO `actor` VALUES (20113, '丁羽');
INSERT INTO `actor` VALUES (20114, '松田洋治');
INSERT INTO `actor` VALUES (20114, '石田百合子');
INSERT INTO `actor` VALUES (20114, '田中裕子');
INSERT INTO `actor` VALUES (20114, '小林薰');
INSERT INTO `actor` VALUES (20114, '西村雅彦');
INSERT INTO `actor` VALUES (20114, '上条恒彦');
INSERT INTO `actor` VALUES (20114, '岛本须美');
INSERT INTO `actor` VALUES (20114, '渡边哲');
INSERT INTO `actor` VALUES (20114, '佐藤允');
INSERT INTO `actor` VALUES (20114, '名古屋章');
INSERT INTO `actor` VALUES (20114, '美轮明宏');
INSERT INTO `actor` VALUES (20114, '森光子');
INSERT INTO `actor` VALUES (20114, '森繁久弥');
INSERT INTO `actor` VALUES (20115, '伊桑·霍克');
INSERT INTO `actor` VALUES (20115, '朱莉·德尔佩');
INSERT INTO `actor` VALUES (20115, '弗农·多布切夫');
INSERT INTO `actor` VALUES (20115, '路易丝·勒莫瓦纳·托雷斯');
INSERT INTO `actor` VALUES (20115, '罗多尔·保利');
INSERT INTO `actor` VALUES (20115, '玛丽安·普莱施泰格');
INSERT INTO `actor` VALUES (20115, '迪亚博洛');
INSERT INTO `actor` VALUES (20115, '丹尼·弗拉');
INSERT INTO `actor` VALUES (20115, '艾伯特·德尔佩');
INSERT INTO `actor` VALUES (20115, '玛丽·佩里');
INSERT INTO `actor` VALUES (20116, '北野武');
INSERT INTO `actor` VALUES (20116, '关口雄介');
INSERT INTO `actor` VALUES (20116, '岸本加世子');
INSERT INTO `actor` VALUES (20116, '吉行和子');
INSERT INTO `actor` VALUES (20116, '细川典江');
INSERT INTO `actor` VALUES (20116, '大家由祐子');
INSERT INTO `actor` VALUES (20116, '磨赤儿');
INSERT INTO `actor` VALUES (20116, '铃木忠幸');
INSERT INTO `actor` VALUES (20116, '井手博士');
INSERT INTO `actor` VALUES (20116, '今村鼠');
INSERT INTO `actor` VALUES (20116, '兼子二郎');
INSERT INTO `actor` VALUES (20116, '田中要次');
INSERT INTO `actor` VALUES (20116, '小岛可奈子');
INSERT INTO `actor` VALUES (20117, '志田未来');
INSERT INTO `actor` VALUES (20117, '神木隆之介');
INSERT INTO `actor` VALUES (20117, '树木希林');
INSERT INTO `actor` VALUES (20117, '三浦友和');
INSERT INTO `actor` VALUES (20117, '大竹忍');
INSERT INTO `actor` VALUES (20117, '竹下景子');
INSERT INTO `actor` VALUES (20117, '藤原龙也');
INSERT INTO `actor` VALUES (20118, '宋康昊');
INSERT INTO `actor` VALUES (20118, '李善均');
INSERT INTO `actor` VALUES (20118, '曹汝贞');
INSERT INTO `actor` VALUES (20118, '崔宇植');
INSERT INTO `actor` VALUES (20118, '朴素丹');
INSERT INTO `actor` VALUES (20118, '李姃垠');
INSERT INTO `actor` VALUES (20118, '张慧珍');
INSERT INTO `actor` VALUES (20118, '郑知晓');
INSERT INTO `actor` VALUES (20118, '朴明勋');
INSERT INTO `actor` VALUES (20118, '朴叙俊');
INSERT INTO `actor` VALUES (20118, '朴根禄');
INSERT INTO `actor` VALUES (20118, '郑贤俊');
INSERT INTO `actor` VALUES (20118, '朴孝新');
INSERT INTO `actor` VALUES (20118, '安德烈亚斯·弗龙克');
INSERT INTO `actor` VALUES (20121, '奥黛丽·塔图');
INSERT INTO `actor` VALUES (20121, '马修·卡索维茨');
INSERT INTO `actor` VALUES (20121, '吕菲斯');
INSERT INTO `actor` VALUES (20121, '洛莱拉·克拉沃塔');
INSERT INTO `actor` VALUES (20121, '塞尔·梅林');
INSERT INTO `actor` VALUES (20121, '贾梅尔·杜布兹');
INSERT INTO `actor` VALUES (20121, '克洛蒂尔德·莫莱特');
INSERT INTO `actor` VALUES (20121, '克莱尔·莫里耶');
INSERT INTO `actor` VALUES (20121, '伊莎贝尔·南蒂');
INSERT INTO `actor` VALUES (20121, '多米尼克·皮侬');
INSERT INTO `actor` VALUES (20121, '阿尔蒂斯·德·彭居埃恩');
INSERT INTO `actor` VALUES (20121, '友兰达·梦露');
INSERT INTO `actor` VALUES (20121, '于尔班·康塞利埃');
INSERT INTO `actor` VALUES (20121, '莫里斯·贝尼舒');
INSERT INTO `actor` VALUES (20121, '米歇尔·罗班');
INSERT INTO `actor` VALUES (20121, '安德烈·达芒');
INSERT INTO `actor` VALUES (20121, '克洛德·佩隆');
INSERT INTO `actor` VALUES (20121, '阿尔梅尔');
INSERT INTO `actor` VALUES (20121, '迪基·奥尔加多');
INSERT INTO `actor` VALUES (20121, '凯文·迪亚士');
INSERT INTO `actor` VALUES (20121, '弗洛拉·吉耶');
INSERT INTO `actor` VALUES (20121, '阿莫里·巴博尔');
INSERT INTO `actor` VALUES (20121, '欧仁·贝蒂埃');
INSERT INTO `actor` VALUES (20121, '让·达里');
INSERT INTO `actor` VALUES (20121, '马克·阿米约');
INSERT INTO `actor` VALUES (20122, '凯文·科斯特纳');
INSERT INTO `actor` VALUES (20122, '劳拉·邓恩');
INSERT INTO `actor` VALUES (20122, '克林特·伊斯特伍德');
INSERT INTO `actor` VALUES (20122, 'T·J·劳瑟');
INSERT INTO `actor` VALUES (20122, '基斯·斯扎拉巴基克');
INSERT INTO `actor` VALUES (20123, '桥本爱');
INSERT INTO `actor` VALUES (20123, '三浦贵大');
INSERT INTO `actor` VALUES (20123, '松冈茉优');
INSERT INTO `actor` VALUES (20123, '温水洋一');
INSERT INTO `actor` VALUES (20123, '桐岛加恋');
INSERT INTO `actor` VALUES (20124, '张国荣');
INSERT INTO `actor` VALUES (20124, '王祖贤');
INSERT INTO `actor` VALUES (20124, '午马');
INSERT INTO `actor` VALUES (20124, '刘兆铭');
INSERT INTO `actor` VALUES (20124, '林威');
INSERT INTO `actor` VALUES (20124, '薛芷伦');
INSERT INTO `actor` VALUES (20124, '胡大为');
INSERT INTO `actor` VALUES (20124, '王晶');
INSERT INTO `actor` VALUES (20125, '柳乐优弥');
INSERT INTO `actor` VALUES (20125, '北浦爱');
INSERT INTO `actor` VALUES (20125, '木村飞影');
INSERT INTO `actor` VALUES (20125, '清水萌萌子');
INSERT INTO `actor` VALUES (20125, '韩英惠');
INSERT INTO `actor` VALUES (20125, '江原由希子');
INSERT INTO `actor` VALUES (20125, '串田和美');
INSERT INTO `actor` VALUES (20125, '冈元夕纪子');
INSERT INTO `actor` VALUES (20125, '楯隆子');
INSERT INTO `actor` VALUES (20125, '加濑亮');
INSERT INTO `actor` VALUES (20125, '村野友希');
INSERT INTO `actor` VALUES (20125, '田中庆太');
INSERT INTO `actor` VALUES (20125, '木村佑一');
INSERT INTO `actor` VALUES (20125, '远藤宪一');
INSERT INTO `actor` VALUES (20125, '寺岛进');
INSERT INTO `actor` VALUES (20125, '平泉成');
INSERT INTO `actor` VALUES (20126, '多姆纳尔·格里森');
INSERT INTO `actor` VALUES (20126, '瑞秋·麦克亚当斯');
INSERT INTO `actor` VALUES (20126, '比尔·奈伊');
INSERT INTO `actor` VALUES (20126, '莉迪亚·威尔逊');
INSERT INTO `actor` VALUES (20126, '琳赛·邓肯');
INSERT INTO `actor` VALUES (20126, '理查德·科德里');
INSERT INTO `actor` VALUES (20126, '约书亚·麦圭尔');
INSERT INTO `actor` VALUES (20126, '汤姆·霍兰德尔');
INSERT INTO `actor` VALUES (20126, '玛格特·罗比');
INSERT INTO `actor` VALUES (20126, '维尔·梅里克');
INSERT INTO `actor` VALUES (20126, '凡妮莎·柯比');
INSERT INTO `actor` VALUES (20126, '汤姆·休斯');
INSERT INTO `actor` VALUES (20126, '哈利·海顿-佩顿');
INSERT INTO `actor` VALUES (20126, '米切尔·马伦');
INSERT INTO `actor` VALUES (20126, '丽莎·艾科恩');
INSERT INTO `actor` VALUES (20126, '珍妮·莱恩斯福德');
INSERT INTO `actor` VALUES (20126, '菲利普-沃斯');
INSERT INTO `actor` VALUES (20126, '凯瑟琳·斯戴曼');
INSERT INTO `actor` VALUES (20126, '汤姆·斯托顿');
INSERT INTO `actor` VALUES (20126, '安部春香');
INSERT INTO `actor` VALUES (20126, '李·阿斯奎斯-柯');
INSERT INTO `actor` VALUES (20126, '理查德·班克斯');
INSERT INTO `actor` VALUES (20126, '保罗·布莱克维尔');
INSERT INTO `actor` VALUES (20126, '贝恩·科拉科');
INSERT INTO `actor` VALUES (20126, '格拉姆·柯里');
INSERT INTO `actor` VALUES (20126, '罗薇娜·戴蒙德');
INSERT INTO `actor` VALUES (20126, '约翰·达根');
INSERT INTO `actor` VALUES (20126, '迪诺·法赞尼');
INSERT INTO `actor` VALUES (20126, '内芙·加切夫');
INSERT INTO `actor` VALUES (20126, '理查德·E·格兰特');
INSERT INTO `actor` VALUES (20126, '理查德·格雷弗斯');
INSERT INTO `actor` VALUES (20126, '李·尼古拉斯·哈里斯');
INSERT INTO `actor` VALUES (20126, '理查德·赫德曼');
INSERT INTO `actor` VALUES (20126, '李仙湖');
INSERT INTO `actor` VALUES (20126, '马修·C·马蒂诺');
INSERT INTO `actor` VALUES (20126, '马汀·麦格');
INSERT INTO `actor` VALUES (20126, '艾莉克丝·摩尔');
INSERT INTO `actor` VALUES (20127, '本名阳子');
INSERT INTO `actor` VALUES (20127, '小林桂树');
INSERT INTO `actor` VALUES (20127, '高山南');
INSERT INTO `actor` VALUES (20127, '高桥一生');
INSERT INTO `actor` VALUES (20127, '山下容莉枝');
INSERT INTO `actor` VALUES (20127, '室井滋');
INSERT INTO `actor` VALUES (20127, '露口茂');
INSERT INTO `actor` VALUES (20127, '饭冢雅弓');
INSERT INTO `actor` VALUES (20128, '岩男润子');
INSERT INTO `actor` VALUES (20128, '松本梨香');
INSERT INTO `actor` VALUES (20128, '辻亲八');
INSERT INTO `actor` VALUES (20128, '大仓正章');
INSERT INTO `actor` VALUES (20128, '秋元羊介');
INSERT INTO `actor` VALUES (20128, '盐屋翼');
INSERT INTO `actor` VALUES (20128, '堀秀行');
INSERT INTO `actor` VALUES (20128, '筱原惠美');
INSERT INTO `actor` VALUES (20128, '江原正士');
INSERT INTO `actor` VALUES (20128, '梁田清之');
INSERT INTO `actor` VALUES (20128, '古泽彻');
INSERT INTO `actor` VALUES (20128, '新山志保');
INSERT INTO `actor` VALUES (20128, '古川惠实子');
INSERT INTO `actor` VALUES (20128, '原亚弥');
INSERT INTO `actor` VALUES (20128, '三木真一郎');
INSERT INTO `actor` VALUES (20128, '山野井仁');
INSERT INTO `actor` VALUES (20128, '田野惠');
INSERT INTO `actor` VALUES (20128, '长嶝高士');
INSERT INTO `actor` VALUES (20128, '陶山章央');
INSERT INTO `actor` VALUES (20128, '细井治');
INSERT INTO `actor` VALUES (20128, '远近孝一');
INSERT INTO `actor` VALUES (20128, '本井英美');
INSERT INTO `actor` VALUES (20128, '保志总一朗');
INSERT INTO `actor` VALUES (20128, '谷山纪章');
INSERT INTO `actor` VALUES (20128, '北野诚');
INSERT INTO `actor` VALUES (20128, '南香织');
INSERT INTO `actor` VALUES (20128, '商店一野');
INSERT INTO `actor` VALUES (20129, '丹尼尔·雷德克里夫');
INSERT INTO `actor` VALUES (20129, '艾玛·沃森');
INSERT INTO `actor` VALUES (20129, '鲁伯特·格林特');
INSERT INTO `actor` VALUES (20129, '迈克尔·刚本');
INSERT INTO `actor` VALUES (20129, '玛吉·史密斯');
INSERT INTO `actor` VALUES (20129, '汤姆·费尔顿');
INSERT INTO `actor` VALUES (20129, '蒂莫西·斯波');
INSERT INTO `actor` VALUES (20129, '罗伯特·帕丁森');
INSERT INTO `actor` VALUES (20129, '梁佩诗');
INSERT INTO `actor` VALUES (20129, '大卫·田纳特');
INSERT INTO `actor` VALUES (20129, '马克·威廉姆斯');
INSERT INTO `actor` VALUES (20129, '埃里克·赛克斯');
INSERT INTO `actor` VALUES (20129, '詹姆斯·菲尔普斯');
INSERT INTO `actor` VALUES (20129, '奥利弗·菲尔普斯');
INSERT INTO `actor` VALUES (20129, '邦妮·怀特');
INSERT INTO `actor` VALUES (20129, '克蕾曼丝·波西');
INSERT INTO `actor` VALUES (20129, '加里·奥德曼');
INSERT INTO `actor` VALUES (20129, '杰夫·劳勒');
INSERT INTO `actor` VALUES (20129, '詹森·艾萨克');
INSERT INTO `actor` VALUES (20129, '斯坦尼斯拉夫·雅涅夫斯基');
INSERT INTO `actor` VALUES (20129, '罗伯特·哈迪');
INSERT INTO `actor` VALUES (20129, '阿什莉·阿尔图斯');
INSERT INTO `actor` VALUES (20129, '亚历克斯·帕尔墨');
INSERT INTO `actor` VALUES (20129, '罗格·洛伊德-派克');
INSERT INTO `actor` VALUES (20129, '希拉·艾伦');
INSERT INTO `actor` VALUES (20129, 'Su Elliot');
INSERT INTO `actor` VALUES (20129, '大卫·斯特恩');
INSERT INTO `actor` VALUES (20129, '玛格里·梅森');
INSERT INTO `actor` VALUES (20129, '马修·刘易斯');
INSERT INTO `actor` VALUES (20129, '罗彼·考特拉尼');
INSERT INTO `actor` VALUES (20129, '威廉姆·麦灵');
INSERT INTO `actor` VALUES (20129, '大卫·布拉德利');
INSERT INTO `actor` VALUES (20129, '戴文·穆雷');
INSERT INTO `actor` VALUES (20129, '艾芙珊·阿扎德');
INSERT INTO `actor` VALUES (20129, '沃维克·戴维斯');
INSERT INTO `actor` VALUES (20129, '弗朗西斯·德·拉·图瓦');
INSERT INTO `actor` VALUES (20129, '谢发丽·裘德胡里');
INSERT INTO `actor` VALUES (20129, '安吉拉珂·曼蒂');
INSERT INTO `actor` VALUES (20129, '艾伦·瑞克曼');
INSERT INTO `actor` VALUES (20129, '普里德拉格·比耶拉克');
INSERT INTO `actor` VALUES (20129, 'Tolga Safer');
INSERT INTO `actor` VALUES (20129, '布莱丹·格里森');
INSERT INTO `actor` VALUES (20129, '阿尔弗雷德·伊诺奇');
INSERT INTO `actor` VALUES (20129, '路易·多伊尔');
INSERT INTO `actor` VALUES (20129, '杰米·威莱特');
INSERT INTO `actor` VALUES (20129, '乔什·赫德曼');
INSERT INTO `actor` VALUES (20129, '夏洛特·斯凯奇');
INSERT INTO `actor` VALUES (20129, '米兰达·理查森');
INSERT INTO `actor` VALUES (20129, '罗伯特·威尔福特');
INSERT INTO `actor` VALUES (20129, 'Tiana Benjamin');
INSERT INTO `actor` VALUES (20129, '亨利·劳埃德-休斯');
INSERT INTO `actor` VALUES (20129, '贾维斯·考科尔');
INSERT INTO `actor` VALUES (20129, '强尼·格林伍德');
INSERT INTO `actor` VALUES (20129, '菲尔·塞尔维');
INSERT INTO `actor` VALUES (20129, '史蒂夫·麦基');
INSERT INTO `actor` VALUES (20129, 'Jason Buckle');
INSERT INTO `actor` VALUES (20129, 'Steve Claydon');
INSERT INTO `actor` VALUES (20129, '雪莉·亨德森');
INSERT INTO `actor` VALUES (20129, '拉尔夫·费因斯');
INSERT INTO `actor` VALUES (20129, '阿德里安·劳林斯');
INSERT INTO `actor` VALUES (20129, '杰拉丁·萨莫维尔');
INSERT INTO `actor` VALUES (20129, '拉斯科·阿特金斯');
INSERT INTO `actor` VALUES (20129, 'Jack Bagley');
INSERT INTO `actor` VALUES (20129, '葛蕾·贝拉玛西娜');
INSERT INTO `actor` VALUES (20129, 'Paul Davies');
INSERT INTO `actor` VALUES (20129, 'Barry Dowden');
INSERT INTO `actor` VALUES (20129, 'Natalie Hallam');
INSERT INTO `actor` VALUES (20130, '杰伊·巴鲁切尔');
INSERT INTO `actor` VALUES (20130, '杰拉德·巴特勒');
INSERT INTO `actor` VALUES (20130, '克雷格·费格森');
INSERT INTO `actor` VALUES (20130, '亚美莉卡·费雷拉');
INSERT INTO `actor` VALUES (20130, '乔纳·希尔');
INSERT INTO `actor` VALUES (20130, '克里斯托夫·梅兹-普莱瑟');
INSERT INTO `actor` VALUES (20130, 'T·J·米勒');
INSERT INTO `actor` VALUES (20130, '克里斯汀·韦格');
INSERT INTO `actor` VALUES (20130, '罗宾·阿特金·唐斯');
INSERT INTO `actor` VALUES (20130, '菲利普·麦格雷德');
INSERT INTO `actor` VALUES (20130, '基隆·埃利奥特');
INSERT INTO `actor` VALUES (20130, '阿什利·詹森');
INSERT INTO `actor` VALUES (20130, '大卫·田纳特');
INSERT INTO `actor` VALUES (20131, '汤姆·汉克斯');
INSERT INTO `actor` VALUES (20131, '凯瑟琳·泽塔-琼斯');
INSERT INTO `actor` VALUES (20131, '斯坦利·图齐');
INSERT INTO `actor` VALUES (20131, '齐·麦克布赖德');
INSERT INTO `actor` VALUES (20131, '迭戈·卢纳');
INSERT INTO `actor` VALUES (20131, '巴里·沙巴卡·亨利');
INSERT INTO `actor` VALUES (20131, '库玛·帕拉纳');
INSERT INTO `actor` VALUES (20131, '佐伊·索尔达娜');
INSERT INTO `actor` VALUES (20131, '埃迪·琼斯');
INSERT INTO `actor` VALUES (20131, '祖德·塞克利拉');
INSERT INTO `actor` VALUES (20131, '科瑞·雷诺兹');
INSERT INTO `actor` VALUES (20131, '吉列尔莫·迪亚兹');
INSERT INTO `actor` VALUES (20131, '里尼·贝尔');
INSERT INTO `actor` VALUES (20131, '瓦列里·尼古拉耶夫');
INSERT INTO `actor` VALUES (20131, '迈克尔·诺里');
INSERT INTO `actor` VALUES (20131, '鲍勃·莫里西');
INSERT INTO `actor` VALUES (20131, '萨沙·斯皮尔伯格');
INSERT INTO `actor` VALUES (20131, '苏珊·索洛米');
INSERT INTO `actor` VALUES (20131, '卡尔利斯·布克');
INSERT INTO `actor` VALUES (20131, '斯蒂芬·富勒');
INSERT INTO `actor` VALUES (20131, '丹·芬纳蒂');
INSERT INTO `actor` VALUES (20131, '莉迪亚·布兰科');
INSERT INTO `actor` VALUES (20131, '肯尼斯·崔');
INSERT INTO `actor` VALUES (20131, '卡斯·安瓦尔');
INSERT INTO `actor` VALUES (20131, '康拉德·皮拉');
INSERT INTO `actor` VALUES (20131, '杜桑恩·杜基齐');
INSERT INTO `actor` VALUES (20131, '马克·伊瓦涅');
INSERT INTO `actor` VALUES (20131, 'Benny Golson');
INSERT INTO `actor` VALUES (20131, '斯科特·安第斯');
INSERT INTO `actor` VALUES (20131, '罗伯特·科瓦吕比亚');
INSERT INTO `actor` VALUES (20131, 'Dilva Henry');
INSERT INTO `actor` VALUES (20131, '卡尔艾拉切');
INSERT INTO `actor` VALUES (20131, '哈亚提·阿克巴斯');
INSERT INTO `actor` VALUES (20131, '艾力克斯·伯恩斯');
INSERT INTO `actor` VALUES (20131, '埃莱娜·卡多纳');
INSERT INTO `actor` VALUES (20131, 'Dan Chase');
INSERT INTO `actor` VALUES (20131, '查得·R·戴维斯');
INSERT INTO `actor` VALUES (20131, '安东内拉·埃莉亚');
INSERT INTO `actor` VALUES (20131, 'Michael Eliopoulos');
INSERT INTO `actor` VALUES (20131, '马斯顿·福布斯');
INSERT INTO `actor` VALUES (20131, 'Riad Galayini');
INSERT INTO `actor` VALUES (20131, '杰拉德·加纳');
INSERT INTO `actor` VALUES (20131, '贾斯汀·罗杰斯豪尔');
INSERT INTO `actor` VALUES (20131, '穆罕默德·哈桑');
INSERT INTO `actor` VALUES (20131, 'Amber Havens');
INSERT INTO `actor` VALUES (20131, 'Ksenia Jarova');
INSERT INTO `actor` VALUES (20131, '巴里·朱利安');
INSERT INTO `actor` VALUES (20131, 'Svilena Kidess');
INSERT INTO `actor` VALUES (20131, 'Zuzana Monroe');
INSERT INTO `actor` VALUES (20131, '艾丽西亚·奥奇瑟');
INSERT INTO `actor` VALUES (20131, '本杰明·奥切恩格');
INSERT INTO `actor` VALUES (20132, '桥本爱');
INSERT INTO `actor` VALUES (20132, '三浦贵大');
INSERT INTO `actor` VALUES (20132, '松冈茉优');
INSERT INTO `actor` VALUES (20132, '温水洋一');
INSERT INTO `actor` VALUES (20132, '桐岛加恋');
INSERT INTO `actor` VALUES (20133, '罗夫·拉斯加德');
INSERT INTO `actor` VALUES (20133, '巴哈·帕斯');
INSERT INTO `actor` VALUES (20133, '托比亚斯·阿姆博瑞');
INSERT INTO `actor` VALUES (20133, '菲利普·伯格');
INSERT INTO `actor` VALUES (20133, '安娜-莱娜·布伦丁');
INSERT INTO `actor` VALUES (20133, '博瑞·伦贝里');
INSERT INTO `actor` VALUES (20133, '埃达·英格薇');
INSERT INTO `actor` VALUES (20133, '弗雷德里克·埃弗斯');
INSERT INTO `actor` VALUES (20133, '玛德琳·雅各布松');
INSERT INTO `actor` VALUES (20133, '查特里娜·拉松');
INSERT INTO `actor` VALUES (20133, '杰克尔·法尔斯特伦');
INSERT INTO `actor` VALUES (20134, '阿尔·帕西诺');
INSERT INTO `actor` VALUES (20134, '黛安·基顿');
INSERT INTO `actor` VALUES (20134, '塔莉娅·夏尔');
INSERT INTO `actor` VALUES (20134, '安迪·加西亚');
INSERT INTO `actor` VALUES (20134, '埃里·瓦拉赫');
INSERT INTO `actor` VALUES (20134, '乔·曼特纳');
INSERT INTO `actor` VALUES (20134, '乔治·汉密尔顿');
INSERT INTO `actor` VALUES (20134, '布里吉特·方达');
INSERT INTO `actor` VALUES (20134, '索菲亚·科波拉');
INSERT INTO `actor` VALUES (20134, '雷夫·瓦朗');
INSERT INTO `actor` VALUES (20134, '弗兰克·德安布罗西奥');
INSERT INTO `actor` VALUES (20134, '敦尔·当纳利');
INSERT INTO `actor` VALUES (20134, '理查德·布赖特');
INSERT INTO `actor` VALUES (20134, '赫尔穆特·贝格');
INSERT INTO `actor` VALUES (20134, '唐·诺韦洛');
INSERT INTO `actor` VALUES (20135, '约翰·古德曼');
INSERT INTO `actor` VALUES (20135, '比利·克里斯托');
INSERT INTO `actor` VALUES (20135, '玛丽·吉布斯');
INSERT INTO `actor` VALUES (20135, '史蒂夫·布西密');
INSERT INTO `actor` VALUES (20135, '詹姆斯·柯本');
INSERT INTO `actor` VALUES (20135, '詹妮弗·提莉');
INSERT INTO `actor` VALUES (20135, '鲍勃·彼德森');
INSERT INTO `actor` VALUES (20135, '约翰·拉森贝格');
INSERT INTO `actor` VALUES (20135, '弗兰克·奥兹');
INSERT INTO `actor` VALUES (20135, '丹尼尔·吉尔森');
INSERT INTO `actor` VALUES (20135, '邦尼·亨特');
INSERT INTO `actor` VALUES (20135, '杰克·安杰尔');
INSERT INTO `actor` VALUES (20135, '塞缪尔·洛德·布莱克');
INSERT INTO `actor` VALUES (20135, '史蒂夫·萨斯坎德');
INSERT INTO `actor` VALUES (20136, '汤姆·汉克斯');
INSERT INTO `actor` VALUES (20136, '蒂姆·艾伦');
INSERT INTO `actor` VALUES (20136, '琼·库萨克');
INSERT INTO `actor` VALUES (20136, '尼德·巴蒂');
INSERT INTO `actor` VALUES (20136, '唐·里克斯');
INSERT INTO `actor` VALUES (20136, '迈克尔·基顿');
INSERT INTO `actor` VALUES (20137, '凯拉·奈特莉');
INSERT INTO `actor` VALUES (20137, '马修·麦克费登');
INSERT INTO `actor` VALUES (20137, '唐纳德·萨瑟兰');
INSERT INTO `actor` VALUES (20137, '布兰达·布莱斯');
INSERT INTO `actor` VALUES (20137, '凯瑞·穆里根');
INSERT INTO `actor` VALUES (20137, '裴淳华');
INSERT INTO `actor` VALUES (20137, '吉娜·马隆');
INSERT INTO `actor` VALUES (20137, '妲露拉·莱莉');
INSERT INTO `actor` VALUES (20137, '朱迪·丹奇');
INSERT INTO `actor` VALUES (20137, '西蒙·伍兹');
INSERT INTO `actor` VALUES (20137, '克劳迪·布莱克利');
INSERT INTO `actor` VALUES (20137, '汤姆·霍兰德尔');
INSERT INTO `actor` VALUES (20137, '鲁伯特·弗兰德');
INSERT INTO `actor` VALUES (20137, '凯利·蕾莉');
INSERT INTO `actor` VALUES (20137, '皮普·托伦斯');
INSERT INTO `actor` VALUES (20137, '西妮德·马修斯');
INSERT INTO `actor` VALUES (20137, '佩内洛普·威尔顿');
INSERT INTO `actor` VALUES (20137, '塔姆金·莫钦特');
INSERT INTO `actor` VALUES (20138, '李政宰');
INSERT INTO `actor` VALUES (20138, '崔岷植');
INSERT INTO `actor` VALUES (20138, '黄政民');
INSERT INTO `actor` VALUES (20138, '宋智孝');
INSERT INTO `actor` VALUES (20138, '朴成雄');
INSERT INTO `actor` VALUES (20138, '金秉玉');
INSERT INTO `actor` VALUES (20138, '金胤成');
INSERT INTO `actor` VALUES (20139, '佐仓绫音');
INSERT INTO `actor` VALUES (20139, '内山昂辉');
INSERT INTO `actor` VALUES (20139, '辻亲八');
INSERT INTO `actor` VALUES (20139, '山本兼平');
INSERT INTO `actor` VALUES (20139, '后藤弘树');
INSERT INTO `actor` VALUES (20139, '今井麻美');
INSERT INTO `actor` VALUES (20140, '孔刘');
INSERT INTO `actor` VALUES (20140, '郑有美');
INSERT INTO `actor` VALUES (20140, '马东锡');
INSERT INTO `actor` VALUES (20140, '金秀安');
INSERT INTO `actor` VALUES (20140, '金义城');
INSERT INTO `actor` VALUES (20140, '崔宇植');
INSERT INTO `actor` VALUES (20140, '安昭熙');
INSERT INTO `actor` VALUES (20140, '崔奎华');
INSERT INTO `actor` VALUES (20140, '郑锡勇');
INSERT INTO `actor` VALUES (20140, '芮秀贞');
INSERT INTO `actor` VALUES (20140, '朴明申');
INSERT INTO `actor` VALUES (20140, '张赫镇');
INSERT INTO `actor` VALUES (20140, '禹都临');
INSERT INTO `actor` VALUES (20140, '沈恩敬');
INSERT INTO `actor` VALUES (20141, '杰米·福克斯');
INSERT INTO `actor` VALUES (20141, '莱昂纳多·迪卡普里奥');
INSERT INTO `actor` VALUES (20141, '克里斯托弗·瓦尔兹');
INSERT INTO `actor` VALUES (20141, '塞缪尔·杰克逊');
INSERT INTO `actor` VALUES (20141, '凯丽·华盛顿');
INSERT INTO `actor` VALUES (20141, '沃尔顿·戈金斯');
INSERT INTO `actor` VALUES (20141, '丹尼斯·克里斯托弗');
INSERT INTO `actor` VALUES (20141, '乔纳·希尔');
INSERT INTO `actor` VALUES (20141, '詹姆斯·瑞马尔');
INSERT INTO `actor` VALUES (20141, '爱波·塔布琳');
INSERT INTO `actor` VALUES (20141, '弗兰科·内罗');
INSERT INTO `actor` VALUES (20141, '罗伯特·卡拉丁');
INSERT INTO `actor` VALUES (20141, '佐伊·贝尔');
INSERT INTO `actor` VALUES (20142, '于是之');
INSERT INTO `actor` VALUES (20142, '郑榕');
INSERT INTO `actor` VALUES (20142, '蓝天野');
INSERT INTO `actor` VALUES (20142, '英若诚');
INSERT INTO `actor` VALUES (20142, '黄宗洛');
INSERT INTO `actor` VALUES (20142, '童超');
INSERT INTO `actor` VALUES (20142, '金昭');
INSERT INTO `actor` VALUES (20142, '林连昆');
INSERT INTO `actor` VALUES (20142, '牛星丽');
INSERT INTO `actor` VALUES (20142, '谭宗尧');
INSERT INTO `actor` VALUES (20142, '童弟');
INSERT INTO `actor` VALUES (20142, '吴淑昆');
INSERT INTO `actor` VALUES (20142, '胡宗温');
INSERT INTO `actor` VALUES (20142, '程中');
INSERT INTO `actor` VALUES (20142, '李大千');
INSERT INTO `actor` VALUES (20142, '李源');
INSERT INTO `actor` VALUES (20142, '李翔');
INSERT INTO `actor` VALUES (20142, '张瞳');
INSERT INTO `actor` VALUES (20142, '任宝贤');
INSERT INTO `actor` VALUES (20142, '尚丽娟');
INSERT INTO `actor` VALUES (20142, '米铁增');
INSERT INTO `actor` VALUES (20142, '田春奎');
INSERT INTO `actor` VALUES (20142, '冯增祥');
INSERT INTO `actor` VALUES (20142, '雷飞');
INSERT INTO `actor` VALUES (20142, '林东升');
INSERT INTO `actor` VALUES (20142, '孟瑾');
INSERT INTO `actor` VALUES (20142, '孙峻峰');
INSERT INTO `actor` VALUES (20142, '平原');
INSERT INTO `actor` VALUES (20142, '曹世骧');
INSERT INTO `actor` VALUES (20142, '王大年');
INSERT INTO `actor` VALUES (20142, '王淑华');
INSERT INTO `actor` VALUES (20142, '张华');
INSERT INTO `actor` VALUES (20142, '丁海涛');
INSERT INTO `actor` VALUES (20142, '朱旭');
INSERT INTO `actor` VALUES (20142, '孙敬修');
INSERT INTO `actor` VALUES (20142, '曹孟浪');
INSERT INTO `actor` VALUES (20142, '何康理');
INSERT INTO `actor` VALUES (20143, '史蒂夫·卡瑞尔');
INSERT INTO `actor` VALUES (20143, '杰森·席格尔');
INSERT INTO `actor` VALUES (20143, '拉塞尔·布兰德');
INSERT INTO `actor` VALUES (20143, '朱莉·安德鲁斯');
INSERT INTO `actor` VALUES (20143, '威尔·阿奈特');
INSERT INTO `actor` VALUES (20143, '克里斯汀·韦格');
INSERT INTO `actor` VALUES (20143, '米兰达·卡斯格拉夫');
INSERT INTO `actor` VALUES (20143, '达纳·盖尔');
INSERT INTO `actor` VALUES (20143, '艾尔西·费舍尔');
INSERT INTO `actor` VALUES (20143, '皮埃尔·柯芬');
INSERT INTO `actor` VALUES (20143, '克里斯·雷纳德');
INSERT INTO `actor` VALUES (20143, '杰梅奈·克莱门特');
INSERT INTO `actor` VALUES (20143, '杰克·麦克布瑞尔');
INSERT INTO `actor` VALUES (20143, '丹尼·麦克布莱德');
INSERT INTO `actor` VALUES (20143, '敏迪·卡灵');
INSERT INTO `actor` VALUES (20143, '罗布·许贝尔');
INSERT INTO `actor` VALUES (20143, '肯·道里欧');
INSERT INTO `actor` VALUES (20143, '郑肯');
INSERT INTO `actor` VALUES (20144, '松隆子');
INSERT INTO `actor` VALUES (20144, '冈田将生');
INSERT INTO `actor` VALUES (20144, '木村佳乃');
INSERT INTO `actor` VALUES (20144, '西井幸人');
INSERT INTO `actor` VALUES (20144, '桥本爱');
INSERT INTO `actor` VALUES (20144, '芦田爱菜');
INSERT INTO `actor` VALUES (20144, '三吉彩花');
INSERT INTO `actor` VALUES (20144, '藤原薰');
INSERT INTO `actor` VALUES (20144, '井之胁海');
INSERT INTO `actor` VALUES (20144, '清水尚弥');
INSERT INTO `actor` VALUES (20144, '高桥努');
INSERT INTO `actor` VALUES (20144, '一井直树');
INSERT INTO `actor` VALUES (20144, '能年玲奈');
INSERT INTO `actor` VALUES (20144, '新井浩文');
INSERT INTO `actor` VALUES (20144, '野本萤');
INSERT INTO `actor` VALUES (20145, '托妮·科莱特');
INSERT INTO `actor` VALUES (20145, '菲利普·塞默·霍夫曼');
INSERT INTO `actor` VALUES (20145, '巴瑞·哈姆弗莱斯');
INSERT INTO `actor` VALUES (20145, '艾瑞克·巴纳');
INSERT INTO `actor` VALUES (20145, '贝塔尼·维特莫尔');
INSERT INTO `actor` VALUES (20145, '蕾妮·盖耶');
INSERT INTO `actor` VALUES (20145, '伊恩·莫利·梅尔德伦');
INSERT INTO `actor` VALUES (20145, '朱莉·福塞斯');
INSERT INTO `actor` VALUES (20145, '约翰·弗劳思');
INSERT INTO `actor` VALUES (20145, '克里斯托弗·马西');
INSERT INTO `actor` VALUES (20145, '卡罗琳·莎士比亚-艾伦');
INSERT INTO `actor` VALUES (20145, '琳恩·史密斯');
INSERT INTO `actor` VALUES (20145, '迈克尔·延纳');
INSERT INTO `actor` VALUES (20146, '梁正晖');
INSERT INTO `actor` VALUES (20146, '邱岳峰');
INSERT INTO `actor` VALUES (20146, '毕克');
INSERT INTO `actor` VALUES (20146, '富润生');
INSERT INTO `actor` VALUES (20146, '尚华');
INSERT INTO `actor` VALUES (20146, '于鼎');
INSERT INTO `actor` VALUES (20148, '梁朝伟');
INSERT INTO `actor` VALUES (20148, '汤唯');
INSERT INTO `actor` VALUES (20148, '陈冲');
INSERT INTO `actor` VALUES (20148, '王力宏');
INSERT INTO `actor` VALUES (20148, '庹宗华');
INSERT INTO `actor` VALUES (20148, '朱芷莹');
INSERT INTO `actor` VALUES (20148, '高英轩');
INSERT INTO `actor` VALUES (20148, '柯宇纶');
INSERT INTO `actor` VALUES (20148, '阮德锵');
INSERT INTO `actor` VALUES (20148, '钱嘉乐');
INSERT INTO `actor` VALUES (20148, '苏岩');
INSERT INTO `actor` VALUES (20148, '何赛飞');
INSERT INTO `actor` VALUES (20148, '宋茹惠');
INSERT INTO `actor` VALUES (20148, '樊光耀');
INSERT INTO `actor` VALUES (20148, '卢燕');
INSERT INTO `actor` VALUES (20148, '刘洁');
INSERT INTO `actor` VALUES (20148, '余娅');
INSERT INTO `actor` VALUES (20148, '王琳');
INSERT INTO `actor` VALUES (20148, '王侃');
INSERT INTO `actor` VALUES (20148, '竹下明子');
INSERT INTO `actor` VALUES (20148, '阿努潘·凯尔');
INSERT INTO `actor` VALUES (20149, '周星驰');
INSERT INTO `actor` VALUES (20149, '吴孟达');
INSERT INTO `actor` VALUES (20149, '张敏');
INSERT INTO `actor` VALUES (20149, '徐锦江');
INSERT INTO `actor` VALUES (20149, '钟丽缇');
INSERT INTO `actor` VALUES (20149, '蔡少芬');
INSERT INTO `actor` VALUES (20149, '吴启华');
INSERT INTO `actor` VALUES (20149, '邹兆龙');
INSERT INTO `actor` VALUES (20149, '梁荣忠');
INSERT INTO `actor` VALUES (20149, '黄一飞');
INSERT INTO `actor` VALUES (20149, '苑琼丹');
INSERT INTO `actor` VALUES (20149, '刘洵');
INSERT INTO `actor` VALUES (20149, '黄一山');
INSERT INTO `actor` VALUES (20150, '赵文瑄');
INSERT INTO `actor` VALUES (20150, '归亚蕾');
INSERT INTO `actor` VALUES (20150, '郎雄');
INSERT INTO `actor` VALUES (20150, '金素梅');
INSERT INTO `actor` VALUES (20150, '米切尔·利希藤斯坦');
INSERT INTO `actor` VALUES (20150, '迈克尔·加斯顿');
INSERT INTO `actor` VALUES (20150, '许永德');
INSERT INTO `actor` VALUES (20150, '尼尔·哈夫');
INSERT INTO `actor` VALUES (20150, '李淳');
INSERT INTO `actor` VALUES (20150, '汉娜·沙利文');
INSERT INTO `actor` VALUES (20150, '杨元提');
INSERT INTO `actor` VALUES (20150, '姚培德');
INSERT INTO `actor` VALUES (20150, '李安');
INSERT INTO `actor` VALUES (20151, '本尼迪克特·康伯巴奇');
INSERT INTO `actor` VALUES (20151, '凯拉·奈特莉');
INSERT INTO `actor` VALUES (20151, '马修·古迪');
INSERT INTO `actor` VALUES (20151, '罗里·金尼尔');
INSERT INTO `actor` VALUES (20151, '艾伦·里奇');
INSERT INTO `actor` VALUES (20151, '马修·比尔德');
INSERT INTO `actor` VALUES (20151, '查尔斯·丹斯');
INSERT INTO `actor` VALUES (20151, '马克·斯特朗');
INSERT INTO `actor` VALUES (20151, '詹姆斯·诺斯科特');
INSERT INTO `actor` VALUES (20151, '汤姆·古德曼-希尔');
INSERT INTO `actor` VALUES (20151, '史蒂芬·威丁顿');
INSERT INTO `actor` VALUES (20151, '伊兰·古德曼');
INSERT INTO `actor` VALUES (20151, '杰克·塔尔登');
INSERT INTO `actor` VALUES (20151, '埃里克斯·劳瑟');
INSERT INTO `actor` VALUES (20151, '杰克·巴农');
INSERT INTO `actor` VALUES (20151, '塔彭丝·米德尔顿');
INSERT INTO `actor` VALUES (20151, '安德鲁·哈维尔');
INSERT INTO `actor` VALUES (20151, '维尔·博登');
INSERT INTO `actor` VALUES (20151, '李·阿斯奎斯-柯');
INSERT INTO `actor` VALUES (20151, '海莉·乔安妮·培根');
INSERT INTO `actor` VALUES (20151, '安库塔·布雷班');
INSERT INTO `actor` VALUES (20151, '格雷斯·卡尔德');
INSERT INTO `actor` VALUES (20151, '理查德·坎贝尔');
INSERT INTO `actor` VALUES (20151, '温斯顿·丘吉尔');
INSERT INTO `actor` VALUES (20151, '克里斯·考林');
INSERT INTO `actor` VALUES (20151, '汉娜·弗林');
INSERT INTO `actor` VALUES (20151, '卢克·霍普');
INSERT INTO `actor` VALUES (20151, '斯图尔特·马修斯');
INSERT INTO `actor` VALUES (20151, '亚当·诺威尔');
INSERT INTO `actor` VALUES (20151, '哈里·S·杜鲁门');
INSERT INTO `actor` VALUES (20152, '泰伊·谢里丹');
INSERT INTO `actor` VALUES (20152, '奥利维亚·库克');
INSERT INTO `actor` VALUES (20152, '本·门德尔森');
INSERT INTO `actor` VALUES (20152, '马克·里朗斯');
INSERT INTO `actor` VALUES (20152, '丽娜·维特');
INSERT INTO `actor` VALUES (20152, '森崎温');
INSERT INTO `actor` VALUES (20152, '赵家正');
INSERT INTO `actor` VALUES (20152, '西蒙·佩吉');
INSERT INTO `actor` VALUES (20152, 'T·J·米勒');
INSERT INTO `actor` VALUES (20152, '汉娜·乔恩-卡门');
INSERT INTO `actor` VALUES (20152, '拉尔夫·伊内森');
INSERT INTO `actor` VALUES (20152, '苏珊·林奇');
INSERT INTO `actor` VALUES (20152, '克莱尔·希金斯');
INSERT INTO `actor` VALUES (20152, '劳伦斯·斯佩尔曼');
INSERT INTO `actor` VALUES (20152, '佩蒂塔·维克斯');
INSERT INTO `actor` VALUES (20152, '艾萨克·安德鲁斯');
INSERT INTO `actor` VALUES (20154, '梁朝伟');
INSERT INTO `actor` VALUES (20154, '张曼玉');
INSERT INTO `actor` VALUES (20154, '潘迪华');
INSERT INTO `actor` VALUES (20154, '萧炳林');
INSERT INTO `actor` VALUES (20154, '张耀扬');
INSERT INTO `actor` VALUES (20154, '孙佳君');
INSERT INTO `actor` VALUES (20154, '钱似莺');
INSERT INTO `actor` VALUES (20154, '顾锦华');
INSERT INTO `actor` VALUES (20155, '艾米·波勒');
INSERT INTO `actor` VALUES (20155, '菲利丝·史密斯');
INSERT INTO `actor` VALUES (20155, '理查德·坎德');
INSERT INTO `actor` VALUES (20155, '比尔·哈德尔');
INSERT INTO `actor` VALUES (20155, '刘易斯·布莱克');
INSERT INTO `actor` VALUES (20155, '敏迪·卡灵');
INSERT INTO `actor` VALUES (20155, '凯特林·迪亚斯');
INSERT INTO `actor` VALUES (20155, '戴安·琳恩');
INSERT INTO `actor` VALUES (20155, '凯尔·麦克拉克伦');
INSERT INTO `actor` VALUES (20155, '波拉·庞德斯通');
INSERT INTO `actor` VALUES (20155, '鲍比·莫尼汉');
INSERT INTO `actor` VALUES (20155, '保拉·佩尔');
INSERT INTO `actor` VALUES (20155, '大卫·戈尔兹');
INSERT INTO `actor` VALUES (20155, '弗兰克·奥兹');
INSERT INTO `actor` VALUES (20155, '乔什·库雷');
INSERT INTO `actor` VALUES (20155, '弗利');
INSERT INTO `actor` VALUES (20155, '约翰·拉森贝格');
INSERT INTO `actor` VALUES (20155, '卡洛斯·阿拉斯拉奇');
INSERT INTO `actor` VALUES (20155, '皮特·萨加尔');
INSERT INTO `actor` VALUES (20155, '拉什达·琼斯');
INSERT INTO `actor` VALUES (20155, '罗里·艾伦');
INSERT INTO `actor` VALUES (20155, '约翰·齐甘');
INSERT INTO `actor` VALUES (20155, '雪莉·琳恩');
INSERT INTO `actor` VALUES (20155, '拉瑞恩·纽曼');
INSERT INTO `actor` VALUES (20155, '帕丽斯·冯·戴克');
INSERT INTO `actor` VALUES (20156, '西恩·潘');
INSERT INTO `actor` VALUES (20156, '达科塔·范宁');
INSERT INTO `actor` VALUES (20156, '米歇尔·菲佛');
INSERT INTO `actor` VALUES (20156, '黛安·韦斯特');
INSERT INTO `actor` VALUES (20156, '洛雷塔·迪瓦恩');
INSERT INTO `actor` VALUES (20156, '理查德·希夫');
INSERT INTO `actor` VALUES (20156, '劳拉·邓恩');
INSERT INTO `actor` VALUES (20158, '三船敏郎');
INSERT INTO `actor` VALUES (20158, '志村乔');
INSERT INTO `actor` VALUES (20158, '津岛惠子');
INSERT INTO `actor` VALUES (20158, '岛崎雪子');
INSERT INTO `actor` VALUES (20158, '藤原釜足');
INSERT INTO `actor` VALUES (20158, '加东大介');
INSERT INTO `actor` VALUES (20158, '木村功');
INSERT INTO `actor` VALUES (20158, '千秋实');
INSERT INTO `actor` VALUES (20158, '宫口精二');
INSERT INTO `actor` VALUES (20158, '小杉义男');
INSERT INTO `actor` VALUES (20158, '左卜全');
INSERT INTO `actor` VALUES (20158, '稻叶义男');
INSERT INTO `actor` VALUES (20158, '土屋嘉男');
INSERT INTO `actor` VALUES (20158, '高堂国典');
INSERT INTO `actor` VALUES (20158, '东野英治郎');
INSERT INTO `actor` VALUES (20158, '上田吉二郎');
INSERT INTO `actor` VALUES (20158, '多多良纯');
INSERT INTO `actor` VALUES (20158, '渡边笃');
INSERT INTO `actor` VALUES (20158, '小川虎之助');
INSERT INTO `actor` VALUES (20158, '山形勋');
INSERT INTO `actor` VALUES (20158, '上山草人');
INSERT INTO `actor` VALUES (20158, '清水元');
INSERT INTO `actor` VALUES (20158, '高木新平');
INSERT INTO `actor` VALUES (20158, '大友伸');
INSERT INTO `actor` VALUES (20158, '高原骏雄');
INSERT INTO `actor` VALUES (20158, '稻垣三郎');
INSERT INTO `actor` VALUES (20158, '堺左千夫');
INSERT INTO `actor` VALUES (20158, '千石规子');
INSERT INTO `actor` VALUES (20158, '本间文子');
INSERT INTO `actor` VALUES (20158, '大久保正信');
INSERT INTO `actor` VALUES (20158, '伊藤实');
INSERT INTO `actor` VALUES (20158, '大村千吉');
INSERT INTO `actor` VALUES (20158, '广濑正一');
INSERT INTO `actor` VALUES (20158, '宇野晃司');
INSERT INTO `actor` VALUES (20158, '谷晃');
INSERT INTO `actor` VALUES (20158, '中岛春雄');
INSERT INTO `actor` VALUES (20158, '清水美恵');
INSERT INTO `actor` VALUES (20158, '熊谷卓三');
INSERT INTO `actor` VALUES (20158, '夏木顺平');
INSERT INTO `actor` VALUES (20158, '岩本弘司');
INSERT INTO `actor` VALUES (20158, '堤康久');
INSERT INTO `actor` VALUES (20158, '马野都留子');
INSERT INTO `actor` VALUES (20158, '森今日子');
INSERT INTO `actor` VALUES (20158, '加藤武');
INSERT INTO `actor` VALUES (20158, '仲代达矢');
INSERT INTO `actor` VALUES (20158, '宇津井健');
INSERT INTO `actor` VALUES (20158, '山本廉');
INSERT INTO `actor` VALUES (20159, '安德鲁·加菲尔德');
INSERT INTO `actor` VALUES (20159, '萨姆·沃辛顿');
INSERT INTO `actor` VALUES (20159, '文斯·沃恩');
INSERT INTO `actor` VALUES (20159, '雨果·维文');
INSERT INTO `actor` VALUES (20159, '卢克·布雷西');
INSERT INTO `actor` VALUES (20159, '泰莉莎·帕尔墨');
INSERT INTO `actor` VALUES (20159, '瑞切尔·格里菲斯');
INSERT INTO `actor` VALUES (20159, '内森奈尔·布佐里克');
INSERT INTO `actor` VALUES (20159, '理查德·劳斯伯格');
INSERT INTO `actor` VALUES (20159, '马特·纳夫莱');
INSERT INTO `actor` VALUES (20159, '费拉斯·迪拉尼');
INSERT INTO `actor` VALUES (20159, '瑞安·柯尔');
INSERT INTO `actor` VALUES (20159, '卢克·佩格勒');
INSERT INTO `actor` VALUES (20160, '河正宇');
INSERT INTO `actor` VALUES (20160, '李璟荣');
INSERT INTO `actor` VALUES (20160, '全慧珍');
INSERT INTO `actor` VALUES (20160, '李大卫');
INSERT INTO `actor` VALUES (20160, '金弘波');
INSERT INTO `actor` VALUES (20160, '崔正贤');
INSERT INTO `actor` VALUES (20160, '崔代勋');
INSERT INTO `actor` VALUES (20160, '姜信哲');
INSERT INTO `actor` VALUES (20160, '韩成天');
INSERT INTO `actor` VALUES (20160, '孙成灿');
INSERT INTO `actor` VALUES (20160, '金素辰');
INSERT INTO `actor` VALUES (20160, '金大明');
INSERT INTO `actor` VALUES (20160, '金海仁');
INSERT INTO `actor` VALUES (20161, '安东尼·博金斯');
INSERT INTO `actor` VALUES (20161, '维拉·迈尔斯');
INSERT INTO `actor` VALUES (20161, '约翰·加文');
INSERT INTO `actor` VALUES (20161, '珍妮特·利');
INSERT INTO `actor` VALUES (20161, '马丁·鲍尔萨姆');
INSERT INTO `actor` VALUES (20161, '约翰·麦克因泰');
INSERT INTO `actor` VALUES (20161, '西蒙·奥克兰');
INSERT INTO `actor` VALUES (20161, '弗兰克·艾伯森');
INSERT INTO `actor` VALUES (20161, '帕特里夏·希区柯克');
INSERT INTO `actor` VALUES (20161, '沃恩·泰勒');
INSERT INTO `actor` VALUES (20161, '卢伦·塔特尔');
INSERT INTO `actor` VALUES (20161, '约翰·安德森');
INSERT INTO `actor` VALUES (20161, '莫特·米尔斯');
INSERT INTO `actor` VALUES (20161, '吉特·卡森');
INSERT INTO `actor` VALUES (20161, '维吉尼亚·格雷格');
INSERT INTO `actor` VALUES (20161, '阿尔弗雷德·希区柯克');
INSERT INTO `actor` VALUES (20161, '珍妮特·诺兰');
INSERT INTO `actor` VALUES (20161, '罗伯特·奥斯本');
INSERT INTO `actor` VALUES (20161, '海伦·华莱士');
INSERT INTO `actor` VALUES (20161, 'Fletcher Allen');
INSERT INTO `actor` VALUES (20161, '沃尔特·培根');
INSERT INTO `actor` VALUES (20161, '弗朗西斯·德塞尔斯');
INSERT INTO `actor` VALUES (20161, '乔治·多克斯塔德');
INSERT INTO `actor` VALUES (20161, '乔治·埃尔德雷奇');
INSERT INTO `actor` VALUES (20161, '哈珀·弗莱厄蒂');
INSERT INTO `actor` VALUES (20161, '萨姆·弗林特');
INSERT INTO `actor` VALUES (20161, '弗兰克·基尔蒙德');
INSERT INTO `actor` VALUES (20161, '泰德·奈特');
INSERT INTO `actor` VALUES (20161, '帕特·麦卡弗里');
INSERT INTO `actor` VALUES (20161, '汉斯-乔基姆·默比斯');
INSERT INTO `actor` VALUES (20161, '弗雷德·谢威勒');
INSERT INTO `actor` VALUES (20162, '基努·里维斯');
INSERT INTO `actor` VALUES (20162, '劳伦斯·菲什伯恩');
INSERT INTO `actor` VALUES (20162, '凯瑞-安·莫斯');
INSERT INTO `actor` VALUES (20162, '雨果·维文');
INSERT INTO `actor` VALUES (20162, '贾达·萍克·史密斯');
INSERT INTO `actor` VALUES (20162, '凯特·宾汉');
INSERT INTO `actor` VALUES (20162, '玛丽·爱丽丝');
INSERT INTO `actor` VALUES (20162, '莫妮卡·贝鲁奇');
INSERT INTO `actor` VALUES (20162, '埃茜·戴维斯');
INSERT INTO `actor` VALUES (20162, '克里斯托弗·卡比');
INSERT INTO `actor` VALUES (20162, '罗伯特·马莫内');
INSERT INTO `actor` VALUES (20162, '罗宾·奈文');
INSERT INTO `actor` VALUES (20162, '吉娜薇·欧瑞丽');
INSERT INTO `actor` VALUES (20162, '诺娜·加耶');
INSERT INTO `actor` VALUES (20162, '纳撒尼尔·利斯');
INSERT INTO `actor` VALUES (20162, '哈里·列尼斯');
INSERT INTO `actor` VALUES (20162, '哈罗德·佩里诺');
INSERT INTO `actor` VALUES (20162, '鲁伯特·雷德');
INSERT INTO `actor` VALUES (20162, '凯文·迈克尔·理查德森');
INSERT INTO `actor` VALUES (20162, '大卫·罗伯茨');
INSERT INTO `actor` VALUES (20162, '布鲁斯·斯宾斯');
INSERT INTO `actor` VALUES (20162, '吉娜·托瑞斯');
INSERT INTO `actor` VALUES (20162, '克莱顿·华生');
INSERT INTO `actor` VALUES (20162, '赫尔穆特·巴凯蒂斯');
INSERT INTO `actor` VALUES (20162, '邹兆龙');
INSERT INTO `actor` VALUES (20162, '乔·曼宁');
INSERT INTO `actor` VALUES (20162, 'Tanveer K. Atwal');
INSERT INTO `actor` VALUES (20162, '拉黑·休姆');
INSERT INTO `actor` VALUES (20162, '康奈尔·韦斯特');
INSERT INTO `actor` VALUES (20162, '伯纳德·怀特');
INSERT INTO `actor` VALUES (20162, '朗贝尔·维尔森');
INSERT INTO `actor` VALUES (20162, '安东尼·布兰登·黄');
INSERT INTO `actor` VALUES (20162, '安东尼·泽比');
INSERT INTO `actor` VALUES (20162, '克雷格·沃克');
INSERT INTO `actor` VALUES (20163, '神木隆之介');
INSERT INTO `actor` VALUES (20163, '上白石萌音');
INSERT INTO `actor` VALUES (20163, '长泽雅美');
INSERT INTO `actor` VALUES (20163, '市原悦子');
INSERT INTO `actor` VALUES (20163, '成田凌');
INSERT INTO `actor` VALUES (20163, '悠木碧');
INSERT INTO `actor` VALUES (20163, '岛崎信长');
INSERT INTO `actor` VALUES (20163, '石川界人');
INSERT INTO `actor` VALUES (20163, '谷花音');
INSERT INTO `actor` VALUES (20163, '寺杣昌纪');
INSERT INTO `actor` VALUES (20163, '大原沙耶香');
INSERT INTO `actor` VALUES (20163, '井上和彦');
INSERT INTO `actor` VALUES (20163, '茶风林');
INSERT INTO `actor` VALUES (20163, '加藤有花');
INSERT INTO `actor` VALUES (20163, '花泽香菜');
INSERT INTO `actor` VALUES (20163, '寺崎裕香');
INSERT INTO `actor` VALUES (20165, '弗兰西斯·麦克多蒙德');
INSERT INTO `actor` VALUES (20165, '伍迪·哈里森');
INSERT INTO `actor` VALUES (20165, '山姆·洛克威尔');
INSERT INTO `actor` VALUES (20165, '艾比·考尼什');
INSERT INTO `actor` VALUES (20165, '卢卡斯·赫奇斯');
INSERT INTO `actor` VALUES (20165, '彼特·丁拉基');
INSERT INTO `actor` VALUES (20165, '约翰·浩克斯');
INSERT INTO `actor` VALUES (20165, '卡莱伯·兰德里·琼斯');
INSERT INTO `actor` VALUES (20165, '凯瑟琳·纽顿');
INSERT INTO `actor` VALUES (20165, '凯瑞·康顿');
INSERT INTO `actor` VALUES (20165, '泽利科·伊万内克');
INSERT INTO `actor` VALUES (20165, '萨玛拉·维文');
INSERT INTO `actor` VALUES (20165, '克拉克·彼得斯');
INSERT INTO `actor` VALUES (20165, '尼克·瑟西');
INSERT INTO `actor` VALUES (20165, '阿曼达·沃伦');
INSERT INTO `actor` VALUES (20165, '玛拉雅·瑞沃拉·德鲁');
INSERT INTO `actor` VALUES (20165, '布兰登·萨克斯顿');
INSERT INTO `actor` VALUES (20165, '迈克尔·艾伦·米利甘');
INSERT INTO `actor` VALUES (20166, '马修·麦康纳');
INSERT INTO `actor` VALUES (20166, '詹妮弗·加纳');
INSERT INTO `actor` VALUES (20166, '杰瑞德·莱托');
INSERT INTO `actor` VALUES (20166, '斯蒂夫·扎恩');
INSERT INTO `actor` VALUES (20166, '达拉斯·罗伯特斯');
INSERT INTO `actor` VALUES (20166, '凯文·兰金');
INSERT INTO `actor` VALUES (20166, '丹尼斯·欧哈拉');
INSERT INTO `actor` VALUES (20166, '简·麦克尼尔');
INSERT INTO `actor` VALUES (20166, '格里芬·邓恩');
INSERT INTO `actor` VALUES (20166, '詹姆斯·杜蒙特');
INSERT INTO `actor` VALUES (20166, '朱丽叶·里夫斯');
INSERT INTO `actor` VALUES (20166, '斯蒂菲·格罗特');
INSERT INTO `actor` VALUES (20166, 'J·D·埃弗摩尔');
INSERT INTO `actor` VALUES (20167, '霍卫民');
INSERT INTO `actor` VALUES (20167, '王笑天');
INSERT INTO `actor` VALUES (20167, '罗芸');
INSERT INTO `actor` VALUES (20167, '杨瑜珍');
INSERT INTO `actor` VALUES (20167, '孙黎');
INSERT INTO `actor` VALUES (20167, '邵胜杰');
INSERT INTO `actor` VALUES (20167, '曹西安');
INSERT INTO `actor` VALUES (20167, '贾致钢');
INSERT INTO `actor` VALUES (20167, '朱自清');
INSERT INTO `actor` VALUES (20167, '王梓尘');
INSERT INTO `actor` VALUES (20167, '赵梓彤');
INSERT INTO `actor` VALUES (20167, '贾世忠');
INSERT INTO `actor` VALUES (20167, '袁满');
INSERT INTO `actor` VALUES (20167, '陈梅生');
INSERT INTO `actor` VALUES (20167, '张景素');
INSERT INTO `actor` VALUES (20167, '平坦');
INSERT INTO `actor` VALUES (20167, '金子');
INSERT INTO `actor` VALUES (20167, '张建军');
INSERT INTO `actor` VALUES (20168, '尼古拉斯·凯奇');
INSERT INTO `actor` VALUES (20168, '艾玛·斯通');
INSERT INTO `actor` VALUES (20168, '瑞安·雷诺兹');
INSERT INTO `actor` VALUES (20168, '凯瑟琳·基纳');
INSERT INTO `actor` VALUES (20168, '克萝丽丝·利奇曼');
INSERT INTO `actor` VALUES (20168, '克拉克·杜克');
INSERT INTO `actor` VALUES (20168, '克里斯·桑德斯');
INSERT INTO `actor` VALUES (20168, '兰迪·汤姆');
INSERT INTO `actor` VALUES (20169, '马特·达蒙');
INSERT INTO `actor` VALUES (20169, '朱丽娅·斯蒂尔斯');
INSERT INTO `actor` VALUES (20169, '大卫·斯特雷泽恩');
INSERT INTO `actor` VALUES (20169, '斯科特·格伦');
INSERT INTO `actor` VALUES (20169, '帕迪·康斯戴恩');
INSERT INTO `actor` VALUES (20169, '埃德加·拉米雷兹');
INSERT INTO `actor` VALUES (20169, '阿尔伯特·芬尼');
INSERT INTO `actor` VALUES (20169, '琼·艾伦');
INSERT INTO `actor` VALUES (20169, 'Tom Gallop');
INSERT INTO `actor` VALUES (20169, '克里·约翰逊');
INSERT INTO `actor` VALUES (20169, '丹尼尔·布鲁赫');
INSERT INTO `actor` VALUES (20169, '乔伊·安沙');
INSERT INTO `actor` VALUES (20169, '科林·斯廷顿');
INSERT INTO `actor` VALUES (20169, '丹·弗雷登堡');
INSERT INTO `actor` VALUES (20169, 'Lucy Liemann');
INSERT INTO `actor` VALUES (20170, '周润发');
INSERT INTO `actor` VALUES (20170, '狄龙');
INSERT INTO `actor` VALUES (20170, '张国荣');
INSERT INTO `actor` VALUES (20170, '朱宝意');
INSERT INTO `actor` VALUES (20170, '李子雄');
INSERT INTO `actor` VALUES (20170, '田丰');
INSERT INTO `actor` VALUES (20170, '吴宇森');
INSERT INTO `actor` VALUES (20170, '曾江');
INSERT INTO `actor` VALUES (20170, '成奎安');
INSERT INTO `actor` VALUES (20170, '徐克');
INSERT INTO `actor` VALUES (20170, '陈志辉');
INSERT INTO `actor` VALUES (20171, '亚历桑德雷·罗德里格斯');
INSERT INTO `actor` VALUES (20171, '莱安德鲁·菲尔米诺');
INSERT INTO `actor` VALUES (20171, '菲利佩·哈根森');
INSERT INTO `actor` VALUES (20171, '道格拉斯·席尔瓦');
INSERT INTO `actor` VALUES (20171, '乔纳森·哈根森');
INSERT INTO `actor` VALUES (20171, '马修斯·纳克加勒');
INSERT INTO `actor` VALUES (20171, '塞乌·乔奇');
INSERT INTO `actor` VALUES (20171, '艾莉丝·布拉加');
INSERT INTO `actor` VALUES (20172, '岛本须美');
INSERT INTO `actor` VALUES (20172, '松田洋治');
INSERT INTO `actor` VALUES (20172, '榊原良子');
INSERT INTO `actor` VALUES (20172, '辻村真人');
INSERT INTO `actor` VALUES (20172, '京田尚子');
INSERT INTO `actor` VALUES (20172, '纳谷悟朗');
INSERT INTO `actor` VALUES (20172, '永井一郎');
INSERT INTO `actor` VALUES (20172, '宫内幸平');
INSERT INTO `actor` VALUES (20172, '八奈见乘儿');
INSERT INTO `actor` VALUES (20172, '矢田稔');
INSERT INTO `actor` VALUES (20172, '富永美伊奈');
INSERT INTO `actor` VALUES (20172, '家弓家正');
INSERT INTO `actor` VALUES (20172, '吉田理保子');
INSERT INTO `actor` VALUES (20172, '菅谷政子');
INSERT INTO `actor` VALUES (20172, '坂本千夏');
INSERT INTO `actor` VALUES (20172, '鳕子');
INSERT INTO `actor` VALUES (20172, '麦人');
INSERT INTO `actor` VALUES (20172, '大塚芳忠');
INSERT INTO `actor` VALUES (20173, '周润发');
INSERT INTO `actor` VALUES (20173, '张国荣');
INSERT INTO `actor` VALUES (20173, '钟楚红');
INSERT INTO `actor` VALUES (20173, '朱江');
INSERT INTO `actor` VALUES (20173, '曾江');
INSERT INTO `actor` VALUES (20173, '胡枫');
INSERT INTO `actor` VALUES (20173, '唐宁');
INSERT INTO `actor` VALUES (20173, '邓一君');
INSERT INTO `actor` VALUES (20175, '唐·钱德尔');
INSERT INTO `actor` VALUES (20175, '苏菲·奥康内多');
INSERT INTO `actor` VALUES (20175, '华金·菲尼克斯');
INSERT INTO `actor` VALUES (20175, '尼克·诺特');
INSERT INTO `actor` VALUES (20175, '哈基姆·凯-卡西姆');
INSERT INTO `actor` VALUES (20175, '托尼·戈罗奇');
INSERT INTO `actor` VALUES (20175, '法纳·莫科纳');
INSERT INTO `actor` VALUES (20175, '大卫·奥哈拉');
INSERT INTO `actor` VALUES (20175, '莫苏西·麦格诺');
INSERT INTO `actor` VALUES (20175, '西莫·莫加瓦扎');
INSERT INTO `actor` VALUES (20175, '卡拉·西摩');
INSERT INTO `actor` VALUES (20175, '罗伯托·西特兰');
INSERT INTO `actor` VALUES (20175, '德斯蒙德·杜布');
INSERT INTO `actor` VALUES (20175, '蕾乐蒂·库马洛');
INSERT INTO `actor` VALUES (20176, '绫濑遥');
INSERT INTO `actor` VALUES (20176, '长泽雅美');
INSERT INTO `actor` VALUES (20176, '夏帆');
INSERT INTO `actor` VALUES (20176, '广濑铃');
INSERT INTO `actor` VALUES (20176, '大竹忍');
INSERT INTO `actor` VALUES (20176, '堤真一');
INSERT INTO `actor` VALUES (20176, '加濑亮');
INSERT INTO `actor` VALUES (20176, '风吹淳');
INSERT INTO `actor` VALUES (20176, '中川雅也');
INSERT INTO `actor` VALUES (20176, '前田旺志郎');
INSERT INTO `actor` VALUES (20176, '铃木亮平');
INSERT INTO `actor` VALUES (20176, '坂口健太郎');
INSERT INTO `actor` VALUES (20176, '树木希林');
INSERT INTO `actor` VALUES (20177, '汤姆·汉克斯');
INSERT INTO `actor` VALUES (20177, '大卫·摩斯');
INSERT INTO `actor` VALUES (20177, '迈克·克拉克·邓肯');
INSERT INTO `actor` VALUES (20177, '邦尼·亨特');
INSERT INTO `actor` VALUES (20177, '詹姆斯·克伦威尔');
INSERT INTO `actor` VALUES (20177, '迈克尔·杰特');
INSERT INTO `actor` VALUES (20177, '格雷厄姆·格林');
INSERT INTO `actor` VALUES (20177, '道格·休切逊');
INSERT INTO `actor` VALUES (20177, '山姆·洛克威尔');
INSERT INTO `actor` VALUES (20177, '巴里·佩珀');
INSERT INTO `actor` VALUES (20177, '杰弗里·德曼');
INSERT INTO `actor` VALUES (20177, '派翠西娅·克拉克森');
INSERT INTO `actor` VALUES (20177, '哈利·戴恩·斯坦通');
INSERT INTO `actor` VALUES (20177, '戴布思·格里尔');
INSERT INTO `actor` VALUES (20177, '伊芙·布伦特');
INSERT INTO `actor` VALUES (20178, '华金·菲尼克斯');
INSERT INTO `actor` VALUES (20178, '罗伯特·德尼罗');
INSERT INTO `actor` VALUES (20178, '马克·马龙');
INSERT INTO `actor` VALUES (20178, '莎姬·贝兹');
INSERT INTO `actor` VALUES (20178, '谢伊·惠格姆');
INSERT INTO `actor` VALUES (20178, '弗兰西丝·康罗伊');
INSERT INTO `actor` VALUES (20178, '布莱恩·考伦');
INSERT INTO `actor` VALUES (20178, '布莱恩·泰里·亨利');
INSERT INTO `actor` VALUES (20178, '布莱特·卡伦');
INSERT INTO `actor` VALUES (20178, '道格拉斯·霍奇斯');
INSERT INTO `actor` VALUES (20178, '格伦·弗莱舍尔');
INSERT INTO `actor` VALUES (20178, '比尔·坎普');
INSERT INTO `actor` VALUES (20178, '乔什·帕斯');
INSERT INTO `actor` VALUES (20178, '但丁·佩雷拉-奥尔森');
INSERT INTO `actor` VALUES (20178, '玛丽·凯特·马拉特');
INSERT INTO `actor` VALUES (20178, '迈克尔·本茨');
INSERT INTO `actor` VALUES (20178, '莎珑·华盛顿');
INSERT INTO `actor` VALUES (20178, '桑德拉·詹姆斯');
INSERT INTO `actor` VALUES (20178, '托尼·赫德');
INSERT INTO `actor` VALUES (20178, '曼德拉·贝拉米');
INSERT INTO `actor` VALUES (20178, '乔·奥克曼');
INSERT INTO `actor` VALUES (20178, '卡尔·伦德施泰特');
INSERT INTO `actor` VALUES (20178, '米克·奥罗克');
INSERT INTO `actor` VALUES (20178, '大卫·吉布森');
INSERT INTO `actor` VALUES (20178, '伊万·罗萨多');
INSERT INTO `actor` VALUES (20178, '安妮·比萨比亚');
INSERT INTO `actor` VALUES (20178, '布莱斯·科里根');
INSERT INTO `actor` VALUES (20178, '乔恩·道格拉斯·雷尼');
INSERT INTO `actor` VALUES (20178, '艾恩斯利·丹恩');
INSERT INTO `actor` VALUES (20178, '杰森·约翰·奇卡莱塞');
INSERT INTO `actor` VALUES (20179, '盖·皮尔斯');
INSERT INTO `actor` VALUES (20179, '凯瑞-安·莫斯');
INSERT INTO `actor` VALUES (20179, '乔·潘托里亚诺');
INSERT INTO `actor` VALUES (20179, '小马克·布恩');
INSERT INTO `actor` VALUES (20179, '拉什·费加');
INSERT INTO `actor` VALUES (20179, '乔雅·福克斯');
INSERT INTO `actor` VALUES (20179, '斯蒂芬·托布罗斯基');
INSERT INTO `actor` VALUES (20179, '哈里特·桑塞姆·哈里斯');
INSERT INTO `actor` VALUES (20179, '托马斯·列农');
INSERT INTO `actor` VALUES (20179, '考乐姆·吉斯·雷尼');
INSERT INTO `actor` VALUES (20179, '金伯利·坎贝尔');
INSERT INTO `actor` VALUES (20179, '玛丽安妮·穆勒雷尔');
INSERT INTO `actor` VALUES (20179, '拉里·霍尔登');
INSERT INTO `actor` VALUES (20180, '牛振华');
INSERT INTO `actor` VALUES (20180, '雷恪生');
INSERT INTO `actor` VALUES (20180, '李强');
INSERT INTO `actor` VALUES (20180, '句号');
INSERT INTO `actor` VALUES (20180, '王劲松');
INSERT INTO `actor` VALUES (20180, '戈治均');
INSERT INTO `actor` VALUES (20180, '佘南南');
INSERT INTO `actor` VALUES (20180, '张嘉益');
INSERT INTO `actor` VALUES (20180, '刘国祥');
INSERT INTO `actor` VALUES (20180, '徐学政');
INSERT INTO `actor` VALUES (20180, '林海海');
INSERT INTO `actor` VALUES (20180, '温谦');
INSERT INTO `actor` VALUES (20180, '马载军');
INSERT INTO `actor` VALUES (20180, '吴玮玲');
INSERT INTO `actor` VALUES (20180, '张艺');
INSERT INTO `actor` VALUES (20180, '韩炳杰');
INSERT INTO `actor` VALUES (20180, '杨亚洲');
INSERT INTO `actor` VALUES (20181, '郭涛');
INSERT INTO `actor` VALUES (20181, '刘桦');
INSERT INTO `actor` VALUES (20181, '连晋');
INSERT INTO `actor` VALUES (20181, '黄渤');
INSERT INTO `actor` VALUES (20181, '徐峥');
INSERT INTO `actor` VALUES (20181, '岳小军');
INSERT INTO `actor` VALUES (20181, '罗兰');
INSERT INTO `actor` VALUES (20181, '王迅');
INSERT INTO `actor` VALUES (20182, '杰米·福克斯');
INSERT INTO `actor` VALUES (20182, '蒂娜·菲');
INSERT INTO `actor` VALUES (20182, '菲利西亚·拉斯海德');
INSERT INTO `actor` VALUES (20182, '阿米尔-卡利布·汤普森');
INSERT INTO `actor` VALUES (20182, '戴维德·迪格斯');
INSERT INTO `actor` VALUES (20182, '格拉汉姆·诺顿');
INSERT INTO `actor` VALUES (20182, '瑞切尔·豪斯');
INSERT INTO `actor` VALUES (20182, '艾莉丝·布拉加');
INSERT INTO `actor` VALUES (20182, '理查德·艾欧阿德');
INSERT INTO `actor` VALUES (20182, '唐尼尔·罗林斯');
INSERT INTO `actor` VALUES (20182, '安吉拉·贝塞特');
INSERT INTO `actor` VALUES (20182, '马戈·霍尔');
INSERT INTO `actor` VALUES (20182, '罗德莎·琼斯');
INSERT INTO `actor` VALUES (20182, '韦斯·斯塔迪');
INSERT INTO `actor` VALUES (20182, '沙基纳·贾弗里');
INSERT INTO `actor` VALUES (20182, '福琼·费姆斯特');
INSERT INTO `actor` VALUES (20182, '卡鲁姆·格兰特');
INSERT INTO `actor` VALUES (20182, '泽诺比娅·谢罗夫');
INSERT INTO `actor` VALUES (20182, '朱恩·斯奎布');
INSERT INTO `actor` VALUES (20182, '凯茜·卡瓦蒂妮');
INSERT INTO `actor` VALUES (20182, '罗纳尔多·德尔·卡门');
INSERT INTO `actor` VALUES (20182, '埃利萨皮·艾萨克');
INSERT INTO `actor` VALUES (20182, '杰森·佩斯');
INSERT INTO `actor` VALUES (20182, '科拉·尚波米耶');
INSERT INTO `actor` VALUES (20183, '吉恩·凯利');
INSERT INTO `actor` VALUES (20183, '唐纳德·奥康纳');
INSERT INTO `actor` VALUES (20183, '黛比·雷诺斯');
INSERT INTO `actor` VALUES (20183, '简·哈根');
INSERT INTO `actor` VALUES (20183, '米勒德·米切尔');
INSERT INTO `actor` VALUES (20183, '赛德·查里斯');
INSERT INTO `actor` VALUES (20183, '达格拉斯·福雷');
INSERT INTO `actor` VALUES (20183, '丽塔·莫雷诺');
INSERT INTO `actor` VALUES (20183, '道恩·艾达丝');
INSERT INTO `actor` VALUES (20183, 'John Albright');
INSERT INTO `actor` VALUES (20183, 'Betty Allen');
INSERT INTO `actor` VALUES (20183, 'Bette Arlen');
INSERT INTO `actor` VALUES (20183, 'David Bair');
INSERT INTO `actor` VALUES (20183, '玛格丽特·伯特');
INSERT INTO `actor` VALUES (20183, 'Madge Blake');
INSERT INTO `actor` VALUES (20183, 'Gail Bonney');
INSERT INTO `actor` VALUES (20183, 'Chet Brandenburg');
INSERT INTO `actor` VALUES (20183, '梅·克拉克');
INSERT INTO `actor` VALUES (20183, 'Harry Cody');
INSERT INTO `actor` VALUES (20183, 'Chick Collins');
INSERT INTO `actor` VALUES (20183, 'Pat Conway');
INSERT INTO `actor` VALUES (20183, 'Jeanne Coyne');
INSERT INTO `actor` VALUES (20183, 'Fred Datig Jr.');
INSERT INTO `actor` VALUES (20183, '凯·德利斯');
INSERT INTO `actor` VALUES (20183, 'John Dodsworth');
INSERT INTO `actor` VALUES (20183, '金·多诺万');
INSERT INTO `actor` VALUES (20183, 'Phil Dunham');
INSERT INTO `actor` VALUES (20183, '海伦·艾比罗克');
INSERT INTO `actor` VALUES (20183, 'Richard Emory');
INSERT INTO `actor` VALUES (20183, 'Tommy Farrell');
INSERT INTO `actor` VALUES (20183, 'Ernie Flatt');
INSERT INTO `actor` VALUES (20183, '贝丝·弗劳尔斯');
INSERT INTO `actor` VALUES (20183, '罗伯特·福捷');
INSERT INTO `actor` VALUES (20183, 'Dan Foster');
INSERT INTO `actor` VALUES (20183, 'Robert Foulk');
INSERT INTO `actor` VALUES (20183, 'Eric Freeman');
INSERT INTO `actor` VALUES (20183, '凯瑟琳·弗里曼');
INSERT INTO `actor` VALUES (20183, '兰斯·富勒');
INSERT INTO `actor` VALUES (20183, '杰克·乔治');
INSERT INTO `actor` VALUES (20183, 'John George');
INSERT INTO `actor` VALUES (20183, 'Inez Gorman');
INSERT INTO `actor` VALUES (20183, 'A. Cameron Grant');
INSERT INTO `actor` VALUES (20183, 'Beatrice Gray');
INSERT INTO `actor` VALUES (20183, 'William Hamel');
INSERT INTO `actor` VALUES (20183, '山姆·哈里斯');
INSERT INTO `actor` VALUES (20183, 'Timmy Hawkins');
INSERT INTO `actor` VALUES (20183, 'Jean Heremans');
INSERT INTO `actor` VALUES (20183, '斯图尔特·霍姆斯');
INSERT INTO `actor` VALUES (20183, '肯纳G.肯普');
INSERT INTO `actor` VALUES (20183, '迈克·拉里');
INSERT INTO `actor` VALUES (20183, '乔伊·兰辛');
INSERT INTO `actor` VALUES (20183, 'William F. Leicester');
INSERT INTO `actor` VALUES (20183, 'Sylvia Lewis');
INSERT INTO `actor` VALUES (20184, '凯尔·杜拉');
INSERT INTO `actor` VALUES (20184, '加里·洛克伍德');
INSERT INTO `actor` VALUES (20184, '威廉姆·西尔维斯特');
INSERT INTO `actor` VALUES (20184, '丹尼尔·里希特');
INSERT INTO `actor` VALUES (20184, '雷纳德·洛塞特');
INSERT INTO `actor` VALUES (20184, '罗伯特·比提');
INSERT INTO `actor` VALUES (20184, '肖恩·沙利文');
INSERT INTO `actor` VALUES (20184, '艾德·毕肖普');
INSERT INTO `actor` VALUES (20184, '格伦·贝克');
INSERT INTO `actor` VALUES (20184, '艾伦·吉福德');
INSERT INTO `actor` VALUES (20184, '安·吉利斯');
INSERT INTO `actor` VALUES (20185, '吴君如');
INSERT INTO `actor` VALUES (20185, '任达华');
INSERT INTO `actor` VALUES (20185, '钟绍图');
INSERT INTO `actor` VALUES (20185, '李治廷');
INSERT INTO `actor` VALUES (20185, '蔡颖恩');
INSERT INTO `actor` VALUES (20185, '秦沛');
INSERT INTO `actor` VALUES (20185, '夏萍');
INSERT INTO `actor` VALUES (20185, '谷德昭');
INSERT INTO `actor` VALUES (20185, '许鞍华');
INSERT INTO `actor` VALUES (20185, '张同祖');
INSERT INTO `actor` VALUES (20185, '庄域飞');
INSERT INTO `actor` VALUES (20185, '威廉希路');
INSERT INTO `actor` VALUES (20185, '李健兴');
INSERT INTO `actor` VALUES (20185, '林耀祺');
INSERT INTO `actor` VALUES (20185, '廖爱玲');
INSERT INTO `actor` VALUES (20185, '张翼东');
INSERT INTO `actor` VALUES (20185, '钱耀荣');
INSERT INTO `actor` VALUES (20185, '谭瓒强');
INSERT INTO `actor` VALUES (20185, '陈庆航');
INSERT INTO `actor` VALUES (20185, '黎祥荣');
INSERT INTO `actor` VALUES (20186, '仲代达矢');
INSERT INTO `actor` VALUES (20186, '八千草薰');
INSERT INTO `actor` VALUES (20186, '柳叶敏郎');
INSERT INTO `actor` VALUES (20186, '尾美利德');
INSERT INTO `actor` VALUES (20186, '石野真子');
INSERT INTO `actor` VALUES (20186, '春川真澄');
INSERT INTO `actor` VALUES (20186, '殿山泰司');
INSERT INTO `actor` VALUES (20186, '加藤嘉');
INSERT INTO `actor` VALUES (20186, '井川比佐志');
INSERT INTO `actor` VALUES (20186, '山本圭');
INSERT INTO `actor` VALUES (20186, '片桐入');
INSERT INTO `actor` VALUES (20186, '浦边粂子');
INSERT INTO `actor` VALUES (20186, '高桥长英');
INSERT INTO `actor` VALUES (20186, '石仓三郎');
INSERT INTO `actor` VALUES (20186, '岸部四郎');
INSERT INTO `actor` VALUES (20186, '樋浦勉');
INSERT INTO `actor` VALUES (20186, '原知佐子');
INSERT INTO `actor` VALUES (20186, '早川纯一');
INSERT INTO `actor` VALUES (20186, '川上夏代');
INSERT INTO `actor` VALUES (20186, '青木卓');
INSERT INTO `actor` VALUES (20186, '野口文惠');
INSERT INTO `actor` VALUES (20186, '黑田亚瑟');
INSERT INTO `actor` VALUES (20186, '中村美代子');
INSERT INTO `actor` VALUES (20186, '原吉实');
INSERT INTO `actor` VALUES (20186, '松尾麻织');
INSERT INTO `actor` VALUES (20186, '平林尚三');
INSERT INTO `actor` VALUES (20186, '田山真美子');
INSERT INTO `actor` VALUES (20186, '及川以造');
INSERT INTO `actor` VALUES (20186, '古田将士');
INSERT INTO `actor` VALUES (20186, '吉冈圭二');
INSERT INTO `actor` VALUES (20186, '松本诚一');
INSERT INTO `actor` VALUES (20186, '坂井茂树');
INSERT INTO `actor` VALUES (20186, '三浦忠度');
INSERT INTO `actor` VALUES (20186, '竹田光裕');
INSERT INTO `actor` VALUES (20186, '小岛敏彦');
INSERT INTO `actor` VALUES (20186, '高崎隆二');
INSERT INTO `actor` VALUES (20186, '小山昌幸');
INSERT INTO `actor` VALUES (20186, '秋山京子');
INSERT INTO `actor` VALUES (20186, '庄司秀俊');
INSERT INTO `actor` VALUES (20186, '藤原等');
INSERT INTO `actor` VALUES (20186, '西海真理');
INSERT INTO `actor` VALUES (20186, '小山内一雄');
INSERT INTO `actor` VALUES (20186, '田中孝雄');
INSERT INTO `actor` VALUES (20186, '荒木瞳');
INSERT INTO `actor` VALUES (20186, '天野良昭');
INSERT INTO `actor` VALUES (20186, '八木邦明');
INSERT INTO `actor` VALUES (20186, '神田典子');
INSERT INTO `actor` VALUES (20186, '大辉昭');
INSERT INTO `actor` VALUES (20186, '高桥正明');
INSERT INTO `actor` VALUES (20186, '中濑博文');
INSERT INTO `actor` VALUES (20186, '菊川予市');
INSERT INTO `actor` VALUES (20186, '太田行雄');
INSERT INTO `actor` VALUES (20186, '高市好行');
INSERT INTO `actor` VALUES (20186, '木津修');
INSERT INTO `actor` VALUES (20186, '山下一夫');
INSERT INTO `actor` VALUES (20186, '细见良行');
INSERT INTO `actor` VALUES (20186, '山口晴记');
INSERT INTO `actor` VALUES (20186, '千叶康司');
INSERT INTO `actor` VALUES (20186, '谷津勋');
INSERT INTO `actor` VALUES (20186, '难波透');
INSERT INTO `actor` VALUES (20186, '和气秀章');
INSERT INTO `actor` VALUES (20186, '小野一光');
INSERT INTO `actor` VALUES (20186, '山科薰');
INSERT INTO `actor` VALUES (20186, '内田修司');
INSERT INTO `actor` VALUES (20186, '三上祐');
INSERT INTO `actor` VALUES (20186, '作原利男');
INSERT INTO `actor` VALUES (20186, '岩庭友启');
INSERT INTO `actor` VALUES (20186, '石田哲也');
INSERT INTO `actor` VALUES (20186, '门平克己');
INSERT INTO `actor` VALUES (20186, '佐藤法义');
INSERT INTO `actor` VALUES (20186, '上山隆');
INSERT INTO `actor` VALUES (20186, '小玉赖信');
INSERT INTO `actor` VALUES (20186, '寺坂博文');
INSERT INTO `actor` VALUES (20186, '竹原升');
INSERT INTO `actor` VALUES (20186, '三木纪平');
INSERT INTO `actor` VALUES (20186, '泉谷茂');
INSERT INTO `actor` VALUES (20186, '菅井琴');
INSERT INTO `actor` VALUES (20186, '加藤登纪子');
INSERT INTO `actor` VALUES (20186, '长门裕之');
INSERT INTO `actor` VALUES (20186, '山城新伍');
INSERT INTO `actor` VALUES (20186, '田村高广');
INSERT INTO `actor` VALUES (20187, '陈冠希');
INSERT INTO `actor` VALUES (20187, '余文乐');
INSERT INTO `actor` VALUES (20187, '曾志伟');
INSERT INTO `actor` VALUES (20187, '黄秋生');
INSERT INTO `actor` VALUES (20187, '吴镇宇');
INSERT INTO `actor` VALUES (20187, '刘嘉玲');
INSERT INTO `actor` VALUES (20187, '胡军');
INSERT INTO `actor` VALUES (20187, '张耀扬');
INSERT INTO `actor` VALUES (20187, '连凯');
INSERT INTO `actor` VALUES (20187, '惠英红');
INSERT INTO `actor` VALUES (20187, '廖启智');
INSERT INTO `actor` VALUES (20187, '张同祖');
INSERT INTO `actor` VALUES (20187, '方平');
INSERT INTO `actor` VALUES (20187, '敖志君');
INSERT INTO `actor` VALUES (20187, '黄岳泰');
INSERT INTO `actor` VALUES (20187, '陈德森');
INSERT INTO `actor` VALUES (20187, '赵颂茹');
INSERT INTO `actor` VALUES (20187, '叶世品');
INSERT INTO `actor` VALUES (20187, '郑斌辉');
INSERT INTO `actor` VALUES (20187, '许金峰');
INSERT INTO `actor` VALUES (20187, '陈望华');
INSERT INTO `actor` VALUES (20187, '尹志强');
INSERT INTO `actor` VALUES (20187, '傅嘉莉');
INSERT INTO `actor` VALUES (20187, '段伟伦');
INSERT INTO `actor` VALUES (20187, '林仲岐');
INSERT INTO `actor` VALUES (20187, '金来群');
INSERT INTO `actor` VALUES (20187, '黄锐生');
INSERT INTO `actor` VALUES (20187, '张碧珊');
INSERT INTO `actor` VALUES (20187, '刘宗基');
INSERT INTO `actor` VALUES (20187, '王文成');
INSERT INTO `actor` VALUES (20187, '张旭燊');
INSERT INTO `actor` VALUES (20187, '林国杰');
INSERT INTO `actor` VALUES (20187, '雷小明');
INSERT INTO `actor` VALUES (20187, '里卡多·马姆多');
INSERT INTO `actor` VALUES (20187, '布兰登·雷亚');
INSERT INTO `actor` VALUES (20187, '李霆锋');
INSERT INTO `actor` VALUES (20187, '阎青妤');
INSERT INTO `actor` VALUES (20187, '龙比意');
INSERT INTO `actor` VALUES (20187, 'Phorjeat Keanpetch');
INSERT INTO `actor` VALUES (20187, '杜汶泽');
INSERT INTO `actor` VALUES (20188, '达里奥·格兰迪内蒂');
INSERT INTO `actor` VALUES (20188, '玛丽娅·玛努尔');
INSERT INTO `actor` VALUES (20188, '莫妮卡·比利亚');
INSERT INTO `actor` VALUES (20188, '丽塔·科尔泰塞');
INSERT INTO `actor` VALUES (20188, '胡丽叶塔·泽尔贝伯格');
INSERT INTO `actor` VALUES (20188, '凯撒·博尔东');
INSERT INTO `actor` VALUES (20188, '莱昂纳多·斯巴拉格利亚');
INSERT INTO `actor` VALUES (20188, '沃尔特·多纳多');
INSERT INTO `actor` VALUES (20188, '里卡多·达林');
INSERT INTO `actor` VALUES (20188, '南希·杜普拉');
INSERT INTO `actor` VALUES (20188, '奥斯卡·马丁内兹');
INSERT INTO `actor` VALUES (20188, '玛莉亚·奥内托');
INSERT INTO `actor` VALUES (20188, '奥斯马·努涅斯');
INSERT INTO `actor` VALUES (20188, '赫尔曼·德·席尔瓦');
INSERT INTO `actor` VALUES (20188, '艾丽卡·里瓦斯');
INSERT INTO `actor` VALUES (20188, '地亚哥·詹蒂莱');
INSERT INTO `actor` VALUES (20188, '玛格丽塔·莫菲诺');
INSERT INTO `actor` VALUES (20190, '约翰·C·赖利');
INSERT INTO `actor` VALUES (20190, '萨拉·西尔弗曼');
INSERT INTO `actor` VALUES (20190, '杰克·麦克布瑞尔');
INSERT INTO `actor` VALUES (20190, '简·林奇');
INSERT INTO `actor` VALUES (20190, '艾伦·图代克');
INSERT INTO `actor` VALUES (20190, '敏迪·卡灵');
INSERT INTO `actor` VALUES (20190, '乔·洛·特鲁格里奥');
INSERT INTO `actor` VALUES (20190, '艾德·奥尼尔');
INSERT INTO `actor` VALUES (20190, '丹尼斯·海斯伯特');
INSERT INTO `actor` VALUES (20190, '伊迪·麦克勒格');
INSERT INTO `actor` VALUES (20190, '雷蒙德·S·佩尔西');
INSERT INTO `actor` VALUES (20190, '杰斯·哈梅尔');
INSERT INTO `actor` VALUES (20190, '瑞秋·哈里斯');
INSERT INTO `actor` VALUES (20190, '斯盖拉·阿斯丁');
INSERT INTO `actor` VALUES (20190, '亚当·卡罗拉');
INSERT INTO `actor` VALUES (20190, '霍拉提奥·桑斯');
INSERT INTO `actor` VALUES (20190, '莫里斯·拉马奇');
INSERT INTO `actor` VALUES (20190, '斯戴芬妮·斯考特');
INSERT INTO `actor` VALUES (20190, '约翰·迪·马吉欧');
INSERT INTO `actor` VALUES (20190, '瑞奇·摩尔');
INSERT INTO `actor` VALUES (20190, '凯蒂·洛斯');
INSERT INTO `actor` VALUES (20190, '贾米·埃曼');
INSERT INTO `actor` VALUES (20190, '乔西·特立尼达');
INSERT INTO `actor` VALUES (20190, '辛贝·沃克');
INSERT INTO `actor` VALUES (20190, '塔克·吉莫尔');
INSERT INTO `actor` VALUES (20190, '布兰登·斯考特');
INSERT INTO `actor` VALUES (20190, '蒂姆·梅尔滕斯');
INSERT INTO `actor` VALUES (20190, '凯文·迪特斯');
INSERT INTO `actor` VALUES (20190, '杰洛·里佛斯');
INSERT INTO `actor` VALUES (20190, '马丁·贾维斯');
INSERT INTO `actor` VALUES (20190, '布莱恩·克辛格');
INSERT INTO `actor` VALUES (20190, '罗杰·克莱格·史密斯');
INSERT INTO `actor` VALUES (20190, '菲尔·约翰斯顿');
INSERT INTO `actor` VALUES (20190, '鲁本·兰登');
INSERT INTO `actor` VALUES (20190, '凯尔·赫伯特');
INSERT INTO `actor` VALUES (20190, '洁米·斯贝勒·罗伯茨');
INSERT INTO `actor` VALUES (20190, '尼克·格里姆肖');
INSERT INTO `actor` VALUES (20191, '迈尔斯·特勒');
INSERT INTO `actor` VALUES (20191, 'J·K·西蒙斯');
INSERT INTO `actor` VALUES (20191, '保罗·雷瑟');
INSERT INTO `actor` VALUES (20191, '梅莉莎·班诺伊');
INSERT INTO `actor` VALUES (20191, '奥斯汀·斯托维尔');
INSERT INTO `actor` VALUES (20191, '内特·朗');
INSERT INTO `actor` VALUES (20191, '克里斯·马尔基');
INSERT INTO `actor` VALUES (20191, '达蒙·冈普顿');
INSERT INTO `actor` VALUES (20191, 'Suanne Spoke');
INSERT INTO `actor` VALUES (20191, '马科斯·卡锡');
INSERT INTO `actor` VALUES (20191, 'Charlie Ian');
INSERT INTO `actor` VALUES (20191, '杰森·布莱尔');
INSERT INTO `actor` VALUES (20191, '科菲·斯里博伊');
INSERT INTO `actor` VALUES (20191, '卡维塔帕蒂尔');
INSERT INTO `actor` VALUES (20191, 'C.J. Vana');
INSERT INTO `actor` VALUES (20191, '塔里克·洛维');
INSERT INTO `actor` VALUES (20191, '卡尔文·C·温布什');
INSERT INTO `actor` VALUES (20191, '迈克尔·D·科恩');
INSERT INTO `actor` VALUES (20191, '艾普尔·格雷斯');
INSERT INTO `actor` VALUES (20191, '马库斯·亨德森');
INSERT INTO `actor` VALUES (20191, '亨利·G.桑德斯');
INSERT INTO `actor` VALUES (20191, '温迪·李');
INSERT INTO `actor` VALUES (20191, '米歇尔·拉夫');
INSERT INTO `actor` VALUES (20192, '雷·罗马诺');
INSERT INTO `actor` VALUES (20192, '约翰·雷吉扎莫');
INSERT INTO `actor` VALUES (20192, '丹尼斯·利瑞');
INSERT INTO `actor` VALUES (20192, '杰克·布莱克');
INSERT INTO `actor` VALUES (20193, '梅利莎·乔治');
INSERT INTO `actor` VALUES (20193, '利亚姆·海姆斯沃斯');
INSERT INTO `actor` VALUES (20193, '迈克尔·多曼');
INSERT INTO `actor` VALUES (20193, '瑞秋·卡帕尼');
INSERT INTO `actor` VALUES (20193, '艾玛·朗');
INSERT INTO `actor` VALUES (20193, '亨利·尼克松');
INSERT INTO `actor` VALUES (20193, '约书亚·麦基弗');
INSERT INTO `actor` VALUES (20194, '戴夫·帕特尔');
INSERT INTO `actor` VALUES (20194, '沙鲁巴·舒克拉');
INSERT INTO `actor` VALUES (20194, '亚尼·卡普');
INSERT INTO `actor` VALUES (20194, '拉詹德拉纳斯·祖特施');
INSERT INTO `actor` VALUES (20194, '吉尼瓦·塔瓦尔');
INSERT INTO `actor` VALUES (20194, '芙蕾达·平托');
INSERT INTO `actor` VALUES (20194, '伊尔凡·可汗');
INSERT INTO `actor` VALUES (20194, '爱资哈尔丁·穆罕默德·伊斯梅尔');
INSERT INTO `actor` VALUES (20194, '阿什·马赫什·舍德卡');
INSERT INTO `actor` VALUES (20194, '马赫什·曼杰瑞卡');
INSERT INTO `actor` VALUES (20194, '麦活·米泰尔');

-- ----------------------------
-- Table structure for area
-- ----------------------------
DROP TABLE IF EXISTS `area`;
CREATE TABLE `area`  (
  `id` int NULL DEFAULT NULL,
  `name` varchar(255) CHARACTER SET utf8mb4 COLLATE utf8mb4_0900_ai_ci NULL DEFAULT NULL
) ENGINE = InnoDB CHARACTER SET = utf8mb4 COLLATE = utf8mb4_0900_ai_ci ROW_FORMAT = Dynamic;

-- ----------------------------
-- Records of area
-- ----------------------------
INSERT INTO `area` VALUES (20001, '美国');
INSERT INTO `area` VALUES (20002, '中国大陆');
INSERT INTO `area` VALUES (20002, '中国香港');
INSERT INTO `area` VALUES (20003, '美国');
INSERT INTO `area` VALUES (20004, '美国');
INSERT INTO `area` VALUES (20004, '墨西哥');
INSERT INTO `area` VALUES (20005, '法国');
INSERT INTO `area` VALUES (20005, '美国');
INSERT INTO `area` VALUES (20006, '日本');
INSERT INTO `area` VALUES (20007, '意大利');
INSERT INTO `area` VALUES (20008, '美国');
INSERT INTO `area` VALUES (20008, '英国');
INSERT INTO `area` VALUES (20009, '美国');
INSERT INTO `area` VALUES (20010, '美国');
INSERT INTO `area` VALUES (20010, '英国');
INSERT INTO `area` VALUES (20011, '印度');
INSERT INTO `area` VALUES (20012, '美国');
INSERT INTO `area` VALUES (20013, '美国');
INSERT INTO `area` VALUES (20014, '中国香港');
INSERT INTO `area` VALUES (20015, '韩国');
INSERT INTO `area` VALUES (20016, '美国');
INSERT INTO `area` VALUES (20017, '法国');
INSERT INTO `area` VALUES (20018, '美国');
INSERT INTO `area` VALUES (20019, '英国');
INSERT INTO `area` VALUES (20019, '意大利');
INSERT INTO `area` VALUES (20019, '中国大陆');
INSERT INTO `area` VALUES (20019, '法国');
INSERT INTO `area` VALUES (20020, '美国');
INSERT INTO `area` VALUES (20021, '中国大陆');
INSERT INTO `area` VALUES (20021, '中国香港');
INSERT INTO `area` VALUES (20022, '美国');
INSERT INTO `area` VALUES (20022, '英国');
INSERT INTO `area` VALUES (20023, '美国');
INSERT INTO `area` VALUES (20023, '英国');
INSERT INTO `area` VALUES (20024, '美国');
INSERT INTO `area` VALUES (20024, '新西兰');
INSERT INTO `area` VALUES (20025, '中国大陆');
INSERT INTO `area` VALUES (20026, '美国');
INSERT INTO `area` VALUES (20027, '韩国');
INSERT INTO `area` VALUES (20028, '美国');
INSERT INTO `area` VALUES (20029, '日本');
INSERT INTO `area` VALUES (20030, '黎巴嫩');
INSERT INTO `area` VALUES (20030, '美国');
INSERT INTO `area` VALUES (20030, '法国');
INSERT INTO `area` VALUES (20030, '塞浦路斯');
INSERT INTO `area` VALUES (20030, '卡塔尔');
INSERT INTO `area` VALUES (20030, '英国');
INSERT INTO `area` VALUES (20031, '印度');
INSERT INTO `area` VALUES (20032, '美国');
INSERT INTO `area` VALUES (20032, '加拿大');
INSERT INTO `area` VALUES (20033, '日本');
INSERT INTO `area` VALUES (20034, '中国大陆');
INSERT INTO `area` VALUES (20035, '德国');
INSERT INTO `area` VALUES (20035, '瑞士');
INSERT INTO `area` VALUES (20036, '英国');
INSERT INTO `area` VALUES (20036, '法国');
INSERT INTO `area` VALUES (20036, '波兰');
INSERT INTO `area` VALUES (20036, '德国');
INSERT INTO `area` VALUES (20037, '中国香港');
INSERT INTO `area` VALUES (20037, '中国大陆');
INSERT INTO `area` VALUES (20038, '美国');
INSERT INTO `area` VALUES (20038, '新西兰');
INSERT INTO `area` VALUES (20039, '美国');
INSERT INTO `area` VALUES (20040, '美国');
INSERT INTO `area` VALUES (20040, '中国大陆');
INSERT INTO `area` VALUES (20041, '美国');
INSERT INTO `area` VALUES (20042, '意大利');
INSERT INTO `area` VALUES (20042, '法国');
INSERT INTO `area` VALUES (20043, '新西兰');
INSERT INTO `area` VALUES (20043, '美国');
INSERT INTO `area` VALUES (20044, '美国');
INSERT INTO `area` VALUES (20045, '美国');
INSERT INTO `area` VALUES (20046, '中国台湾');
INSERT INTO `area` VALUES (20046, '美国');
INSERT INTO `area` VALUES (20047, '美国');
INSERT INTO `area` VALUES (20048, '英国');
INSERT INTO `area` VALUES (20048, '美国');
INSERT INTO `area` VALUES (20049, '德国');
INSERT INTO `area` VALUES (20050, '日本');
INSERT INTO `area` VALUES (20051, '英国');
INSERT INTO `area` VALUES (20052, '西班牙');
INSERT INTO `area` VALUES (20053, '美国');
INSERT INTO `area` VALUES (20054, '美国');
INSERT INTO `area` VALUES (20055, '美国');
INSERT INTO `area` VALUES (20055, '英国');
INSERT INTO `area` VALUES (20056, '伊朗');
INSERT INTO `area` VALUES (20057, '美国');
INSERT INTO `area` VALUES (20058, '美国');
INSERT INTO `area` VALUES (20058, '德国');
INSERT INTO `area` VALUES (20058, '英国');
INSERT INTO `area` VALUES (20059, '美国');
INSERT INTO `area` VALUES (20060, '美国');
INSERT INTO `area` VALUES (20060, '加拿大');
INSERT INTO `area` VALUES (20061, '英国');
INSERT INTO `area` VALUES (20061, '美国');
INSERT INTO `area` VALUES (20062, '美国');
INSERT INTO `area` VALUES (20063, '美国');
INSERT INTO `area` VALUES (20064, '美国');
INSERT INTO `area` VALUES (20065, '美国');
INSERT INTO `area` VALUES (20066, '美国');
INSERT INTO `area` VALUES (20067, '中国香港');
INSERT INTO `area` VALUES (20067, '日本');
INSERT INTO `area` VALUES (20067, '韩国');
INSERT INTO `area` VALUES (20068, '美国');
INSERT INTO `area` VALUES (20068, '意大利');
INSERT INTO `area` VALUES (20069, '中国香港');
INSERT INTO `area` VALUES (20070, '美国');
INSERT INTO `area` VALUES (20071, '韩国');
INSERT INTO `area` VALUES (20072, '美国');
INSERT INTO `area` VALUES (20073, '日本');
INSERT INTO `area` VALUES (20074, '美国');
INSERT INTO `area` VALUES (20075, '英国');
INSERT INTO `area` VALUES (20075, '美国');
INSERT INTO `area` VALUES (20076, '中国台湾');
INSERT INTO `area` VALUES (20076, '日本');
INSERT INTO `area` VALUES (20078, '丹麦');
INSERT INTO `area` VALUES (20078, '瑞典');
INSERT INTO `area` VALUES (20079, '韩国');
INSERT INTO `area` VALUES (20080, '日本');
INSERT INTO `area` VALUES (20081, '美国');
INSERT INTO `area` VALUES (20081, '英国');
INSERT INTO `area` VALUES (20082, '意大利');
INSERT INTO `area` VALUES (20082, '法国');
INSERT INTO `area` VALUES (20082, '巴西');
INSERT INTO `area` VALUES (20082, '美国');
INSERT INTO `area` VALUES (20083, '美国');
INSERT INTO `area` VALUES (20083, '奥地利');
INSERT INTO `area` VALUES (20083, '瑞士');
INSERT INTO `area` VALUES (20084, '美国');
INSERT INTO `area` VALUES (20086, '日本');
INSERT INTO `area` VALUES (20087, '美国');
INSERT INTO `area` VALUES (20089, '美国');
INSERT INTO `area` VALUES (20090, '美国');
INSERT INTO `area` VALUES (20091, '中国香港');
INSERT INTO `area` VALUES (20092, '日本');
INSERT INTO `area` VALUES (20093, '美国');
INSERT INTO `area` VALUES (20093, '法国');
INSERT INTO `area` VALUES (20094, '日本');
INSERT INTO `area` VALUES (20095, '日本');
INSERT INTO `area` VALUES (20096, '韩国');
INSERT INTO `area` VALUES (20097, '美国');
INSERT INTO `area` VALUES (20098, '中国大陆');
INSERT INTO `area` VALUES (20098, '中国香港');
INSERT INTO `area` VALUES (20099, '法国');
INSERT INTO `area` VALUES (20099, '德国');
INSERT INTO `area` VALUES (20100, '美国');
INSERT INTO `area` VALUES (20101, '日本');
INSERT INTO `area` VALUES (20102, '中国香港');
INSERT INTO `area` VALUES (20103, '日本');
INSERT INTO `area` VALUES (20104, '英国');
INSERT INTO `area` VALUES (20105, '日本');
INSERT INTO `area` VALUES (20106, '日本');
INSERT INTO `area` VALUES (20107, '英国');
INSERT INTO `area` VALUES (20107, '美国');
INSERT INTO `area` VALUES (20108, '美国');
INSERT INTO `area` VALUES (20109, '美国');
INSERT INTO `area` VALUES (20110, '日本');
INSERT INTO `area` VALUES (20111, '瑞典');
INSERT INTO `area` VALUES (20112, '美国');
INSERT INTO `area` VALUES (20113, '美国');
INSERT INTO `area` VALUES (20114, '美国');
INSERT INTO `area` VALUES (20115, '法国');
INSERT INTO `area` VALUES (20115, '英国');
INSERT INTO `area` VALUES (20115, '美国');
INSERT INTO `area` VALUES (20116, '韩国');
INSERT INTO `area` VALUES (20117, '日本');
INSERT INTO `area` VALUES (20118, '韩国');
INSERT INTO `area` VALUES (20121, '美国');
INSERT INTO `area` VALUES (20121, '法国');
INSERT INTO `area` VALUES (20122, '日本');
INSERT INTO `area` VALUES (20123, '澳大利亚');
INSERT INTO `area` VALUES (20123, '美国');
INSERT INTO `area` VALUES (20124, '中国大陆');
INSERT INTO `area` VALUES (20125, '美国');
INSERT INTO `area` VALUES (20126, '中国台湾');
INSERT INTO `area` VALUES (20126, '中国大陆');
INSERT INTO `area` VALUES (20126, '美国');
INSERT INTO `area` VALUES (20126, '中国香港');
INSERT INTO `area` VALUES (20127, '中国香港');
INSERT INTO `area` VALUES (20127, '中国大陆');
INSERT INTO `area` VALUES (20128, '英国');
INSERT INTO `area` VALUES (20128, '美国');
INSERT INTO `area` VALUES (20129, '美国');
INSERT INTO `area` VALUES (20130, '中国香港');
INSERT INTO `area` VALUES (20131, '中国香港');
INSERT INTO `area` VALUES (20132, '美国');
INSERT INTO `area` VALUES (20133, '美国');
INSERT INTO `area` VALUES (20134, '韩国');
INSERT INTO `area` VALUES (20135, '日本');
INSERT INTO `area` VALUES (20136, '澳大利亚');
INSERT INTO `area` VALUES (20136, '美国');
INSERT INTO `area` VALUES (20137, '韩国');
INSERT INTO `area` VALUES (20138, '美国');
INSERT INTO `area` VALUES (20139, '美国');
INSERT INTO `area` VALUES (20140, '日本');
INSERT INTO `area` VALUES (20141, '美国');
INSERT INTO `area` VALUES (20142, '英国');
INSERT INTO `area` VALUES (20142, '美国');
INSERT INTO `area` VALUES (20143, '美国');
INSERT INTO `area` VALUES (20144, '美国');
INSERT INTO `area` VALUES (20145, '巴西');
INSERT INTO `area` VALUES (20145, '法国');
INSERT INTO `area` VALUES (20146, '中国香港');
INSERT INTO `area` VALUES (20148, '英国');
INSERT INTO `area` VALUES (20148, '南非');
INSERT INTO `area` VALUES (20148, '意大利');
INSERT INTO `area` VALUES (20148, '美国');
INSERT INTO `area` VALUES (20149, '日本');
INSERT INTO `area` VALUES (20150, '美国');
INSERT INTO `area` VALUES (20150, '加拿大');
INSERT INTO `area` VALUES (20151, '美国');
INSERT INTO `area` VALUES (20152, '中国大陆');
INSERT INTO `area` VALUES (20152, '中国香港');
INSERT INTO `area` VALUES (20154, '美国');
INSERT INTO `area` VALUES (20155, '英国');
INSERT INTO `area` VALUES (20155, '美国');
INSERT INTO `area` VALUES (20156, '中国香港');
INSERT INTO `area` VALUES (20156, '中国大陆');
INSERT INTO `area` VALUES (20158, '阿根廷');
INSERT INTO `area` VALUES (20158, '西班牙');
INSERT INTO `area` VALUES (20159, '日本');
INSERT INTO `area` VALUES (20160, '美国');
INSERT INTO `area` VALUES (20161, '美国');
INSERT INTO `area` VALUES (20162, '美国');
INSERT INTO `area` VALUES (20163, '英国');
INSERT INTO `area` VALUES (20165, '中国香港');
INSERT INTO `area` VALUES (20165, '中国台湾');
INSERT INTO `area` VALUES (20166, '日本');
INSERT INTO `area` VALUES (20167, '日本');
INSERT INTO `area` VALUES (20168, '中国大陆');
INSERT INTO `area` VALUES (20168, '中国香港');
INSERT INTO `area` VALUES (20169, '美国');
INSERT INTO `area` VALUES (20170, '英国');
INSERT INTO `area` VALUES (20170, '美国');
INSERT INTO `area` VALUES (20170, '法国');
INSERT INTO `area` VALUES (20171, '美国');
INSERT INTO `area` VALUES (20172, '美国');
INSERT INTO `area` VALUES (20172, '加拿大');
INSERT INTO `area` VALUES (20173, '美国');
INSERT INTO `area` VALUES (20175, '泰国');
INSERT INTO `area` VALUES (20176, '中国香港');
INSERT INTO `area` VALUES (20176, '中国大陆');
INSERT INTO `area` VALUES (20177, '美国');
INSERT INTO `area` VALUES (20178, '美国');
INSERT INTO `area` VALUES (20178, '英国');
INSERT INTO `area` VALUES (20178, '法国');
INSERT INTO `area` VALUES (20179, '美国');
INSERT INTO `area` VALUES (20179, '英国');
INSERT INTO `area` VALUES (20180, '法国');
INSERT INTO `area` VALUES (20180, '英国');
INSERT INTO `area` VALUES (20181, '美国');
INSERT INTO `area` VALUES (20181, '法国');
INSERT INTO `area` VALUES (20182, '澳大利亚');
INSERT INTO `area` VALUES (20182, '美国');
INSERT INTO `area` VALUES (20183, '日本');
INSERT INTO `area` VALUES (20184, '中国香港');
INSERT INTO `area` VALUES (20184, '中国大陆');
INSERT INTO `area` VALUES (20185, '德国');
INSERT INTO `area` VALUES (20185, '美国');
INSERT INTO `area` VALUES (20186, '日本');
INSERT INTO `area` VALUES (20187, '中国大陆');
INSERT INTO `area` VALUES (20188, '日本');
INSERT INTO `area` VALUES (20190, '美国');
INSERT INTO `area` VALUES (20190, '英国');
INSERT INTO `area` VALUES (20191, '美国');
INSERT INTO `area` VALUES (20192, '美国');
INSERT INTO `area` VALUES (20192, '中国香港');
INSERT INTO `area` VALUES (20193, '美国');
INSERT INTO `area` VALUES (20194, '美国');
INSERT INTO `area` VALUES (20194, '德国');
INSERT INTO `area` VALUES (20194, '英国');

-- ----------------------------
-- Table structure for favorite
-- ----------------------------
DROP TABLE IF EXISTS `favorite`;
CREATE TABLE `favorite`  (
  `email` varchar(255) CHARACTER SET utf8mb4 COLLATE utf8mb4_0900_ai_ci NULL DEFAULT NULL,
  `id` int NULL DEFAULT NULL
) ENGINE = InnoDB CHARACTER SET = utf8mb4 COLLATE = utf8mb4_0900_ai_ci ROW_FORMAT = Dynamic;

-- ----------------------------
-- Records of favorite
-- ----------------------------
INSERT INTO `favorite` VALUES ('123456@mail.com', 20102);
INSERT INTO `favorite` VALUES ('shyuning5@hotmail.com', 20042);
INSERT INTO `favorite` VALUES ('anqihu8@outlook.com', 20177);
INSERT INTO `favorite` VALUES ('zhyunxi713@gmail.com', 20179);
INSERT INTO `favorite` VALUES ('zhiyuch@icloud.com', 20168);
INSERT INTO `favorite` VALUES ('lum@icloud.com', 20068);
INSERT INTO `favorite` VALUES ('anqihu8@outlook.com', 20136);
INSERT INTO `favorite` VALUES ('lum@icloud.com', 20007);
INSERT INTO `favorite` VALUES ('shyuning5@hotmail.com', 20052);
INSERT INTO `favorite` VALUES ('123456789@mail.com', 20138);
INSERT INTO `favorite` VALUES ('zhiyuch@icloud.com', 20022);
INSERT INTO `favorite` VALUES ('anqihu8@outlook.com', 20001);
INSERT INTO `favorite` VALUES ('123456@mail.com', 20059);
INSERT INTO `favorite` VALUES ('zhyunxi713@gmail.com', 20087);
INSERT INTO `favorite` VALUES ('anqihu8@outlook.com', 20040);
INSERT INTO `favorite` VALUES ('anqihu8@outlook.com', 20178);
INSERT INTO `favorite` VALUES ('anqihu8@outlook.com', 20116);
INSERT INTO `favorite` VALUES ('lum@icloud.com', 20019);
INSERT INTO `favorite` VALUES ('lum@icloud.com', 20044);
INSERT INTO `favorite` VALUES ('shyuning5@hotmail.com', 20113);
INSERT INTO `favorite` VALUES ('123456789@mail.com', 20018);
INSERT INTO `favorite` VALUES ('zhiyuch@icloud.com', 20131);
INSERT INTO `favorite` VALUES ('zhyunxi713@gmail.com', 20147);
INSERT INTO `favorite` VALUES ('anqihu8@outlook.com', 20010);
INSERT INTO `favorite` VALUES ('zhiyuch@icloud.com', 20076);
INSERT INTO `favorite` VALUES ('anqihu8@outlook.com', 20166);
INSERT INTO `favorite` VALUES ('anqihu8@outlook.com', 20060);
INSERT INTO `favorite` VALUES ('lum@icloud.com', 20079);
INSERT INTO `favorite` VALUES ('123456@mail.com', 20031);
INSERT INTO `favorite` VALUES ('zhyunxi713@gmail.com', 20089);
INSERT INTO `favorite` VALUES ('zhyunxi713@gmail.com', 20104);
INSERT INTO `favorite` VALUES ('shyuning5@hotmail.com', 20150);
INSERT INTO `favorite` VALUES ('zhyunxi713@gmail.com', 20048);
INSERT INTO `favorite` VALUES ('zhyunxi713@gmail.com', 20006);
INSERT INTO `favorite` VALUES ('123456@mail.com', 20043);
INSERT INTO `favorite` VALUES ('zhiyuch@icloud.com', 20101);
INSERT INTO `favorite` VALUES ('zhiyuch@icloud.com', 20036);
INSERT INTO `favorite` VALUES ('shyuning5@hotmail.com', 20147);
INSERT INTO `favorite` VALUES ('lum@icloud.com', 20110);
INSERT INTO `favorite` VALUES ('zhiyuch@icloud.com', 20096);
INSERT INTO `favorite` VALUES ('123456789@mail.com', 20120);
INSERT INTO `favorite` VALUES ('lum@icloud.com', 20013);
INSERT INTO `favorite` VALUES ('zhiyuch@icloud.com', 20067);
INSERT INTO `favorite` VALUES ('zhyunxi713@gmail.com', 20077);
INSERT INTO `favorite` VALUES ('123456789@mail.com', 20177);
INSERT INTO `favorite` VALUES ('123456789@mail.com', 20054);
INSERT INTO `favorite` VALUES ('shyuning5@hotmail.com', 20134);
INSERT INTO `favorite` VALUES ('123456@mail.com', 20133);
INSERT INTO `favorite` VALUES ('zhiyuch@icloud.com', 20099);
INSERT INTO `favorite` VALUES ('123456@mail.com', 20128);
INSERT INTO `favorite` VALUES ('123456789@mail.com', 20009);
INSERT INTO `favorite` VALUES ('123456789@mail.com', 20001);
INSERT INTO `favorite` VALUES ('123456789@mail.com', 20010);
INSERT INTO `favorite` VALUES ('1', 20003);
INSERT INTO `favorite` VALUES ('123456789@mail.com', 20091);
INSERT INTO `favorite` VALUES ('123456789@mail.com', 20002);

-- ----------------------------
-- Table structure for film
-- ----------------------------
DROP TABLE IF EXISTS `film`;
CREATE TABLE `film`  (
  `film_name` varchar(100) CHARACTER SET utf8mb4 COLLATE utf8mb4_0900_ai_ci NULL DEFAULT NULL,
  `popularity_week` int NULL DEFAULT NULL,
  `popularity_month` int NULL DEFAULT NULL,
  `popularity_all` int NULL DEFAULT NULL,
  `year` int NULL DEFAULT NULL,
  `id` int NULL DEFAULT NULL,
  `introduction` text CHARACTER SET utf8mb4 COLLATE utf8mb4_0900_ai_ci NULL,
  `score` double NULL DEFAULT NULL,
  `need_vip` varchar(20) CHARACTER SET utf8mb4 COLLATE utf8mb4_0900_ai_ci NULL DEFAULT NULL
) ENGINE = InnoDB CHARACTER SET = utf8mb4 COLLATE = utf8mb4_0900_ai_ci ROW_FORMAT = Dynamic;

-- ----------------------------
-- Records of film
-- ----------------------------
INSERT INTO `film` VALUES ('肖申克的救赎 The Shawshank Redemption', 955, 254, 144, 1994, 20001, '一场谋杀案使银行家安迪（蒂姆•罗宾斯 Tim Robbins 饰）蒙冤入狱，谋杀妻子及其情人的指控将囚禁他终生。在肖申克监狱的首次现身就让监狱“大哥”瑞德（摩根•弗里曼 Morgan Freeman 饰）对他另眼相看。瑞德帮助他搞到一把石锤和一幅女明星海报，两人渐成患难 之交。很快，安迪在监狱里大显其才，担当监狱图书管理员，并利用自己的金融知识帮助监狱官避税，引起了典狱长的注意，被招致麾下帮助典狱长洗黑钱。偶然一次，他得知一名新入狱的小偷能够作证帮他洗脱谋杀罪。燃起一丝希望的安迪找到了典狱长，希望他能帮自己翻案。阴险伪善的狱长假装答应安迪，背后却派人杀死小偷，让他唯一能合法出狱的希望泯灭。沮丧的安迪并没有绝望，在一个电闪雷鸣的风雨夜，一场暗藏几十年的越狱计划让他自我救赎，重获自由！老朋友瑞德在他的鼓舞和帮助下，也勇敢地奔向自由。本片获得1995年奥...', 9.7, 'no');
INSERT INTO `film` VALUES ('霸王别姬', 555, 572, 849, 1993, 20002, '段小楼（张丰毅）与程蝶衣（张国荣）是一对打小一起长大的师兄弟，两人一个演生，一个饰旦，一向配合天衣无缝，尤其一出《霸王别姬》，更是誉满京城，为此，两人约定合演一辈子《霸王别姬》。但两人对戏剧与人生关系的理解有本质不同，段小楼深知戏非人生，程蝶衣则是人戏不分。段小楼在认为该成家立业之时迎娶了名妓菊仙（巩俐），致使程蝶衣认定菊仙是可耻的第三者，使段小楼做了叛徒，自此，三人围绕一出《霸王别姬》生出的爱恨情仇战开始随着时代风云的变迁不断升级，终酿成悲剧。', 9.6, 'yes');
INSERT INTO `film` VALUES ('阿甘正传 Forrest Gump', 764, 484, 11, 1994, 20003, '阿甘（汤姆·汉克斯 饰）于二战结束后不久出生在美国南方阿拉巴马州一个闭塞的小镇，他先天弱智，智商只有75，然而他的妈妈是一个性格坚强的女性，她常常鼓励阿甘“傻人有傻福”，要他自强不息。阿甘像普通孩子一样上学，并且认识了一生的朋友和至爱珍妮（罗宾·莱特·潘 饰），在珍妮 和妈妈的爱护下，阿甘凭着上帝赐予的“飞毛腿”开始了一生不停的奔跑。阿甘成为橄榄球巨星、越战英雄、乒乓球外交使者、亿万富翁，但是，他始终忘不了珍妮，几次匆匆的相聚和离别，更是加深了阿甘的思念。有一天，阿甘收到珍妮的信，他们终于又要见面……', 9.5, 'no');
INSERT INTO `film` VALUES ('泰坦尼克号 Titanic', 885, 112, 821, 1997, 20004, '1912年4月10日，号称 “世界工业史上的奇迹”的豪华客轮泰坦尼克号开始了自己的处女航，从英国的南安普顿出发驶往美国纽约。富家少女罗丝（凯特•温丝莱特）与母亲及未婚夫卡尔坐上了头等舱；另一边，放荡不羁的少年画家杰克（莱昂纳多·迪卡普里奥）也在码头的一场赌博中赢得了下等舱的船票。罗丝厌倦了上流社会虚伪的生活，不愿嫁给卡尔，打算投海自尽，被杰克救起。很快，美丽活泼的罗丝与英俊开朗的杰克相爱，杰克带罗丝参加下等舱的舞会、为她画像，二人的感情逐渐升温。1912年4月14日，星期天晚上，一个风平浪静的夜晚。泰坦尼克号撞上了冰山，“永不沉没的”泰坦尼克号面临沉船的命运，罗丝和杰克刚萌芽的爱情也将经历生死的考验。', 9.5, 'no');
INSERT INTO `film` VALUES ('这个杀手不太冷 Léon', 913, 887, 908, 1994, 20005, '里昂（让·雷诺饰）是名孤独的职业杀手，受人雇佣。一天，邻居家小姑娘马蒂尔达（纳塔丽·波特曼饰)敲开他的房门，要求在他那里暂避杀身之祸。原来邻居家的主人是警方缉毒组的眼线，只因贪污了一小包毒品而遭恶警（加里·奥德曼饰）杀害全家的惩罚。马蒂尔达得到里昂的留救，幸免于难，并留在里昂那里。里昂教小女孩使枪，她教里昂法文，两人关系日趋亲密，相处融洽。女孩想着去报仇，反倒被抓，里昂及时赶到，将女孩救回。混杂着哀怨情仇的正邪之战渐次升级，更大的冲突在所难免……', 9.4, 'yes');
INSERT INTO `film` VALUES ('千与千寻 千と千尋の神隠し', 407, 938, 24, 2001, 20006, '千寻和爸爸妈妈一同驱车前往新家，在郊外的小路上不慎进入了神秘的隧道——他们去到了另外一个诡异世界—一个中世纪的小镇。远处飘来食物的香味，爸爸妈妈大快朵颐，孰料之后变成了猪！这时小镇上渐渐来了许多样子古怪、半透明的人。千寻仓皇逃出，一个叫小白的人救了他，喂了她阻止身体消 失的药，并且告诉她怎样去找锅炉爷爷以及汤婆婆，而且必须获得一份工作才能不被魔法变成别的东西。千寻在小白的帮助下幸运地获得了一份在浴池打杂的工作。渐渐她不再被那些怪模怪样的人吓倒，并从小玲那儿知道了小白是凶恶的汤婆婆的弟子。一次，千寻发现小白被一群白色飞舞的纸人打伤，为了救受伤的小白，她用河神送给她的药丸驱出了小白身体内的封印以及守封印的小妖精，但小白还是没有醒过来。为了救小白，千寻又踏上了她的冒险之旅。', 9.4, 'no');
INSERT INTO `film` VALUES ('美丽人生 La vita è bella', 880, 522, 856, 1997, 20007, '犹太青年圭多（罗伯托·贝尼尼）邂逅美丽的女教师多拉（尼可莱塔·布拉斯基），他彬彬有礼的向多拉鞠躬：“早安！公主！”。历经诸多令人啼笑皆非的周折后，天遂人愿，两人幸福美满的生活在一起。然而好景不长，法西斯政权下，圭多和儿子被强行送往犹太人集中营。多拉虽没有犹太血统，毅然同行，与丈夫儿子分开关押在一个集中营里。聪明乐天的圭多哄骗儿子这只是一场游戏，奖品就是一辆大坦克，儿子快乐、天真的生活在纳粹的阴霾之中。尽管集中营的生活艰苦寂寞，圭多仍然带给他人很多快乐，他还趁机在纳粹的广播里问候妻子：“早安！公主！”法西斯政权即将倾覆，纳粹的集中营很快就要接受最后的清理，圭多编给儿子的游戏该怎么结束？他们一家能否平安的度过这黑暗的年代呢？', 9.5, 'no');
INSERT INTO `film` VALUES ('星际穿越 Interstellar', 657, 953, 672, 2014, 20008, '近未来的地球黄沙遍野，小麦、秋葵等基础农作物相继因枯萎病灭绝，人类不再像从前那样仰望星空，放纵想象力和灵感的迸发，而是每日在沙尘暴的肆虐下倒数着所剩不多的光景。在家务农的前NASA宇航员库珀（马修·麦康纳 Matthew McConaughey 饰）接连在女儿墨菲（麦肯吉·弗依 Mackenzie Foy 饰）的书房发现奇怪的重力场现象，随即得知在某个未知区域内前NASA成员仍秘密进行一个拯救人类的计划。多年以前土星附近出现神秘虫洞，NASA借机将数名宇航员派遣到遥远的星系寻找适合居住的星球。在布兰德教授（迈克尔·凯恩 Michael Caine 饰）的劝说下，库珀忍痛告别了女儿，和其他三名专家教授女儿艾米莉亚·布兰德（安妮·海瑟薇 Anne Hathaway 饰）、罗米利（大卫·吉雅西 David Gyasi 饰）、多伊尔（韦斯·本特利 Wes B...', 9.4, 'no');
INSERT INTO `film` VALUES ('盗梦空间 Inception', 441, 771, 185, 2010, 20009, '道姆·柯布（莱昂纳多·迪卡普里奥 Leonardo DiCaprio 饰）与同事阿瑟（约瑟夫·戈登-莱维特 Joseph Gordon-Levitt 饰）和纳什（卢卡斯·哈斯 Lukas Haas 饰）在一次针对日本能源大亨齐藤（渡边谦 饰）的盗梦行动中失败，反被齐藤利用。齐藤威逼利诱因遭通缉而流亡海外的柯布帮他拆分他竞争对手的公司，采取极端措施在其唯一继承人罗伯特·费希尔（希里安·墨菲 Cillian Murphy 饰）的深层潜意识中种下放弃家族公司、自立门户的想法。为了重返美国，柯布偷偷求助于岳父迈尔斯（迈克尔·凯恩 Michael Caine 饰），吸收了年轻的梦境设计师艾里阿德妮（艾伦·佩吉 Ellen Page 饰）、梦境演员艾姆斯（汤姆·哈迪 Tom Hardy 饰）和药剂师约瑟夫（迪利普·劳 Dileep Rao 饰）加入行动。在一层层...', 9.4, 'yes');
INSERT INTO `film` VALUES ('辛德勒的名单 Schindler\'s List', 276, 44, 618, 1993, 20010, '1939年，波兰在纳粹德国的统治下，党卫军对犹太人进行了隔离统治。德国商人奥斯卡·辛德勒（连姆·尼森 Liam Neeson 饰）来到德军统治下的克拉科夫，开设了一间搪瓷厂，生产军需用品。凭着出众的社交能力和大量的金钱，辛德勒和德军建立了良好的关系，他的工厂雇用犹太人工作，大发战争财。1943年，克拉科夫的犹太人遭到了惨绝人寰的大屠杀，辛德勒目睹这一切，受到了极大的震撼，他贿赂军官，让自己的工厂成为集中营的附属劳役营，在那些疯狂屠杀的日子里，他的工厂也成为了犹太人的避难所。1944年，德国战败前夕，屠杀犹太人的行动越发疯狂，辛德勒向德军军官开出了1200人的名单，倾家荡产买下了这些犹太人的生命。在那些暗无天日的岁月里，拯救一个人，就是拯救全世界。', 9.5, 'yes');
INSERT INTO `film` VALUES ('楚门的世界 The Truman Show', 534, 532, 838, 1998, 20011, '楚门（金•凯瑞 Jim Carrey 饰）是一个平凡得不能再平凡的人，除了一些有些稀奇的经历之外——初恋女友突然失踪、溺水身亡的父亲忽然似乎又出现在眼前，他和绝大多数30多岁的美国男人绝无异样。这令他倍感失落。他也曾试过离开自己生活了多年的地方，但总因种种理由而不能成行。直到有一天，他忽然发觉自己似乎一直在被人跟踪，无论他走到哪里，干什么事情。这种感觉愈来愈强烈。楚门决定不惜一切代价逃离这个他生活了30多年的地方，去寻找他的初恋女友。但他却发现自己怎样也逃不出去。真相其实很残忍。', 9.4, 'yes');
INSERT INTO `film` VALUES ('忠犬八公的故事 Hachi: A Dog\'s Tale', 441, 915, 189, 2009, 20012, '八公（Forest 饰）是一条谜一样的犬，因为没有人知道它从哪里来。教授帕克（理查·基尔 Richard Gere 饰）在小镇的火车站拣到一只走失的小狗，冥冥中似乎注定小狗和帕克教授有着某种缘分，帕克一抱起这只小狗就再也放不下来，最终，帕克对小狗八公的疼爱感化了起初极力反对养狗的妻子卡特（琼·艾伦 Joan Allen 饰）。八公在帕克的呵护下慢慢长大，帕克上班时八公会一直把他送到车站，下班时八公也会早早便爬在车站等候，八公的忠诚让小镇的人家对它更加疼爱。有一天，八公在帕克要上班时表现异常，居然玩起了以往从来不会的捡球游戏，八公的表现让帕克非常满意，可是就是在那天，帕克因病去世。帕克的妻子、女儿安迪（萨拉·罗默尔 Sarah Roemer 饰）及女婿迈克尔（罗比·萨布莱特 Robbie Sublett 饰）怀着无比沉痛的心情埋葬了帕克，可是不明就里的...', 9.4, 'yes');
INSERT INTO `film` VALUES ('海上钢琴师 La leggenda del pianista sull\'oceano', 727, 69, 434, 1998, 20013, '本片讲述了一个钢琴天才传奇的一生。1900年，Virginian号豪华邮轮上，一个孤儿被遗弃在头等舱，由船上的水手抚养长大，取名1900（蒂姆•罗斯 饰）。1900慢慢长大，显示出了无师自通的非凡钢琴天赋，在船上的乐队表演钢琴，每个听过他演奏的人，都被深深打动。爵士乐鼻祖杰尼听说了1900的高超技艺，专门上船和他比赛，最后自叹弗如，黯然离去。可惜，这一切的事情都发生在海上，1900从来不愿踏上陆地，直到有一天，他爱上了一个女孩，情愫在琴键上流淌。他会不会为了爱情，踏上陆地开始新的生活，用他的琴声惊艳世界？他将怎样谱写自己非凡的人生。', 9.3, 'yes');
INSERT INTO `film` VALUES ('三傻大闹宝莱坞 3 Idiots', 918, 784, 625, 2009, 20014, '本片根据印度畅销书作家奇坦·巴哈特（Chetan Bhagat）的处女作小说《五点人》（Five Point Someone）改编而成。法兰（马德哈万 R Madhavan 饰）、拉杜（沙曼·乔希 Sharman Joshi 饰）与兰乔（阿米尔·汗 Aamir Khan 饰）是皇家工程学院的学生，三人共居一室，结为好友。在以严格著称的学院里，兰乔是个非常与众不同的学生，他不死记硬背，甚至还公然顶撞校长“病毒”（波曼·伊拉尼 Boman Irani 饰），质疑他的教学方法。他不仅鼓动法兰与拉杜去勇敢追寻理想，还劝说校长的二女儿碧雅（卡琳娜·卡普 Kareena Kapoor 饰）离开满眼铜臭的未婚夫。兰乔的特立独行引起了模范学生“消音器”（奥米·维嘉 Omi Vaidya 饰）的不满，他约定十年后再与兰乔一决高下，看哪种生活方式更能取得成功。本片获孟...', 9.2, 'no');
INSERT INTO `film` VALUES ('放牛班的春天 Les choristes', 656, 984, 895, 2004, 20015, '1949年的法国乡村，音乐家克莱门特（热拉尔·朱尼奥 饰）到了一间外号叫“塘低”的男子寄宿学校当助理教师。学校里的学生大部分都是难缠的问题儿童，体罚在这里司空见惯，学校的校长（弗朗索瓦·贝莱昂 饰）只顾自己的前途，残暴高压。性格沉静的克莱门特尝试用自己的方法改善这种状况，他重新创作音乐作品，组织合唱团，决定用音乐的方法来打开学生们封闭的心灵。然而，事情并不顺利，克莱门特发现学生皮埃尔·莫安琦（让-巴蒂斯特·莫尼耶 饰）拥有非同一般的音乐天赋，但是单亲家庭长大的他，性格异常敏感孤僻，怎样释放皮埃尔的音乐才能，让克莱门特头痛不已；同时，他与皮埃尔母亲的感情也渐渐微妙起来。', 9.3, 'no');
INSERT INTO `film` VALUES ('机器人总动员 WALL·E', 873, 103, 634, 2008, 20016, '公元2805年，人类文明高度发展，却因污染和生活垃圾大量增加使得地球不再适于人类居住。地球人被迫乘坐飞船离开故乡，进行一次漫长无边的宇宙之旅。临行前他们委托Buynlarge的公司对地球垃圾进行清理，该公司开发了名为WALL·E（Waste Allocation Load Lifters – Earth 地球废品分装员）的机器人担当此重任。这些机器人按照程序日复一日、年复一年辛勤工作，但随着时间的流逝和恶劣环境的侵蚀，WALL·E们接连损坏、停止运动。最后只有一个仍在进行这项似乎永无止境的工作。经历了漫长的岁月，它开始拥有了自己的意识。它喜欢将收集来的宝贝小心翼翼藏起，喜欢收工后看看几百年前的歌舞片，此外还有一只蟑螂朋友作伴。直到有一天，一艘来自宇宙的飞船打破了它一成不变的生活……本片荣获2009年第81届奥斯卡最佳动画长片奖。', 9.3, 'no');
INSERT INTO `film` VALUES ('疯狂动物城 Zootopia', 128, 830, 624, 2016, 20017, '故事发生在一个所有哺乳类动物和谐共存的美好世界中，兔子朱迪（金妮弗·古德温 Ginnifer Goodwin 配音）从小就梦想着能够成为一名惩恶扬善的刑警，凭借着智慧和努力，朱迪成功的从警校中毕业进入了疯狂动物城警察局，殊不知这里是大型肉食类动物的领地，作为第一只，也是唯一的小型食草类动物，朱迪会遇到怎样的故事呢？近日里，城中接连发生动物失踪案件，就在全部警员都致力于调查案件真相之时，朱迪却被局长（伊德瑞斯·艾尔巴 Idris Elba 配音）发配成为了一名无足轻重的交警。某日，正在执勤的兔子遇见了名为尼克（杰森·贝特曼 Jason Bateman 配音）的狐狸，两人不打不相识，之后又误打误撞的接受了寻找失踪的水獭先生的任务，如果不能在两天之内找到水獭先生，朱迪就必须自愿离开警局。朱迪找到了尼克，两人联手揭露了一个隐藏在疯狂动物城之中的惊天秘密。', 9.2, 'no');
INSERT INTO `film` VALUES ('无间道 無間道', 333, 397, 265, 2002, 20018, '1991年，香港黑帮三合会会员刘健明（刘德华）听从老大韩琛（曾志伟）的吩咐，加入警察部队成为黑帮卧底，韩琛许诺刘健明会帮其在七年后晋升为见习督察。1992年，警察训练学校优秀学员陈永仁（梁朝伟）被上级要求深入到三合会做卧底，终极目标是成为韩琛身边的红人。2002年，两人都不负重望，也都身背重压，刘健明渐想成为一个真正的好人，陈永仁则盼着尽快回归警察身份。重案组从陈永仁手中获悉一批毒品交易情报，锁紧目标人物韩琛，没料情报被刘健明泄出，双方行动均告失败。但此事将双方均有卧底的事实暴露，引发双方高层清除内鬼的决心。命运迥异又相似的刘健明和陈永仁开始在无间道的旅程中接受严峻考验。', 9.3, 'yes');
INSERT INTO `film` VALUES ('控方证人 Witness for the Prosecution', 233, 760, 728, 1957, 20019, '伦敦著名刑案辩护律师韦菲爵士（查尔斯•劳顿 Charles Laughton 饰）接受了心脏病治疗，但是身体依旧虚弱，第一天回家休养，护士一直严厉监督他服药，并杜绝烟酒。管家为了便于上楼，还专门为他修了电梯。但是，种种关心照顾，对于这位桀骜不驯、牙尖嘴利的大律师根本不起作用，反倒是一纸诉状令他倍感兴奋。律师梅休和当事人沃尔（泰隆•鲍华 Tyrone Power饰）登门拜访，请他出山打官司。原来，沃尔结识了富婆，两人相见甚欢，虽然仆人对他发明的打蛋器充满鄙夷，但是富婆却对他充满爱意，甚至为他修改了遗嘱，把8万英镑留给了他。然而，富婆却惨遭毒手。于是，沃尔成为警方的头号嫌疑犯。他的唯一证人是妻子克里斯汀（玛琳•黛德丽 Marlene Dietrich饰），然而后者登门时的冷漠与淡定，令韦菲爵士怀疑这其中另有隐情。在扑朔迷离的案件背后，隐藏着一个个环环相扣...', 9.6, 'yes');
INSERT INTO `film` VALUES ('大话西游之大圣娶亲 西遊記大結局之仙履奇緣', 649, 129, 303, 1995, 20020, '至尊宝（周星驰 饰）被月光宝盒带回到五百年前，遇见紫霞仙子（朱茵 饰），被对方打上烙印成为对方的人，并发觉自己已变成孙悟空。紫霞与青霞（朱茵 饰）本是如来佛祖座前日月神灯的灯芯（白天是紫霞，晚上是青霞），二人虽然同一肉身却仇恨颇深，因此紫霞立下誓言，谁能拔出她手中的紫青宝剑，谁就是她的意中人。紫青宝剑被至尊宝于不经意间拔出，紫霞决定以身相许，却遭一心记挂白晶晶（莫文蔚 饰）的至尊宝拒绝。后牛魔王救下迷失在沙漠中的紫霞，并逼紫霞与他成婚，关键时刻，至尊宝现身。', 9.2, 'no');
INSERT INTO `film` VALUES ('熔炉 도가니', 779, 368, 695, 2011, 20021, '来自首尔的哑语美术老师仁浩（孔宥 饰）来到雾津，应聘慈爱聋哑人学校。天降大雾，他意外撞车，维修时邂逅了人权组织成员柔珍（郑有美 饰）。仁浩妻子早亡，8岁女儿天生哮喘由祖母照看，所以他不辞辛苦谋职养家。然而，双胞胎的校长与教导主任竟逼仁浩索贿5千万韩元。同时，仁浩逐渐发现学校笼罩着一种紧张压抑的气氛，令人窒息。有三个孩子引人关注：聪颖的金妍斗（金贤秀 饰）、贪吃的陈宥利（郑仁絮 饰）和弟弟自杀身亡的全民秀（白承焕 饰），民秀总是满脸淤青。下课后，仁浩还听到女厕所中有呼喊与哭泣，在门卫的阻拦下他未深究。之后。他意外目睹了校长行贿警察，教导员毒打民秀，宿导溺罚妍斗的行径。一个惊天的隐秘被慢慢揭开，真相令韩国震惊……本片取材于2005年光州一所聋哑障碍人学校的真实事件，改编自韩国作家孔枝泳的同名小说。', 9.4, 'yes');
INSERT INTO `film` VALUES ('教父 The Godfather', 136, 979, 14, 1972, 20022, '40年代的美国，“教父”维托·柯里昂（马龙·白兰度 饰）是黑手党柯里昂家族的首领，带领家族从事非法的勾当，但同时他也是许多弱小平民的保护神，深得人们爱戴。因为拒绝了毒枭索洛索的毒品交易要求，柯里昂家族和纽约其他几个黑手党家族的矛盾激化。圣诞前夕，索洛索劫持了“教父”的参谋汤姆，并派人暗杀“教父”；因为内奸的出卖，“教父”的大儿子逊尼被仇家杀害；小儿子麦克（阿尔·帕西诺 饰）也被卷了进来，失去爱妻。黑手党家族之间的矛盾越来越白热化。年老的“教父”面对丧子之痛怎样统领全局？黑手党之间的仇杀如何落幕？谁是家族的内奸？谁又能够成为新一代的“教父”？血雨腥风和温情脉脉，在这部里程碑式的黑帮史诗巨片里真实上演。', 9.3, 'no');
INSERT INTO `film` VALUES ('触不可及 Intouchables', 330, 588, 278, 2011, 20023, '因为一次跳伞事故，白人富翁菲利普Philippe（弗朗索瓦·克鲁塞 François Cluzet 饰）瘫痪在床，欲招聘一名全职陪护。由于薪酬高，应聘者云集，个个舌灿莲花，却无法打动他的心。直到黑人德希斯Driss（奥玛·赛 Omar Sy 饰）的出现才让他作出决定。德希斯刚从监狱出来，背负家庭重担，一心只想寻张辞退信以申领救济金，而且他明显对女助理的兴趣要远大于这份工作。但是菲利普还是一眼相中了这个小伙子。于是，德希斯开始了一个月的试用期。虽然舒适的豪宅环境让他倍感虚荣，但是他仍面临很多挑战：不仅要为菲利普作身体复健，还得给他洗浴、灌肠、拆信、穿丝袜等。起初，两人的思维方式与价值观大相径庭，但是，随着了解的不断深入，他们成为了朋友……本片取材于真实事件，获2011年东京电影节最佳影片金麒麟奖，弗朗索瓦·克鲁塞与奥玛·赛分享影帝桂冠。', 9.3, 'no');
INSERT INTO `film` VALUES ('当幸福来敲门 The Pursuit of Happyness', 726, 228, 68, 2006, 20024, '克里斯•加纳（威尔·史密斯 Will Smith 饰）用尽全部积蓄买下了高科技治疗仪，到处向医院推销，可是价格高昂，接受的人不多。就算他多努力都无法提供一个良好的生活环境给妻儿，妻子（桑迪·牛顿 Thandie Newton 饰）最终选择离开家。从此他带着儿子克里斯托夫（贾登·史密斯 Jaden Smith 饰）相依为命。克里斯好不容易争取回来一个股票投资公司实习的机会，就算没有报酬，成功机会只有百分之五，他仍努力奋斗，儿子是他的力量。他看尽白眼，与儿子躲在地铁站里的公共厕所里，住在教堂的收容所里…… 他坚信，幸福明天就会来临。', 9.2, 'yes');
INSERT INTO `film` VALUES ('寻梦环游记 Coco', 833, 831, 821, 2017, 20025, '热爱音乐的米格尔（安东尼·冈萨雷兹 Anthony Gonzalez 配音）不幸地出生在一个视音乐为洪水猛兽的大家庭之中，一家人只盼着米格尔快快长大，好继承家里传承了数代的制鞋产业。一年一度的亡灵节即将来临，每逢这一天，去世的亲人们的魂魄便可凭借着摆在祭坛上的照片返回现世和生者团圆。在一场意外中，米格尔竟然穿越到了亡灵国度之中，在太阳升起之前，他必须得到一位亲人的祝福，否则就将会永远地留在这个世界里。米格尔决定去寻找已故的歌神德拉库斯（本杰明·布拉特 Benjamin Bratt 配音），因为他很有可能就是自己的祖父。途中，米格尔邂逅了落魄乐手埃克托（盖尔·加西亚·贝纳尔 Gael García Bernal 配音），也渐渐发现了德拉库斯隐藏已久的秘密。', 9.1, 'yes');
INSERT INTO `film` VALUES ('末代皇帝 The Last Emperor', 367, 625, 545, 1987, 20026, '溥仪（尊龙 饰）的一生在电影中娓娓道来。他从三岁起登基，年幼的眼光中只有大臣身上的一只蝈蝈，江山在他心中只是一个不明所以的名词。长大了，他以为可以变革，却被太监一把火烧了朝廷账本。他以为自己是大清江山的主人，却做了日本人的傀儡。解放后，他坐上了从苏联回来的火车，身边是押送监视他的解放军。他猜测自己难逃一死，便躲在狭小的卫生间里，割脉自杀。然而他没有死在火车上，命运的嘲笑还在等着他。文革的风风雨雨，在他身上留下了斑斑伤痕。', 9.3, 'no');
INSERT INTO `film` VALUES ('龙猫 となりのトトロ', 932, 878, 357, 1988, 20027, '小月的母亲生病住院了，父亲带着她与四岁的妹妹小梅到乡间的居住。她们对那里的环境都感到十分新奇，也发现了很多有趣的事情。她们遇到了很多小精灵，她们来到属于她们的环境中，看到了她们世界中很多的奇怪事物，更与一只大大胖胖的龙猫成为了朋友。龙猫与小精灵们利用他们的神奇力量，为小月与妹妹带来了很多神奇的景观，令她们大开眼界。妹妹小梅常常挂念生病中的母亲，嚷着要姐姐带着她去看母亲，但小月拒绝了。小梅竟然自己前往，不料途中迷路了，小月只好寻找她的龙猫及小精灵朋友们帮助。', 9.2, 'yes');
INSERT INTO `film` VALUES ('怦然心动 Flipped', 785, 864, 521, 2010, 20028, '布莱斯（卡兰•麦克奥利菲 Callan McAuliffe 饰）全家搬到小镇，邻家女孩朱丽（玛德琳•卡罗尔 Madeline Carroll 饰）前来帮忙。她对他一见钟情，心愿是获得他的吻。两人是同班同学，她一直想方设法接近他，但是他避之不及。她喜欢爬在高高的梧桐树上看风景。但因为施工，树被要被砍掉，她誓死捍卫，希望他并肩作战，但是他退缩了。她的事迹上了报纸，外公对她颇有好感，令他十分困惑。她凭借鸡下蛋的项目获得了科技展第一名，成了全场焦点，令他黯然失色。她把自家鸡蛋送给他，他听家人怀疑她家鸡蛋不卫生，便偷偷把鸡蛋丢掉。她得知真相，很伤心，两人关系跌入冰点。她跟家人诉说，引发争吵。原来父亲一直攒钱照顾傻弟弟，所以生活拮据。她理解了父母，自己动手，还得到了他外公的鼎力相助。他向她道歉，但是并未解决问题。他开始关注她。鸡蛋风波未平，家庭晚宴与午餐男孩评选...', 9.1, 'no');
INSERT INTO `film` VALUES ('活着', 109, 986, 104, 1994, 20029, '根据余华同名小说改编。富少福贵（葛优）嗜赌成性，妻子家珍（巩俐）屡劝无果后带着女儿凤霞离开了他，当夜，福贵输光所有家产气死父亲，被迫靠变卖母亲首饰租间破屋过活。一年后，家珍手拉凤霞怀抱刚出世的儿子有庆回到家中，福贵痛改前非，开始靠演皮影戏过起安份守己的日子。但好景不常，内战时期，福贵被国民党抓去当劳工，一番辗转终回到家乡与一家人团圆后，凤霞因病变成哑巴，而在后来的大跃进运动和文化大革命中，他虽获某些小福，逆境却也一直与他如影相随。', 9.3, 'no');
INSERT INTO `film` VALUES ('哈利·波特与魔法石 Harry Potter and the Sorcerer\'s Stone', 483, 894, 579, 2001, 20030, '哈利波特是一个孤儿，从小寄养在姨妈家，受尽欺凌。但就在哈利11岁生日的时候，他意外收到了霍格沃茨学院的入学通知书。哈利从该学院派来接他的巨人海格口中得知，这是一间魔法学院，并得知了自己的身世，原来哈利的父母都是伟大的魔法师，在对付伏地魔的战斗中双双献身，唯有哈利幸免于难。哈利进入霍格沃茨后，表现出了超乎想象的飞行天赋，得到麦格教授的推荐进入了格兰芬多的魁地奇球队。另一方面，哈利发现霍格沃茨学院内有一股黑暗势力似乎在暗暗滋长，揭开谜团的关键就在有凶恶的三头犬守护的房间内。哈利、罗恩和赫敏三个好朋友决定探个究竟。', 9.2, 'yes');
INSERT INTO `film` VALUES ('蝙蝠侠：黑暗骑士 The Dark Knight', 182, 519, 205, 2008, 20031, '从亲眼目睹父母被人杀死的阴影中走出来的“蝙蝠侠”，经历了成长之后，已经不再是那个桀骜不的孤单英雄了。在警官吉姆·戈登和检查官哈维·登特的通力帮助下，“蝙蝠侠”无后顾之忧地继续满世界的奔波，与日益增长起来的犯罪威胁做着永无休止的争斗，而他所在的高谭市，也是进展最为明显的地方，犯罪率以一种惊人的速度持续下降着，毕竟对方是能够上天入地的“蝙蝠侠”，不借两个胆子谁还敢造次呢？不过像高谭这种科技与污秽并存的城市，平静是不可能维持太久的，果不其然，新一轮的混乱很快就席卷了整个城市，人们再一被被恐慌所笼罩着，而声称愿意为这一切负责的，自然就是所有混乱的源头以及支配者--“小丑”了。先不管“小丑”掀起一个又一个犯罪的狂潮的最终目的为何，他的企图都是邪恶的，所作所为更是早就危害到了高谭市民的正常生活……其中自然包括了“蝙蝠侠”身边几个非常重要的人，而他需要做的，就是...', 9.2, 'no');
INSERT INTO `film` VALUES ('指环王3：王者无敌 The Lord of the Rings: The Return of the King', 128, 563, 817, 2003, 20032, '魔幻战争逐渐进入高潮阶段。霍比特人佛罗多（伊利亚·伍德 Elijah Wood 饰）携带着魔戒，与伙伴山姆（西恩·奥斯汀 Sean Astin 饰）以及狡猾阴暗的咕噜等前往末日山，一路上艰难险阻不断，魔君索伦为阻止魔戒被销毁用尽全力阻挠。另一方面，白袍巫师甘道夫（伊恩·麦克莱恩 Ian McKellen 饰）率中土勇士们镇守刚铎首都——白城米那斯提里斯。魔兽大军压境，黑暗与光明的决战即将来临……本片是“指环王三部曲”的终结篇，根据英国作家J.R.R.托尔金（J.R.R. Tolkien）同名魔幻巨著《指环王》（The Lord of the Rings）改编，并荣获2004年第76届奥斯卡最佳影片、最佳导演、最佳改编剧本、最佳剪辑、最佳艺术指导、最佳服装设计、最佳化妆、最佳视觉效果、最佳音效、最佳配乐和最佳歌曲等11项大奖。', 9.3, 'no');
INSERT INTO `film` VALUES ('我不是药神', 301, 169, 527, 2018, 20033, '普通中年男子程勇（徐峥 饰）经营着一家保健品店，失意又失婚。不速之客吕受益（王传君 饰）的到来，让他开辟了一条去印度买药做“代购”的新事业，虽然困难重重，但他在这条“买药之路”上发现了商机，一发不可收拾地做起了治疗慢粒白血病的印度仿制药独家代理商。赚钱的同时，他也认识了几个病患及家属，为救女儿被迫做舞女的思慧（谭卓 饰）、说一口流利“神父腔”英语的刘牧师（杨新鸣 饰），以及脾气暴烈的“黄毛”（章宇 饰），几个人合伙做起了生意，利润倍增的同时也危机四伏。程勇昔日的小舅子曹警官（周一围 饰）奉命调查仿制药的源头，假药贩子张长林（王砚辉 饰）和瑞士正牌医药代表（李乃文 饰）也对其虎视眈眈，生意逐渐变成了一场关于救赎的拉锯战。本片改编自慢粒白血病患者陆勇代购抗癌药的真实事迹。', 9, 'no');
INSERT INTO `film` VALUES ('乱世佳人 Gone with the Wind', 618, 481, 288, 1939, 20034, '美国南北战争前夕，南方农场塔拉庄园的千金斯嘉丽（费雯·丽 Vivien Leigh 饰）爱上了另一个农场主的儿子艾希礼（莱斯利·霍华德 Leslie Howard 饰），遭到了拒绝，为了报复，她嫁给了自己不爱的男人，艾希礼妻子梅兰妮（奥利维娅·德哈维兰 Olivia de Havilland 饰）的弟弟查尔斯。战争期间，斯嘉丽成为寡妇，失去母亲，挑起生活的重担， 不再是当初的千金小姐；战争结束后，她又两度为人妻，嫁给了爱她多年的投机商人瑞德（克拉克·盖博 Clark Gable 饰）。然而，纵使经历了生活的艰苦，斯嘉丽对艾希礼的感情仍然没有改变。艾希礼妻子梅兰妮的去世，给了斯嘉丽一个机会，一边是深爱自己的丈夫瑞德，一边是心心念念多年的艾希礼？斯嘉丽会给自己怎样一个不一样的明天？', 9.3, 'yes');
INSERT INTO `film` VALUES ('飞屋环游记 Up', 125, 300, 957, 2009, 20035, '小男孩卡尔（Carl Fredricksen）怀揣着对于冒险的热爱偶遇假小子艾丽（Ellie），而艾丽把整个屋子当成一艘大飞船游戏居然使他对这个女孩子有些着迷，相同的爱好最终使两个人成为了一生的爱侣。他们有一个梦想，那就是有朝一日要去南美洲的“仙境瀑布”探险，但直到艾丽去世，这个梦想也未能实现。终于有一天，曾经专卖气球的老人卡尔居然用五颜六色的气球拽着他的房子飞上了天空，他决定要去实现他们未曾实现的梦想。令卡尔始料不及的是，门廊居然搭上了一个自称是“荒野开拓者”的小男孩小罗（Russell），小罗的喋喋不休让卡尔对这个小胖墩格外讨厌。一老一少在飞行中经过了千难万险终于看到了传说中的“仙境瀑布”，在相处过程中卡尔发现小罗其实是个惹人怜爱的孩子。在步行穿越一座森林时，他们遇到了不会飞的大鸟凯文（Kevin）和一只会说话的狗狗逗逗（Dug），让老人惊讶...', 9.1, 'no');
INSERT INTO `film` VALUES ('素媛 소원', 923, 900, 150, 2013, 20036, '她（李来 饰）是一个美丽平凡的小女孩，和爸爸妈妈生活在位于街角的家中。家里经营着以她的名字素媛命名的杂货店，母亲（严智媛 饰）作为老板娘日夜忙碌不得闲暇，父亲则在工厂干着繁重的工作。在那个飘雨的早上，素媛打着雨伞独自上学。在离学校近在咫尺的地方，她遭遇一个相貌猥琐、酒气冲天的大叔，由此开启了她的悲剧之旅。柔嫩的小花遭到暴风雨无情摧残，受伤的岂止枝枝叶叶，更是那迎着阳光无忧成长的心。无良媒体铺天盖地大肆渲染，作为受害者的素媛一家仿佛成了周身污秽的耻辱之人，被四周诧异好奇的目光所包围。妈妈悲痛欲绝，几近崩溃。爸爸全力保护女儿，但受伤的小天使却拒绝爸爸的靠近。问凶之路伴随着天使的治愈旅程，美丽的女孩可会再露灿烂笑容？', 9.3, 'no');
INSERT INTO `film` VALUES ('十二怒汉 12 Angry Men', 885, 611, 810, 1957, 20037, '一个在贫民窟长大的18岁少年因为涉嫌杀害自己的父亲被告上法庭，证人言之凿凿，各方面的证据都对他极为不利。十二个不同职业的人组成了这个案件的陪审团，他们要在休息室达成一致的意见，裁定少年是否有罪，如果罪名成立，少年将会被判处死刑。十二个陪审团成员各有不同，除了8号陪审员（H enry Fonda 饰）之外，其他人对这个犯罪事实如此清晰的案子不屑一顾，还没有开始讨论就认定了少年有罪。8号陪审员提出了自己的“合理疑点”，耐心地说服其他的陪审员，在这个过程中，他们每个人不同的人生观也在冲突和较量……', 9.4, 'yes');
INSERT INTO `film` VALUES ('哈尔的移动城堡 ハウルの動く城', 871, 733, 0, 2004, 20038, '继母因无力负担生活，将苏菲和她的两个妹妹都送到了制帽店去当学徒。两个妹妹很快先后就离开了制帽店去追寻各自的梦想，只有苏菲坚持了下来。一天，小镇旁边来了一座移动堡垒，传说堡垒的主人哈尔专吸取年青姑娘的灵魂，所以小镇的姑娘都不敢靠近。一个恶毒的巫婆为了报复苏菲与哈尔见面，用巫术把她变成了一个80岁的老太婆，而且苏菲还不能对别人说出自己身中的巫术。无奈，苏菲决定独自一人逃离小镇。天黑了，虚弱的苏菲没走多远，来到了移动城堡。心想自己已经是老太婆了，苏菲壮着胆子走进了城堡。不想，遇到了和她遭遇相同的火焰魔。两人约定彼此帮助对方打破各自的咒语……', 9.1, 'no');
INSERT INTO `film` VALUES ('何以为家 كفرناحوم', 894, 54, 925, 2018, 20039, '法庭上，十二岁的男孩赞恩向法官状告他的亲生父母，原因是，他们给了他生命。是什么样的经历让一个孩子做出如此不可思议的举动？故事中，赞恩的父母在无力抚养和教育的状况下依然不停生育，作为家中的长子赞恩，弱小的肩膀承担了无数生活的重压。当妹妹被强行卖给商贩为妻时，赞恩愤怒离家，之后遇到一对没有合法身份的母子，相互扶持勉强生活。然而生活并没有眷顾赞恩，重重磨难迫使他做出了令人震惊的举动……', 9.1, 'yes');
INSERT INTO `film` VALUES ('让子弹飞', 482, 223, 993, 2010, 20040, '民国年间，花钱捐得县长的马邦德（葛优 饰）携妻（刘嘉玲 饰）及随从走马上任。途经南国某地，遭劫匪张麻子（姜文 饰）一伙伏击，随从尽死，只夫妻二人侥幸活命。马为保命，谎称自己是县长的汤 师爷。为汤师爷许下的财富所动，张麻子摇身一变化身县长，带着手下赶赴鹅城上任。有道是天高皇帝远，鹅城地处偏僻，一方霸主黄四郎（周润发 饰）只手遮天，全然不将这个新来的县长放在眼里。张麻子痛打了黄的武教头（姜武 饰），黄则设计害死张的义子小六（张默 饰）。原本只想赚钱的马邦德，怎么也想不到竟会被卷入这场土匪和恶霸的角力之中。鹅城上空愁云密布，血雨腥风在所难免……本片根据马识途的小说《夜谭十记》中的《盗官记》一章改编。', 9, 'no');
INSERT INTO `film` VALUES ('摔跤吧！爸爸 Dangal', 503, 139, 318, 2016, 20041, '马哈维亚（阿米尔·汗 Aamir Khan 饰）曾经是一名前途无量的摔跤运动员，在放弃了职业生涯后，他最大的遗憾就是没有能够替国家赢得金牌。马哈维亚将这份希望寄托在了尚未出生的儿子身上，哪知道妻子接连给他生了两个女儿，取名吉塔（法缇玛·萨那·纱卡 Fatima Sana Shaikh 饰）和巴比塔（桑亚·玛荷塔 Sanya Malhotra 饰）。让马哈维亚没有想到的是，两个姑娘展现出了杰出的摔跤天赋，让他幡然醒悟，就算是女孩，也能够昂首挺胸的站在比赛场上，为了国家和她们自己赢得荣誉。就这样，在马哈维亚的指导下，吉塔和巴比塔开始了艰苦的训练，两人进步神速，很快就因为在比赛中连连获胜而成为了当地的名人。为了获得更多的机会，吉塔进入了国家体育学院学习，在那里，她将面对更大的诱惑和更多的选择。', 9, 'yes');
INSERT INTO `film` VALUES ('猫鼠游戏 Catch Me If You Can', 571, 536, 849, 2002, 20042, '弗兰克（莱昂纳多·迪卡普里奥 Leonardo DiCaprio饰）是FBI有史以来年龄最小的通缉犯。他的犯罪手段神通广大，伪装身份的能力超乎常人，全美各地几乎都留下他的犯罪足迹。乔装医生、律师、飞行员，统统都是他曾经的身份。当然，弗兰克凭着这个“本领”，骗取了高达几百万的金额。活得逍遥快乐的弗兰克这次又成功伪造了一份学历证明，去医院做起了大夫。弗兰克不但在这里认识了护士布雷达（艾米·亚当斯 Amy Adams饰），二人擦出爱火花，还通过布雷达的父亲得到了一份检察官助理的优差。然而，这只是暴风雨前夕——一双眼睛已经盯住了弗兰克，誓要把他绳之于法不可。这就是FBI探员卡尔（汤姆·汉克斯 Tom Hanks饰）。在研究追捕弗兰克的过程中，卡尔领教到这个犯罪天才的过人智商。他屡次被弗兰克这个黄毛小子捉弄，心里又恨又不得不佩服。每当弗兰克有惊无险地从他的...', 9.1, 'no');
INSERT INTO `film` VALUES ('天空之城 天空の城ラピュタ', 439, 824, 133, 1986, 20043, '古老帝国拉普达是一座漂浮在空中的巨大的机器岛，传说那里已经无人居住，蕴藏着巨大的财富。因此，无论军方还是海盗，都在找寻着这座传说中的飞行岛。矿工巴鲁这天偶遇拉普达继承人希达，两人一见如故。因为希达身上有找寻拉普达帝国的重要物件飞行石，军方和海盗两帮人马都在追杀希达。巴鲁带着希达一起逃亡，最终都没有逃出军方的手中，希达被军队掳走了。为救朋友，只能选择与海盗合作。巴鲁与海盗成功救出了希达，同时，他们也发现了军方的邪恶计划。为了阻止军方邪恶计划的实施，他们和海盗一起踏上了寻找拉普达之旅。', 9.2, 'yes');
INSERT INTO `film` VALUES ('鬼子来了', 164, 788, 865, 2000, 20044, '第二次世界大战期间，中国河北挂甲台村的农民马大三（姜文饰）在日本人的统治下过着平静的生活。一个晚上，游击队绑架了日军陆军士兵花屋小三郎（香川照之饰）和翻译董汉臣，把他们捆绑塞入麻袋放在马大三家里，并吩咐马好好看管，几天后的大年三十来带人。马大三和村民战战兢兢地看守两人，花屋小三郎和董汉臣数次发出求救信号，皆被村民化解。半年过去了，村民们担心事情暴露，却又不敢把花屋等放了。马大三最终被董汉臣说动，把花屋和董送到了日军宪兵队驻地，以换取粮食。日军宪兵军官酒冢猪吉是花屋的同乡。他表面上对马等人客气，但背后指责花屋让皇军蒙耻并殴打了他。宪兵队整队去马的村子里和村民联欢送粮，酒到酣时却乍露杀机。', 9.3, 'yes');
INSERT INTO `film` VALUES ('海蒂和爷爷 Heidi', 384, 527, 995, 2015, 20045, '孤儿海蒂（阿努克·斯特芬 饰）被姨母迪蒂（安娜·希恩斯 饰）送上了阿尔卑斯山，与远离小镇独居于高山的祖父（布鲁诺·甘茨 饰）一同生活。活泼的海蒂在这里如鱼得水，不仅收获了羊倌彼得（奎林·阿格里皮 饰）的友情和孤僻祖父的亲情，还与山下彼得的家人打成一片。一天，海蒂同彼得在山上放羊，姨母突然出现，连哄带骗将海蒂卖到法兰克福的泽塞曼家。从此，目不识A的海蒂成为了小姐克拉拉（伊莎贝尔·奥特曼 饰）的伴读。克拉拉幼年丧母，大病一场再不能站立，只能被困在豪宅中与轮椅相伴。父亲（马克西姆·梅米特 饰）常年在外很少回家，寂寞的克拉拉把海蒂当成了救命稻草。海蒂能适应泽塞曼家的新生活吗？远在天边的祖父和彼得还能再见吗？克拉拉的腿还有好起来的希望吗？', 9.3, 'yes');
INSERT INTO `film` VALUES ('少年派的奇幻漂流 Life of Pi', 528, 360, 629, 2012, 20046, '故事开始于蒙特娄，也结束于蒙特娄。一名在找寻灵感的作家（拉菲·斯波 Rafe Spall 饰）无意间得知派·帕帖尔（伊尔凡·可汗 Irrfan Khan 饰）的传奇故事。派的父亲（阿迪勒·侯赛因 Adil Hussain 饰）开了一家动物园。因这样特殊的生活环境，少年派（苏拉·沙玛 Suraj Sharma 饰 ）对信仰与人的本性自有一套看法。在派17岁那一年，他的父母决定举家移民加拿大以追求更好的生活，而他也必须离开他的初恋情人。在前往加拿大的船上，他们遇见一位残忍成性的法国厨师（杰拉尔·德帕迪约 Gérard Depardieu 饰）。当天深夜在茫茫大海中，原本令派感到刺激无比的暴风雨一瞬间就成了吞噬货船的大灾难。派却奇迹般地活了下来，搭着救生船在太平洋上漂流，而且有一名最令人意想不到的同伴——理查德·帕克，一只孟加拉老虎。神奇的冒险旅程就这样意...', 9.1, 'yes');
INSERT INTO `film` VALUES ('钢琴家 The Pianist', 431, 515, 403, 2002, 20047, '史标曼（艾德里安•布洛迪 Adrien Brody 饰）是波兰一家电台的钢琴师。二战即将爆发之时，他们全家被迫被赶进华沙的犹太区。在战争的颠沛流离中，家人和亲戚最终被纳粹杀害，而史标曼本人也受尽种种羞辱和折磨，他侥幸得到一位朋友的帮助，暂时有了藏身之处。战争愈加猛烈，朋友不得不抛下他回老家寻得安全的住所养育儿女。此时史标曼恶病缠身，却还要在搜捕中逃亡。在废墟的阁楼上他遇见了一名德国军官，在军官的要求下他弹奏了钢琴曲。美妙的琴声令德国军官萌发了恻隐之心，他暗暗帮助史标曼直到苏军对波兰的解放到来…… 影片根据波兰钢琴家瓦拉迪斯罗•斯皮曼(Wladyslaw Szpilman)的自传体小说《死亡城市》改编。', 9.3, 'yes');
INSERT INTO `film` VALUES ('大话西游之月光宝盒 西遊記第壹佰零壹回之月光寶盒', 417, 140, 651, 1995, 20048, '孙悟空（周星驰）护送唐三藏（罗家英）去西天取经路上，与牛魔王合谋欲杀害唐三藏，并偷走了月光宝盒，此举使观音萌生将其铲除心思，经唐三藏请求，孙悟空被判五百年后重新投胎做人赎其罪孽。五百年后孙悟空化身强盗头头至尊宝。当遇见预谋吃唐僧肉的妖怪姐妹蜘蛛精春三十娘（蓝洁瑛）和白骨精白晶晶（莫文蔚）时，因为五百年前孙悟空曾与白晶晶有过一段恋情，至尊宝与她一见钟情，但因菩提老祖将二人妖怪身份相告，至尊宝仍带领众强盗开始与二妖展开周旋，过程中，白晶晶为救至尊宝打伤春三十娘，自己也中毒受伤，为了救白晶晶，至尊宝去找春三十娘，遭白晶晶误会，绝望自杀，至尊宝开始用月光宝盒以期使时光倒流。', 9, 'no');
INSERT INTO `film` VALUES ('指环王2：双塔奇兵 The Lord of the Rings: The Two Towers', 215, 271, 154, 2002, 20049, '第二部在延续第一部风格的同时，故事呈现出多线发展的格局，情节有了更高的观赏性。第一部结尾，博罗米尔被强兽人杀死之后，两个霍比特人皮平和梅利也被强兽人绑架，阿拉贡、精灵莱戈拉斯（奥兰多·布鲁姆 饰）、侏儒金利一路追踪强兽人，营救皮平和梅利，遇到了“复活”的白袍巫师甘道夫 （伊恩·麦克莱恩 饰）。此时，投降索伦的白袍巫师萨鲁曼控制了人类洛汉王国的国王，并派出大量的强兽人军队，准备消灭人类。阿拉贡、莱戈拉斯和金利在甘道夫的带领下，帮助洛汉王国对抗邪恶力量的入侵。幸运的皮平和梅利被会说话的树精救了出来，并且遇到“复活”的甘道夫，在甘道夫的授意下，树精保护了两人的安全，并且带他们参加树精大会，大会上，树精们讨论对待中土大战的态度：是继续当中立者，逆来顺受，还是奋起反抗？身负重任的佛罗多（伊利亚·伍德 饰）和山姆继续向末日山脉前进，一路上被咕噜跟踪，弗罗多...', 9.2, 'no');
INSERT INTO `film` VALUES ('闻香识女人 Scent of a Woman', 53, 886, 588, 1992, 20050, '查理（克里斯•奥唐纳 Chris O\'Donnell  饰）是一个普通的中学生，他因为见证着一件恶作剧但又不想出卖朋友，于是面临着一道艰难的选择题——要么坦白，要么被学校勒退。而史法兰（阿尔•帕西诺 Al Pacino  饰）是一个退伍军官，因为意外失明，人生从顶点的辉煌滑落谷底。自从两人的人生有了交集，命运的转折慢慢清晰。史法兰打算结束失去了意义的生活，于是在查理的陪伴下，尽情享受着人生最后一趟出行。他吃最美味的佳肴，买光鲜的汽车，在狭窄的街道上飚车，住在豪华的套房里，跟随陌生女子的袅袅香水味，跳一段优雅性感的探戈……极乐的疯狂后，他拿枪对准了自己的头颅。然而，查理声嘶力竭的劝阻改变了一切，曙光亦渐渐在这个老人心中重新升起，二人情深如父子。史法兰在学校礼堂激昂演说，挽救了查理的前途，讽刺了学校的伪善。二人在互相鼓舞中得到重生。', 9.1, 'no');
INSERT INTO `film` VALUES ('死亡诗社 Dead Poets Society', 475, 653, 810, 1989, 20051, '威尔顿预备学院以其沉稳凝重的教学风格和较高的升学率闻名，作为其毕业班的学生，理想就是升入名校。新学期文学老师约翰·基汀（罗宾·威廉姆斯 饰）的到来如同一阵春风，一反传统名校的严肃刻板。基汀带学生们在校史楼内聆听死亡的声音，反思生的意义 ；让男生们在绿茵场上宣读自己的理想；鼓励学生站在课桌上，用新的视角俯瞰世界。老师自由发散式的哲学思维让学生内心产生强烈的共鸣，他们渐渐学会自己思考与求索，勇敢的追问人生的路途，甚至违反门禁，成立死亡诗社，在山洞里击节而歌！基汀教授、基汀老师、基汀队长，他的教育宛若春风化雨，润物无声的留在每个人心里…', 9.2, 'yes');
INSERT INTO `film` VALUES ('绿皮书 Green Book', 647, 291, 845, 2018, 20052, '托尼（维果·莫腾森 Viggo Mortensen 饰）是一个吊儿郎当游手好闲的混混，在一家夜总会做侍者。这间夜总会因故要停业几个月，可托尼所要支付的房租和生活费不会因此取消，所以他的当务之急是去寻找另一份工作来填补这几个月的空缺。在这个节骨眼上，一位名叫唐雪莉（马赫沙拉·阿里 Mahershala Ali 饰）的黑人钢琴家提出雇佣托尼。唐雪莉即将开始为期八个星期的南下巡回演出，可是，那个时候南方对黑人的歧视非常的严重，于是托尼便成为了唐雪莉的司机兼保镖。一路上，两人迥异的性格使得他们之间产生了很多的矛盾，与此同时，唐雪莉在南方所遭受的种种不公平的对待也让托尼对种族歧视感到深恶痛绝。', 8.9, 'no');
INSERT INTO `film` VALUES ('罗马假日 Roman Holiday', 651, 355, 136, 1953, 20053, '欧洲某国的安妮公主（奥黛丽·赫本 Audrey Hepburn 饰）到访罗马，国务烦身，但她又厌倦繁文缛节。一天晚上，身心俱疲的她偷偷来到民间欣赏夜景，巧遇报社记者乔（格里高利·派克 Gregory Peck 饰）。二人把手同游，相当快乐。公主更是到乔的家中作客并在那过夜。不料乔无意中发现了公主的真实身份，他决定炮制一个独家新闻，于是乔和朋友、摄影师欧文（埃迪·艾伯特 Eddie Albert 饰）一起带公主同游罗马，并且偷拍了公主的很多生活照。然而，在接下来与公主的相处中，乔不知不觉恋上了公主。为了保护公主的形象，乔只能忍痛抛弃功成名就的良机，将照片送予了公主。安妮公主在经历了罗马一日假期后，反而体验了自己对国家的责任，毅然返回了大使馆，为了本身的责任而果断抛弃了爱情。', 9.1, 'no');
INSERT INTO `film` VALUES ('大闹天宫', 753, 580, 904, 1961, 20054, '话说在东土傲来国有一座花果山，山上有一尊石猴吸收日精月华化身为一只神猴（邱岳峰 音），统领着山中的猴子猴孙。为求得一件称心的宝贝，神猴孙大圣潜入龙宫，强硬求来大禹治水时的定海神针如意金箍棒。东海龙王（毕克 音）心有不甘，于是上天将此事诉诸玉帝（富润生 音）。玉皇大帝命令太白金星（尚华 音）下界招安，许以爵位。不知有诈的孙大圣欣然前往，却发现只是负责养马的弼马温。得知受骗的猴王反下天庭，与天兵天将在花果山展开大战……本片根据古典名著《西游记》中的故事改编，前后历时4年创作，并荣获1962年捷克斯洛伐克卡罗维发利国际电影节短片特别奖、1978年英国伦敦国际电影节年度杰出电影奖、1982年厄瓜多尔第四届国际儿童电影节三等奖、第二届中国电影“百花奖”最佳美术片奖。', 9.4, 'yes');
INSERT INTO `film` VALUES ('天堂电影院 Nuovo Cinema Paradiso', 506, 349, 813, 1988, 20055, '意大利南部小镇，古灵精怪的小男孩托托（萨瓦特利·卡西欧 饰）喜欢看电影，更喜欢看放映师阿尔弗雷多（菲利浦·诺瓦雷 饰）放电影，他和阿尔弗雷多成为了忘年之交，在胶片中找到了童年生活的乐趣。好心的阿尔弗雷多为了让更多的观众看到电影，搞了一次露天电影，结果胶片着火了，托托把阿尔弗雷多从火海中救了出来，但阿尔弗雷多双目失明。托托成了小镇唯一会放电影的人，他接替阿尔弗雷多成了小镇的电影放映师。托托（马克·莱昂纳蒂 饰）渐渐长大，他爱上了银行家的女儿艾莲娜（阿格妮丝·那诺  饰）。初恋的纯洁情愫美如天堂，但是一对小情侣的海誓山盟被艾莲娜父亲的阻挠给隔断了，托托去服兵役，而艾莲娜去念大学。伤心的托托在阿尔弗雷多的鼓励下，离开小镇，追寻自己生命中的梦想……30年后，阿尔弗雷多去世，此时的托托已经是功成名就的导演，他回到了家乡，看到残破的天堂电影院，追忆往昔，唏...', 9.2, 'no');
INSERT INTO `film` VALUES ('指环王1：护戒使者 The Lord of the Rings: The Fellowship of the Ring', 537, 426, 933, 2001, 20056, '比尔博·巴金斯是100多岁的霍比特人，住在故乡夏尔，生性喜欢冒险，在年轻时的一次探险经历中，他从怪物咕噜手中得到了至尊魔戒，这枚戒指是黑暗魔君索伦打造的至尊魔戒，拥有奴役世界的邪恶力量，能够统领其他几枚力量之戒，在3000年前的人类联盟和半兽人大军的战役中，联盟取得了胜利 ，并得到了至尊魔戒，数千年的辗转后，魔戒落到咕噜手中，被比尔博碰巧得到。因为和魔戒的朝夕相处，比尔博的心性也受到了影响，在他111岁的生日宴会上，他决定把一切都留给侄子佛罗多（伊利亚‧伍德 饰)，继续冒险。比尔博的好朋友灰袍巫师甘道夫（伊恩·麦克莱恩 饰）知道至尊魔戒的秘密，同时，黑暗魔君索伦已经知道他的魔戒落在哈比族的手中。索伦正在重新建造要塞巴拉多，集结无数的半兽人，准备以大军 夺取魔戒，并且征服全世界。甘道夫说服佛罗多将魔戒护送到精灵王国瑞文希尔，佛罗多在好朋友山姆、皮...', 9.1, 'no');
INSERT INTO `film` VALUES ('黑客帝国 The Matrix', 462, 761, 764, 1999, 20057, '不久的将来，网络黑客尼奥（基奴李维斯 饰）对这个看似正常的现实世界产生了怀疑。他结识了黑客崔妮蒂（凯莉·安·摩丝 饰），并见到了黑客组织的首领墨菲斯（劳伦斯·菲什伯恩 饰）。墨菲斯告诉他，现实世界其实是由一个名叫“母体”的计算机人工智能系统控制，人们就像他们饲养的动物，没有自由和思想，而尼奥就是能够拯救人类的救世主。可是，救赎之路从来都不会一帆风顺，到底哪里才是真实的世界？如何才能打败那些超人一样的特勤？尼奥是不是人类的希望？这是黑客的帝国，程序和代码欢迎大家的到来。.', 9.1, 'yes');
INSERT INTO `film` VALUES ('教父2 The Godfather: Part II', 672, 733, 983, 1974, 20058, '迈克尔（阿尔·帕西诺 饰）是美利坚黑手党科利昂家族的头目。 迈克尔的父亲维托·安多里尼（罗伯特·德尼罗 饰）出生于意大利科利昂镇。1901年，维托的父亲安东尼奥、兄长保罗、母亲（玛丽亚·卡塔 饰）都死于黑手党西乔家族之手。9岁的维托只得漂洋过海逃亡美利坚谋生。入境时，海关官员（理查德·沃森 饰）将其名姓登记为维托·科利昂。 1958年，迈克尔为儿子安东尼（詹姆斯·古纳瑞斯 饰）举办了初领圣体的聚会，不想当晚便遭遇暗杀。迈克尔侥幸躲过一劫，两名杀手却被人灭口。 维托在异国他乡如何生存？他身负的血海深仇能否得报？想要迈克尔性命的是谁？将杀手灭口的又是谁？', 9.3, 'yes');
INSERT INTO `film` VALUES ('狮子王 The Lion King', 66, 673, 705, 1994, 20059, '辛巴是狮子王国的小王子，他的父亲穆法沙是一个威严的国王。然而叔叔刀疤却对穆法沙的王位觊觎已久。要想坐上王位宝座，刀疤必须除去小王子。于是，刀疤利用种种借口让辛巴外出，然后伺机大开杀戒，无奈被穆法沙即时来救。在反复的算计下，穆法沙惨死在刀疤手下，刀疤别有用心的劝辛巴离开，一方面派人将他赶尽杀绝。辛巴逃亡中遇到了机智的丁满和善良的彭彭，他们抚养辛巴长成雄壮的大狮子，鼓励他回去森林复国。在接下来一场复国救民的斗争中，辛巴真正长成一个坚强的男子汉，领会了责任的真谛。', 9.1, 'no');
INSERT INTO `film` VALUES ('辩护人 변호인', 618, 922, 36, 2013, 20060, '1978年，只有高中学历的宋佑硕（宋康昊 饰）通过多年的艰苦努力，终于通过司法考试，并在成为法官后很快转行成为一名律师。他敏锐地从最新政策中嗅到商机，以不动产代书业务起家。虽然被同行讥讽为随时随地派发名片的夜店小弟，但佑硕不以为忤，一步一步朝着心中的目标迈进。他依靠赚来的钱让妻儿过上富足的生活，也还了七年前在饭店大婶那里欠下的良心债。进入20世纪80年代，韩国民主化斗争愈演愈烈。佑硕全然不管窗外事，关起门来继续赚钱。然而社会的巨变已经不容他置身事外，饭店大婶的儿子朴镇宇因从属的釜山读书联合会被控为左翼社团而遭到逮捕，更受到残酷的虐待和不公的指控。虽然爱钱却更重感情的佑硕，就这样走上了为民主辩护的道路……', 9.2, 'yes');
INSERT INTO `film` VALUES ('饮食男女 飲食男女', 428, 356, 675, 1994, 20061, '台湾中国菜硕果仅存的大师老朱（郎雄）退休后，渐尝老年生活的诸多尴尬：每周日费心做出的一桌丰盛菜肴，并无将三个女儿（杨贵媚、吴倩莲、王渝文）齐齐拉到饭桌的吸引力，已经长大成人的她们，心里藏了许多比陪父亲吃饭更重要的事；多年老友的突然离世，令他在友情这块也有了缺口；而对厨师来讲最重要的味觉的丧失，则将其彻底推到人生的低谷。三个女儿虽各忙各事，却也操心着老朱的晚年生活，计划着为其找个老伴，但她们没料到老朱早已悄无声息地谈起了“黄昏恋”。吃惊过后，老朱最看重的继承了他做菜天赋的二女儿家倩因为自身的生活经历，对父亲、她与父亲的关系有了新的认识，而对老朱来讲更大的惊喜，还在后面。', 9.2, 'no');
INSERT INTO `film` VALUES ('搏击俱乐部 Fight Club', 856, 702, 522, 1999, 20062, '杰克（爱德华•诺顿 饰）是一个大汽车公司的职员，患有严重的失眠症，对周围的一切充满危机和憎恨。一个偶然的机会，杰克遇上了卖肥皂的商人泰勒（布拉德•皮特），一个浑身充满叛逆、残酷和暴烈的痞子英雄，并因为自己公寓失火而住进了泰勒破旧不堪的家中。两人因缘际会地成为了好朋友，并创立了“搏击俱乐部”：一个让人们不戴护具而徒手搏击，宗旨在于发泄情绪的地下组织。俱乐部吸引了越来越多的人，逐渐发展成为一个全国性的地下组织，而泰勒也以自己个人的魅力，吸引着那些盲目的信徒。俱乐部的成员们到处滋事打架、大肆破坏，泰勒本人的行为也越来越疯狂。杰克对于“搏击俱乐部”的现况及泰勒的行为越来越无法忍受，和泰勒发生争执，泰勒离开了他。然而，杰克发现，他走到何处都无法摆脱泰勒的影子，他开始思考：我到底是谁？', 9, 'no');
INSERT INTO `film` VALUES ('本杰明·巴顿奇事 The Curious Case of Benjamin Button', 861, 517, 641, 2008, 20063, '飓风正在侵袭美国新奥尔良，一位病危的老妇睁开了她的睡眼。老妇名叫戴茜（凯特·布兰切特饰），她叫女儿凯若琳（朱莉娅•奥蒙德饰）为她阅读一本日记。这本日记的作者叫本杰明•巴顿（布拉德•皮特饰）。本杰明出生在第一次世界大战停战之时，但生来便像个老人的他被父亲当作怪物，被遗弃在了养老院。本杰明在养老院与老人们一起生活。但谁都没有想到，本杰明逆向发育——越活越年轻！也许“越活越年轻”是某些人的梦想，但真正这样成长的本杰明却有了别人无法理解的烦恼与快乐。穿越半世纪的世界变革，本杰明身处其中，感受别人感受不到的感受。为何母亲会让自己念这本日记？本杰明•巴顿此人与母亲有什么关系？凯若琳陷入了深深的疑惑与好奇之中。', 9, 'no');
INSERT INTO `film` VALUES ('美丽心灵 A Beautiful Mind', 939, 344, 813, 2001, 20064, '本片是关于20世纪伟大数学家小约翰•福布斯-纳什的人物传记片。小约翰•福布斯-纳什（拉塞尔•克劳）在念研究生时，便发表了著名的博弈理论，该理论虽只有短短26页，却在经济、军事等领域产生了深远的影响。但就在小约翰•福布斯-纳什蜚声国际时，他的出众直觉因为精神分裂症受到困扰，然而这并没阻止他向学术上的最高层进军的步伐，在深爱他的妻子艾丽西亚（珍妮弗•康纳利）的鼓励和帮助下，他走得虽然艰缓，却始终没有停步，而最终，凭借十几年的不懈努力和顽强意志，他如愿以偿。', 9.1, 'yes');
INSERT INTO `film` VALUES ('穿条纹睡衣的男孩 The Boy in the Striped Pajamas', 379, 781, 461, 2008, 20065, '八岁男孩布鲁诺（Asa Butterfield 饰）一家随着纳粹军官父亲的一纸调令，由柏林搬迁到了乡下。失去了朋友们的布鲁诺很快对新家附近的“农庄”产生了兴趣，那里有一群身穿“条纹睡衣”的人终日忙碌，并且其中一个为布鲁诺一家服务，他形容肮脏，态度慎微。周遭环境和布鲁诺的举止让母亲暗暗担忧，但纳粹父亲制止家中任何怀疑既定政策的行为。布鲁诺偷偷结识了铁丝网另一边的同龄男孩施穆尔，并时常带给他食物吃。在紧张的家庭氛围和姐姐向成人世界的变化中，施穆尔是布鲁诺惟一的朋友。某日布鲁诺决定，去铁丝网的另一边，以便见到施穆尔的父亲……本片根据约翰·伯恩的同名小说改编，获2008年芝加哥国际电影节观众票选奖。', 9.2, 'yes');
INSERT INTO `film` VALUES ('窃听风暴 Das Leben der Anderen', 287, 300, 581, 2006, 20066, '1984年的东德，整个社会笼罩在国家安全局的高压统治之下，特工魏斯曼（乌尔里希·穆埃 Ulrich Mühe 饰）奉命监听剧作家德莱曼（塞巴斯蒂安·科赫 Sebastian Koch 饰）及其女友演员克里斯蒂娜（马蒂娜·格德克 Martina Gedeck 饰）的生活，监听过程中，魏斯曼渐渐对这家人的生活产生了兴趣，开始暗中帮助他们。一篇刊登在西德《明镜》报上的文章引起了特工头目的注意，他们认为这篇文章是德莱曼写的，并逮捕了克里斯蒂娜，希望能够从她口中得出她丈夫的秘密？而审问克里斯蒂娜的正是魏斯曼……', 9.2, 'yes');
INSERT INTO `film` VALUES ('情书 Love Letter', 213, 893, 942, 1995, 20067, '日本神户某个飘雪的冬日，渡边博子（中山美穗）在前未婚夫藤井树的两周年祭日上又一次悲痛到不能自已。正因为无法抑制住对已逝恋人的思念，渡边博子在其中学同学录里发现“藤井树” 在小樽市读书时的地址时，依循着寄发了一封本以为是发往天国的情书。不想不久渡边博子竟然收到署名为“藤井树（酒井美纪）”的回信，经过进一步了解，她知晓此藤井树是一个同她年纪相仿的女孩，且还是男友藤井树（柏原崇）少年时代的同班同学。为了多了解一些昔日恋人在中学时代的情况，渡边博子开始与女性藤井树书信往来。而藤井树在不断的回忆中，渐渐发现少年时代与她同名同姓的那个藤井树曾对自己藏了一腔柔情。', 8.9, 'no');
INSERT INTO `film` VALUES ('两杆大烟枪 Lock, Stock and Two Smoking Barrels', 383, 923, 698, 1998, 20068, '艾迪（尼克·莫伦）思维敏捷，是个玩牌高手。在三个好友的支持下，艾迪携巨资参加了黑社会的高额赌局，不想落入圈套，欠下50万的赌债。为了还清赌债，艾迪和朋友们绞尽脑汁，最终算计到一群毒贩身上，并为打劫购买了两杆老式烟枪。不想这群不安分的毒贩，正惦念着他们毒品供应商的钱，并在同一天实施了打劫。在毒贩们费尽周折，把毒品供应商熨的整整齐齐的钱款拿到手后，艾迪他们幸运的坐享其成。可是他们不知道，这看似简单的抢劫案背后，更有厉害的角色参与其中。他们手里的两杆破烟枪也隐藏着不少故事。在无知与莽撞中置身漩涡的他们能侥幸脱身么？笑料迭出的偶发事件里，穿插着小人物与大人物的辛酸幽默。', 9.1, 'no');
INSERT INTO `film` VALUES ('西西里的美丽传说 Malèna', 859, 570, 605, 2000, 20069, '当我还只是十三岁时，1941年春末的那一天，我初次见到了她那一天，墨索里尼向英法宣战，而我，得到了生命里的第一辆脚踏车。她，撩著波浪状黑亮的秀发，穿著最时髦的短裙和丝袜，踏著充满情欲诱惑的高跟鞋，来到了西西里岛上宁静的阳光小镇。她的一举一动都引人瞩目、勾人遐想，她的一颦一笑都教男人心醉、女人羡妒。玛莲娜，像个女神一般，征服了这个海滨的天堂乐园。年仅十三岁的雷纳多也不由自主地掉进了玛莲娜所掀起的漩涡之中，他不仅跟著其他年纪较大的青少年们一起骑著单车，穿梭在小镇的各个角落，搜寻著玛莲娜的诱人丰姿与万种风情，还悄悄地成为她不知情的小跟班，如影随形地跟监、窥视她的生活。她摇曳的倩影、她聆听的音乐、她贴身的衣物都成为这个被荷尔蒙淹没的少年，最真实、最美好的情欲幻想。然而，透过雷纳多的眼，我们也看到了玛莲娜掉进了越来越黑暗的处境之中，她变成了寡妇，而在镇民...', 8.9, 'no');
INSERT INTO `film` VALUES ('看不见的客人 Contratiempo', 386, 920, 422, 2016, 20070, '艾德里安（马里奥·卡萨斯 Mario Casas 饰）经营着一间科技公司，事业蒸蒸日上，家中有美丽贤惠的妻子和活泼可爱的女儿，事业家庭双丰收的他是旁人羡慕的对象。然而，野心勃勃的艾德里安并未珍惜眼前来之不易的生活，一直以来，他和一位名叫劳拉（芭芭拉·蓝妮 Bárbara Lennie 饰）的女摄影师保持着肉体关系。某日幽会过后，两人驱车离开别墅，却在路上发生了车祸，为了掩盖事件的真相，两人决定将在车祸中死去的青年丹尼尔联同他的车一起沉入湖底。之后，劳拉遇见了一位善良的老人，老人将劳拉坏掉的车拉回家中修理，然而，令劳拉没有想到的是，这位老人，竟然就是丹尼尔的父亲。', 8.8, 'no');
INSERT INTO `film` VALUES ('音乐之声 The Sound of Music', 556, 461, 502, 1965, 20071, '玛利亚（朱丽·安德鲁斯  饰）是一个年轻活泼的修女，喜欢在大自然下高声歌唱，所以她常常忘记了修道院里的规矩。院长认为玛利亚并不属于规矩严格的修道院。院长与众嬷嬷商量后，决定安排玛利亚到一位名叫特拉普（克里斯托弗·普卢默 饰）上校家当家庭教师。上校的妻子去世多年，留下7个孩子，他要求对孩子严格管教。他告诉玛利亚在他家的家庭教师都做不长久，都是因为孩子的恶作剧。玛利亚果然也遭到了恶作剧，可是这位善良的老师并没有告诉他们的父亲，而是像个母亲一样照顾孩子，很快跟孩子打成一片。上校也渐渐在玛利亚的引导下改变了对孩子们的态度。上校与玛利亚之间发生了感情，他们完婚后回到了已被纳粹占领的奥地利，上校并不想为纳粹办事，一家人准备逃跑……', 9.1, 'no');
INSERT INTO `film` VALUES ('阿凡达 Avatar', 78, 578, 44, 2009, 20072, '战斗中负伤而下身瘫痪的前海军战士杰克·萨利（萨姆·沃辛顿 Sam Worthington 饰）决定替死去的同胞哥哥来到潘多拉星操纵格蕾丝博士（西格妮·韦弗 Sigourney Weaver 饰）用人类基因与当地纳美部族基因结合创造出的 “阿凡达” 混血生物。杰克的目的是打入纳美部落，外交说服他们自愿离开世代居住的家园，从而SecFor公司可砍伐殆尽该地区的原始森林，开采地下昂贵的“不可得”矿。在探索潘多拉星的过程中，杰克遇到了纳美部落的公主娜蒂瑞（佐伊·索尔达娜 Zoe Saldana 饰），向她学习了纳美人的生存技能与对待自然的态度。与此同时，SecFor公司的经理和军方代表上校迈尔斯（史蒂芬·朗 Stephen Lang 饰）逐渐丧失耐心，决定诉诸武力驱赶纳美人……本片采用3D技术拍摄，共耗资5亿美元制作发行，是电影史上最为昂贵的作品。本片荣获...', 8.8, 'no');
INSERT INTO `film` VALUES ('哈利·波特与死亡圣器(下) Harry Potter and the Deathly Hallows: Part 2', 577, 894, 20, 2011, 20073, '当又一次和伏地魔（拉尔夫·费因斯 Ralph Fiennes 饰）的意识连通，哈利·波特（丹尼尔·雷德克里夫 Daniel Radcliffe 饰）断定最后一件魂器藏在霍格沃茨，于是和罗恩（鲁伯特·格林特 Rupert Grint 饰）、赫敏（艾玛·沃森 Emma Watson 饰）一同返回阴云密布的学校。在好友们的帮助下，他们成功驱逐了斯内普（艾伦·瑞克曼 Alan Rickman 饰），然而觉察到哈利目的的伏地魔则率领徒众向霍格沃茨逼近。食死徒、摄魂怪、巨人疯狂涌入这所有着悠久历史的魔法学校，正邪决战旋即爆发，一时间血雨腥风，死伤无数。从斯内普的眼泪中，哈利不仅了解到父辈的故事，也证实了藏缅于他体内最后的秘密。在此之后，他也和伏地魔迎来了最后的对决……本片根据英国作家J.K.罗琳的同名原著改编，也是“哈利·波特”系列影片的完结篇。', 9, 'no');
INSERT INTO `film` VALUES ('拯救大兵瑞恩 Saving Private Ryan', 250, 339, 693, 1998, 20074, '瑞恩（马特•达蒙 Matt Damon饰 ）是二战期间的美国伞兵，被困在了敌人后方。更不幸的是，他的三个兄弟全部在战争中死亡，如果他也遇难，家中的老母亲将无依无靠。美国作战总指挥部知道了这个情况，毅然决定组织一个小分队前往救援，其中包括米勒上尉（汤姆•汉克斯 Tom Hanks 饰 ）和翻译厄本（杰里米.戴维斯 Jererry Davies饰）。然而，敌方危险重重，他们一路上随时与死亡打交道。他们非常怀疑，到底值不值得冒着八个人的生命危险，去搭救一个人。大家一路辗转寻找瑞恩，对于这次搭救行动，有人不满，有人热忱，有人好奇。大家一次次闻到死神的气息，瑞恩的获救付出了沉重的代价。', 9.1, 'no');
INSERT INTO `film` VALUES ('飞越疯人院 One Flew Over the Cuckoo\'s Nest', 165, 367, 401, 1975, 20075, '麦克墨菲（杰克·尼科尔森 Jack Nicholson 饰）为了逃避监狱里的强制劳动，装作精神异常，被送进了精神病院，他的到来，给死气沉沉的精神病院带来了剧烈的冲击。 麦克要求看棒球比赛的电视转播，挑战了医院严格的管理制度，受到护士长拉契特（路易丝·弗莱彻 Louise Fletcher 饰）的百般阻挠；麦克带领病人出海捕鱼，振奋了他们的精神，却让院方头痛不已。院方为了惩处麦克胆大妄为、屡犯院规，决定将他永远留在疯人院。生性自由的麦克再也无法忍受疯人院的生活，他联合病友，高大的印第安人“酋长”，开始自己的计划：飞越疯人院。 本片获1975年第48届奥斯卡最佳影片，最佳男、女主角，最佳导演和最佳改编剧本五项大奖。主人公“不自由，毋宁死”的精神在当今社会仍有很大的现实意义。', 9.1, 'no');
INSERT INTO `film` VALUES ('小鞋子 بچه های آسمان', 285, 192, 691, 1997, 20076, '家境贫寒的男孩Ali（Amir Farrokh Hashemian）帮妹妹Zahra（Bahare Seddiqi）取修补好的鞋子时，不慎将鞋子弄丢，为了不被父（Mohammad Amir Naji）、母（Fereshte Sarabandi ）责罚，他央求Zahra暂时保密，说两人可以替换着穿他的鞋子上学，并答应一定会帮她买双新鞋子。Ali原本指望用他和父亲进城打工挣的钱帮Zahra买双新鞋，父亲的意外受伤打消了他的美梦。看到全市长跑比赛季军的奖品是一双运动鞋时，Ali决定参加比赛，但是他错过了报名日期。几经哀求，老师（Dariush Mokhtari ）破例让实力出众的Ali参加了比赛。比赛场上，Ali不断提醒自己，一定要得第三名！', 9.2, 'no');
INSERT INTO `film` VALUES ('布达佩斯大饭店 The Grand Budapest Hotel', 964, 785, 806, 2014, 20078, '故事要从一位无名作家（裘德·洛 Jude Law 饰）说起，为了专心创作，他来到了名为“布达佩斯”的饭店，在这里，作家遇见了饭店的主人穆斯塔法（F·莫里·亚伯拉罕 F. Murray Abraham 饰），穆斯塔法邀请作家共进晚餐，席间，他向作家讲述了这座饱经风雨的大饭店的前世今生。饭店曾经的主人名叫古斯塔沃（拉尔夫·费因斯 Ralph Fiennes 饰），而年轻的穆斯塔法（托尼·雷沃罗利 Tony Revolori 饰）在当时不过是追随着他的一介小小门童。古斯塔沃为人正直，精明能干，在他的经营和组织之下，布达佩斯大饭店成为了当时首屈一指的度假胜地。古斯塔沃和年迈的D夫人（蒂尔达·斯文顿 Tilda Swinton 饰）情投意合，D夫人去世后，在遗嘱中将一副价值连城的名画留给了古斯塔沃，这一举动惹恼了她的儿子迪米特里（阿德里安·布洛迪 Adrie...', 8.9, 'no');
INSERT INTO `film` VALUES ('功夫', 688, 785, 16, 2004, 20079, '1940年代的上海，自小受尽欺辱的街头混混阿星（周星驰）为了能出人头地，可谓窥见机会的缝隙就往里钻，今次他盯上行动日益猖獗的黑道势力“斧头帮”，想借之大名成就大业。阿星假冒“斧头帮”成员试图在一个叫“猪笼城寨”的地方对居民敲诈，不想引来真的“斧头帮”与“猪笼城寨”居民的恩怨。“猪笼城寨”原是藏龙卧虎之处，居民中有许多身怀绝技者（元华、梁小龙等），他们隐藏于此本是为远离江湖恩怨，不想麻烦自动上身，躲都躲不及。而在观战正邪两派的斗争中，阿星逐渐领悟功夫的真谛。', 8.8, 'no');
INSERT INTO `film` VALUES ('禁闭岛 Shutter Island', 807, 103, 994, 2010, 20080, '本片根据美国小说家丹尼斯·勒翰（Dennis Lehane）的同名小说改编。 1954年，联邦警官泰迪（莱昂纳多·迪卡普里奥 Leonardo DiCaprio 饰）和搭档查克（马克·鲁弗洛 Mark Ruffalo 饰）乘船来到波士顿附近的禁闭岛精神病犯监狱调查一桩离奇失踪案。手刃亲生骨肉的女犯蕾切尔（艾米莉·莫迪默 Emily Mortimer 饰）从戒备森严的牢室神秘逃脱，藏匿于孤岛深处。泰迪怀疑监狱的主治精神病医师约翰·考利（本·金斯利 Ben Kingsley 饰）有意隐瞒内情，并向查克透露他上岛的真实目的其实是寻找当年纵火烧死他妻子德洛丽丝（米歇尔·威廉姆斯 Michelle Williams 饰）的管理员，并揭露美国政府利用精神病犯人进行人体科学实验的罪行。但随着调查的逐渐深入，真相却变得越来越扑朔迷离……', 8.9, 'no');
INSERT INTO `film` VALUES ('蝴蝶效应 The Butterfly Effect', 44, 667, 494, 2004, 20081, '伊万（艾什顿·库奇 Ashton Kutcher 饰）曾经有一个糟糕的童年，因为他行为闯下了大祸，令他童年充满不堪回忆的往事。而事实上，他确实只是依稀记得一点可怕的情景，这些情景一直纠缠着他的正常生活。伊万接受心理学家建议，把琐碎生活记在记事本里，却偶然发现通过记事本回到过去。这时他才清楚记起，童年时候的自己做了那么多的错事。他幻想着用现在的意识，潜入童年的身体，去弥补种种过失给人们带来的伤害，尤其是希望与当年暗恋的凯西最终走回一起。然而他一次次的跨越时空的更改，只能越来越招致现实世界的不可救药。一切就像蝴蝶效应般，牵一发而动全身。', 8.9, 'no');
INSERT INTO `film` VALUES ('致命魔术 The Prestige', 852, 582, 530, 2006, 20082, '19世纪末，人们对科学文明还不是认识得太过清楚，于是，安吉尔（休•杰克曼Hugh Jackman饰）和伯登（克里斯蒂安•贝尔Christian Bale饰）的魔术，成为了伦敦城内的神奇人物。安吉尔出身贵族，魔术手段华丽丰富，是富人圈子里的表演常客。而伯登即使出身平平，争强好胜的心智和充满创造力的魔术技巧，却也令他有了名气。两人自小本是要好的伙伴，然而，现在魔术界二人各有领地，并且都有野心想成为音乐大厅里的顶级魔术师，一番明争暗斗如箭在弦上。伯登掌握了精彩的分身术，叫座又叫好。而安吉尔见情势不妙，搬来科学家助阵——他发明的交流电有无穷魔力，保证让观众目瞪口呆。二人出招接招，一来一往，争斗在剧烈升级，友谊和道德都被抛诸脑后，一场血案在悄悄酝酿。', 8.9, 'no');
INSERT INTO `film` VALUES ('哈利·波特与阿兹卡班的囚徒 Harry Potter and the Prisoner of Azkaban', 71, 939, 24, 2004, 20083, '哈利（丹尼尔·雷德克里夫）即将在霍格沃兹渡过第三个年头，此时在阿兹塔班却传出恶棍小天狼星（加里·奥德曼）越狱的消息。据说小天狼星正是背叛哈利父母的好友，他的教父，而这次小天狼星越狱似乎正是为了找他。哈利的心里悄悄的滋生了为父母报仇的想法，期待着小天狼星的出现。新来的魔法老师卢平（大卫·休里斯）有着桀骜不驯的个性，与哈利关系很好，教了哈利许多实用的黑魔法防御知识。而此时在他的魔法地图上却出现了一个神秘人物，虫尾巴。偶然的机会下，在尖叫棚屋里集齐了哈利父亲当年的所有好友，卢平、虫尾巴、小天狼星，哈利的魔杖直指向小天狼星，但他发现那罪犯看他的眼神里充满了疼爱……', 8.9, 'yes');
INSERT INTO `film` VALUES ('心灵捕手 Good Will Hunting', 437, 60, 551, 1997, 20084, '麻省理工学院的数学教授蓝波在席上公布了一道困难的数学题，却被年轻的清洁工威尔（马特·戴蒙 饰）解了出来。可是威尔却是个问题少年，成天和好朋友查克（本·阿弗莱特 饰）等人四处闲逛，打架滋事。当蓝波找到这个天才的时候，他正因为打架袭警被法庭宣判送进看守所。蓝波向法官求情保释，才使他免于牢狱之灾。蓝波为了让威尔找到自己的人生目标，不浪费他的数学天赋，请了很多心理学专家为威尔做辅导，但是威尔十分抗拒，专家们都束手无策。无计可施之下，蓝波求助于他大学的好友，心理学教授尚恩（罗宾·威廉姆斯 饰），希望能够帮助威尔打开心房。经过蓝波和尚恩的不懈努力，威尔渐渐敞开心胸，而好友查克的一席话，更是让他豁然开朗。', 8.9, 'yes');
INSERT INTO `film` VALUES ('低俗小说 Pulp Fiction', 457, 774, 199, 1994, 20086, '《低俗小说》由“文森特和马沙的妻子”、“金表”、“邦妮的处境”三个故事以及影片首尾的序幕和尾声五个部分组成。看似独立的小故事里面，却又有环环相扣的人和事。盗贼“小南瓜”和“小兔子”在早餐店里打劫，却遇上了天大的麻烦——黑社会成员朱尔斯（塞缪尔•杰克逊Samuel L. Jackson饰）和文森特（约翰•特拉沃尔塔John Travolta饰）在店内用餐，可谓天外有天。二人是否会放过两名小盗贼？而文森特是黑社会大哥马沙•华莱士（文•瑞姆斯Ving Rhames饰）的手下，马沙下命令让他陪妻子一个晚上，明知如有雷池必死无疑，但面对马沙妻子美艳诱惑，文森特该怎么办。文森特的故事还没完，拳击手布奇（布鲁斯•威利斯Bruce Willis饰）的出现将令他的人生从此改变。布奇有一块祖传金表，就是因为这块金表，他和马沙分享了一个耻辱的秘密。故事环状结构，回...', 8.9, 'yes');
INSERT INTO `film` VALUES ('海豚湾 The Cove', 543, 846, 434, 2009, 20087, '日本和歌山县太地，是一个景色优美的小渔村，然而这里却常年上演着惨无人道的一幕。每年，数以万计的海豚经过这片海域，他们的旅程却在太地戛然而止。渔民们将海豚驱赶到靠近岸边的一个地方，来自世界各地的海豚训练师挑选合适的对象，剩下的大批海豚则被渔民毫无理由地赶尽杀绝。这些屠杀，这些罪行，因为种种利益而被政府和相关组织所隐瞒。理查德•贝瑞（Richard O’Barry）年轻时曾是一名海豚训练师，他所参与拍摄电影《海豚的故事》备受欢迎。但是，一头海豚的死让理查德的心灵受到强烈的震撼。从此，他致力于拯救海豚的活动。不顾当地政府和村民百般阻挠，他和他的摄影团队想方设法潜入太地的海豚屠杀场，只为将罪行公之于众，拯救人类可爱的朋友……本片荣获2010年第82届奥斯卡金像奖最佳纪录长片奖。', 9.3, 'yes');
INSERT INTO `film` VALUES ('春光乍泄 春光乍洩', 665, 902, 432, 1997, 20089, '黎耀辉（梁朝伟）与何宝荣（张国荣）是一对同性恋人，为了有新的开始，他们怀着美丽的梦想（去看南美洲大瀑布）离开香港来到阿根廷，却在布宜诺斯艾利斯迷了路。黎耀辉想安下心来过日子，无奈何宝荣于夜夜笙歌中放纵着自己的生命，以期找寻更多的刺激，只当黎耀辉是他受伤后的港湾，两人分歧 、争吵越来越多，心的距离越来越远。黎耀辉明白过去的日子不可能再复返时，决定离开何宝荣，而正是在他离开后，绝望的意味（对黎耀辉的爱）才在何宝荣的脑海中完整地浮现。', 9, 'no');
INSERT INTO `film` VALUES ('美国往事 Once Upon a Time in America', 467, 575, 298, 1984, 20090, '1933年，纽约流氓Noodles（罗伯特·德·尼罗 饰）因向哈洛伦警司（布鲁斯·巴伦堡 饰）通风报信害死了三名同伙而被追杀。逃亡之前，他打开了存放帮派基金的手提箱，里面却只有报纸。 1968年，已改名换姓的Noodles收到一封犹太会堂通知迁葬亲友的信。Noodles联系拉比，得知信是八个月前寄出的，他的三名同伙已被迁葬至一所豪华公墓。Noodles回到纽约，找老友莫（拉里·拉普 饰）了解情况，却一无所获。闲谈中，Noodles问起莫的妹妹黛博拉（伊丽莎白·麦戈文 饰）的情况，得知其已成名角。 原来，两人少时互有好感，但黛博拉（詹妮弗·康纳利 饰）志向高远脚踏实地，理智地将街头混混Noodles（斯科特·提勒 饰）拒于门外。 Noodles在公墓发现了一把钥匙，并用钥匙打开了当年存放手提箱的储物柜。这一次，箱子里有满满的百元钞，还有写着“下一份工作...', 9.2, 'no');
INSERT INTO `film` VALUES ('喜剧之王 喜劇之王', 313, 934, 533, 1999, 20091, '尹天仇（周星驰 饰）一直醉心戏剧，想成为一名演员，平时除了做跑龙套以外，还会在街坊福利会里开设演员训练班。此时舞小姐柳飘飘在妈妈桑的带领下来到这里要求学做戏，原来柳飘飘有一段非常不愉快的经历，在尹天仇对她指导的过程中，柳飘飘对尹天仇渐生情愫，同时她也成为了夜总会里当红的小姐。尹天仇受到了极多白眼之后，终于得到了大明星鹃姐（莫文蔚 饰）的赏识，提携他担演新戏中的男主角，但没想到突然把他的角色换掉了，令他失望不已。在片场当场务的卧底警员（吴孟达 饰）身份被识穿，尹天仇阴差阳错的帮忙破了案。之后尹天仇继续活跃在街坊福利会的演员训练班里。', 8.8, 'no');
INSERT INTO `film` VALUES ('致命ID Identity', 423, 877, 720, 2003, 20092, '一个典型而又引人入胜的悬疑故事：一个汽车旅馆里，住进了10个人，他们中间有司机、妓女、过气女星、夫妇、警探和他的犯人，还有神秘的旅馆经理。这天风雨大作，通讯中断，10人被困在了旅馆里，惊悚的故事开始了。他们一个接一个的死去，并且按照顺序留下牌号。10个人存活下来的渐渐变少，他们开始恐慌，互相猜忌，却无意间发现了彼此间的联系。但是，大家怀疑的嫌疑人却纷纷死去，谜团笼罩在旅馆狭小的空间里，这样的凶杀案件却有着人们猜不到的真相……', 8.9, 'no');
INSERT INTO `film` VALUES ('杀人回忆 살인의 추억', 741, 421, 401, 2003, 20093, '1986年，韩国京畿道华城郡，热得发昏的夏天，在田野边发现一具女尸，早已发臭。小镇警察朴探员（宋康昊饰）和汉城来的苏探员（金相庆饰）接手案件，唯一可证实的是这具女尸生前被强奸过。线索的严重缺乏让毫无经验的朴探员和搭档曹探员（金罗河饰）只凭粗暴逼供和第六感推断，几次将犯罪 嫌疑人屈打成招。而苏探员客观冷静，据理分析，几次排除嫌疑，警察内部为了证明与推翻矛盾不断，然而无辜女子还是接二连三被残忍杀害，他们只好达成共识一起合作。此时，一个极其符合作案特征的小青年（朴海日饰）成为最大嫌疑人，警方神经绷紧地锁定住他，同时DNA检测报告也被送往美国，然而案件并未在此处停止。', 8.9, 'no');
INSERT INTO `film` VALUES ('七宗罪 Se7en', 915, 452, 438, 1995, 20094, '“暴食”、“贪婪”、“懒惰”、“嫉妒”、“骄傲”、“淫欲”、“愤怒”，这是天主教教义所指的人性七宗罪。城市中发生的连坏杀人案，死者恰好都是犯有这些教义的人。凶手故弄玄虚的作案手法，令资深冷静的警员沙摩塞（摩根•弗里曼 Morgan Freeman 饰）和血气方刚的新扎警员米尔斯（布拉德•皮特 Brad Pitt 饰）都陷入了破案的谜团中。他们去图书馆研读但丁的《神曲》，企图从人间地狱的描绘中找到线索，最后从宗教文学哲学的世界中找到了凶手作案计划和手段的蛛丝马迹。凶手前来投案自首，这令众人都松了一口气，以为案件就此结束，怎料还是逃不出七宗罪的杀人逻辑，这次凶手瞄准的目标，是那个犯了“愤怒”罪的人……', 8.8, 'yes');
INSERT INTO `film` VALUES ('红辣椒 パプリカ', 247, 461, 762, 2006, 20095, '近未来，为了治疗现代人类越来越多、越来越严重的精神疾病，位于东京的精神医疗综合研究所开发出一种可以反映他人梦境的机器。通过微型DC的帮助，梦境在显示器上呈现出来，更方便找到一个人焦虑的症结。某日，三台微型DC失窃，与之相关的研究人员的梦境接连被人侵入，随后受到严重伤害。美女医疗师千叶敦子另一个身份是梦境侦探“红辣椒”，她能够与患者同步体验梦境。为避免盗贼利用微型DC进一步作恶，她不得不潜入受害者的梦中寻找恐怖分子，一场充满奇幻和惊险的争斗旋即展开……本片入围2006年威尼斯电影节主竞赛单元，荣获2007年葡萄牙奇幻电影节影评人选择奖、2006年蒙特利尔电影节大众选择奖。', 9.1, 'yes');
INSERT INTO `film` VALUES ('加勒比海盗 Pirates of the Caribbean: The Curse of the Black Pearl', 263, 110, 396, 2003, 20096, '故事发生在17世纪，传说中海盗最为活跃的加勒比海。风趣迷人的杰克·斯伯洛（约翰尼·德普 Johnny Depp 饰），是活跃在加勒比海上的海盗，拥有属于自己的“黑珍珠”号海盗船。对他来说，最惬意的生活就是驾驶着“黑珍珠”号在加勒比海上游荡，自由自在的打劫过往船只。但不幸的是，他的仇敌，老谋深算的巴尔巴罗萨船长(杰弗里·拉什 Geoffrey Rush 饰)偷走了他的“黑珍珠”号。巴伯萨是一个无恶不作的坏蛋，他抢劫了杰克的\"黑珍珠号\"后，更加猖狂，在加勒比海上横行霸道，一时成为整个加勒比海的霸主。一次，巴伯萨一伙袭击了罗亚尔港小镇，还绑架了总督的女儿伊莉莎白·斯万(凯拉·奈特莉 Keira Knightley 饰)和伊莉莎白青梅竹马的铁匠学徒威尔·特纳（奥兰多·布鲁姆 Orlando Bloom 饰），想方设法救出了狱中的船长杰克，偷来英国皇家舰队最...', 8.8, 'no');
INSERT INTO `film` VALUES ('哈利·波特与密室 Harry Potter and the Chamber of Secrets', 398, 67, 475, 2002, 20097, '哈利波特（丹尼尔•雷德克里夫 Daniel Radcliffe 饰）结束了假期，即将回到霍格沃兹继续学习魔法。一个叫多比的家养小精灵警告哈利不要回到霍格沃兹，否则会陷入极大的危险。哈利没有听从多比的劝告，回到了霍格沃兹。很快，霍格沃兹发生了一连窜怪事:接二连三出现学生被石化，一直找不出原因。而哈利总能听到一种奇怪的声音，从墙壁里传出来。传说，霍格沃兹有一个密室，里面记录着伏地魔年轻时的秘密，只有斯莱特林的人才能打开密室。哈利偶然发现自己能听懂蛇说话，一时传闻是哈利打开了密室。难道多比所指的危险就隐藏在密室？', 8.9, 'yes');
INSERT INTO `film` VALUES ('一一', 357, 286, 618, 2000, 20098, 'NJ（吴念真）是个很有原则的生意人，同妻子敏敏（金燕玲）、女儿婷婷（李凯莉）、儿子洋洋（张杨洋）以及外婆住在台北某所普通公寓里。小舅子的一场麻烦婚礼过后，因为外婆突然中风昏迷，他迎来更加混乱的日子。敏敏公司、家里两头跑，时常感觉自己要被耗空；婷婷一直为外婆的中风内疚，恋爱谈到中途发现自己不过是替代品；NJ更是麻烦重重，公司面临破产，他又不愿放下别人眼里一文不值的自尊。一家人里，似乎只有洋洋没有烦恼，他平静地用照相机拍着各种人的背面，帮他们长出另一双眼睛，然而，洋洋简简单单的一句话，道出更深的悲凉。', 9.1, 'yes');
INSERT INTO `film` VALUES ('狩猎 Jagten', 822, 26, 422, 2012, 20099, '刚刚和妻子离婚的卢卡斯（麦斯·米科尔森 Mads Mikkelsen 饰）目前在一家托儿所工作，心地善良个性温和的他很快就受到了同事和孩子们的喜爱，其中，一个名叫卡拉（安妮卡·韦德科普 Annika Wedderkopp 饰）的早熟女孩对卢卡斯尤为的亲近。面对女孩幼稚 而单纯的示好，卢卡斯只能婉转的拒绝，可令他没有想到的是，这一举动将他的生活推向了风口浪尖。卡拉报复性的谎言让卢卡斯背负起了性侵女童的罪名，一时间，这个好好先生成为了整个小镇排挤和压迫的对象。好友的愤怒，前妻的不信任，爱犬的死亡和陌生人的恶意让卢卡斯几近崩溃，而当小小的卡拉吐露真相之后，恶意却并没有随着卢卡斯的重获清白而划下句点。', 9.1, 'yes');
INSERT INTO `film` VALUES ('唐伯虎点秋香 唐伯虎點秋香', 538, 427, 964, 1993, 20100, '唐伯虎（周星驰 饰）身为江南四大才子之首，却有道不尽的心酸。宁王想唐伯虎帮忙图谋作反，唐伯虎只好用内功改变脉象，令众人都相信他命不久矣。母亲埋怨他不应该把功夫暴露，因为他们家族一直被当年的仇人追杀。唐伯虎在与朋友出游时，遇到了貌若天仙的秋香并对她一见钟情，决心要到华府当 家丁以追求秋香，唐伯虎被取名华安。期间华太师遇到了宁王上门刁难，幸好有唐伯虎出面相助，并暴露了自己是唐伯虎的身份。秋香才知道华安是自己欣赏的唐伯虎。华夫人跟唐家有怨，因此二人便开始斗法。怎料宁王跟夺命书生再次上门，华夫人不是对手，幸得唐伯虎出手，华夫人也答应把秋香许配给唐伯虎。', 8.7, 'no');
INSERT INTO `film` VALUES ('7号房的礼物 7번방의 선물', 172, 437, 422, 2013, 20101, '1997年，只有6岁儿童智商的智障男子李龙久（柳成龙 饰）和可爱的女儿艺胜（葛素媛 饰）相依为命，生活虽然简单清贫，却充满幸福。某天，执着为女儿买美少女战士书包的龙久意外卷入一起幼童诱拐奸杀案，而死者竟是警察局长的女儿。龙久懵懂无知，搞不清状况，昏头昏脑就被投入监狱。在7号牢房中，聚集着走私犯蘇杨浩（吴达洙 饰）、诈骗犯崔春浩（朴元尚 饰）、通奸犯姜万范（金正泰 饰）、恐吓犯老徐（金基灿 饰）和抢劫犯申奉植（郑万植 饰）等五毒俱全的“社会渣滓”。龙久孩子般纯洁的心渐渐感动了这几个“大坏蛋”，他们甚至不惜冒险将艺胜带入牢房与父亲相会。黑暗冰冷的监牢内，7号牢房阳光满满……', 8.9, 'no');
INSERT INTO `film` VALUES ('被嫌弃的松子的一生 嫌われ松子の一生', 468, 255, 403, 2006, 20102, '有一天父亲（香川照之饰）突然来找阿笙（瑛太饰），告诉他有个素未谋面的姑姑死了，叫他去收拾下姑姑的房子。在河边的破烂小屋里，阿笙渐渐开始了解父亲口中的姑姑，到底有着怎样的一生。小时候的姑姑川尻松子（中谷美纪饰）经常做着白雪公主似的美梦，她后来成为一名安分的中学教师，却因百口莫辩的误会被辞退了，之后和一作家同居，作家却因为太爱她而选择自杀，死前留下遗言：生而为人对不起。这件事对松子打击极大；之后与该作家的事业敌人同居直至，又忍受不住去找对方妻子的诱惑，结果惨遭抛弃；又是当上浴室女郎，甚至还杀人入狱，然而不管有意无意，她从不放弃生活的希望。不管生活再怎样破碎，她仍然本能地生存下去，这生存本身，足以打动任何人，包括阿笙。', 8.9, 'no');
INSERT INTO `film` VALUES ('蝙蝠侠：黑暗骑士崛起 The Dark Knight Rises', 855, 526, 972, 2012, 20103, '检察官哈维·登特（艾伦·艾克哈特 Aaron Eckhart 饰）死后的八年间，哥谭市在戈登警长（加里·奥德曼 Gary Oldman 饰）的努力下有效地遏制了犯罪活动。而蝙蝠侠布鲁斯·韦恩（克里斯蒂安·贝尔 Christian Bale 饰）因为背负谋杀登特的罪名，被 警方通缉，在哥谭市销声匿迹。然而，这看似平静的状态被恐怖分子贝恩（汤姆·哈迪 Tom Hardy 饰）的出现打破，他利用猫女（安妮·海瑟薇 Anne Hathaway 饰）偷取布鲁斯的指纹，致使韦恩集团面临破财，布鲁斯被赶出董事会。为了保证韦恩集团投资的能源项目不被坏人利用制造核弹，布鲁斯帮助米兰达（玛丽昂·歌迪亚 Marion Cotillard 饰）成为董事会主席。贝恩接下来一连串精密设计的计划将哥谭市陷入孤绝之境，毁灭之日指日可待。布鲁斯只能再次肩负起拯救哥谭的重任，然而至亲的...', 8.9, 'no');
INSERT INTO `film` VALUES ('请以你的名字呼唤我 Call Me by Your Name', 49, 362, 532, 2017, 20104, '故事发生在八十年代的意大利里维埃拉，每年夏天，十七岁的少年艾力奥（提莫西·查拉梅 Timothée Chalamet 饰）都会跟家人一起来此地度假。今年，和他们共享假日时光的，还有来自美国的奥利弗（艾米·汉莫 Armie Hammer 饰），高大英俊热情开朗的奥利弗很快就获得了艾力奥一家人的喜爱。随着时间的推移，艾力奥和奥利弗之间渐渐产生了致命的吸引力，但性别和年龄的桎梏让他们迟迟无法跨出那关键的一步，与此同时，单纯善良的少女马奇娅（艾斯特·加莱尔 Esther Garrel 饰）也向艾力奥奉献着自己的感情和身体。最终，汹涌的激情冲破了艾力奥和奥利弗之间的防线，两人开始了一段注定不会有结果的恋情。', 8.8, 'yes');
INSERT INTO `film` VALUES ('爱在黎明破晓前 Before Sunrise', 128, 559, 859, 1995, 20105, '美国青年杰西（伊桑·霍克 Ethan Hawke 饰）在火车上偶遇了法国女学生塞琳娜（朱莉·德尔佩 Julie Delpy 饰），两人在火车上交谈甚欢。当火车到达维也纳时，杰西盛情邀请塞琳娜一起在维也纳游览一番，即使杰西翌日便要坐飞机离开。与杰西一见钟情的塞琳娜接受了杰西的邀请。他们一边游览城市，一边谈论着彼此的过去 ，彼此对生活的感想，两人了解越加深刻。他们非常珍惜这美妙的晚上，这对恋人一起经历了很多浪漫的经历因为他们约定在半年后再见，而此次约会将会在日出之间结束……', 8.8, 'yes');
INSERT INTO `film` VALUES ('剪刀手爱德华 Edward Scissorhands', 620, 308, 485, 1990, 20106, '爱德华（约翰尼•戴普 饰）是一个机器人，他拥有人的心智，却有一双剪刀手，孤独地生活在古堡里，闯入古堡的化妆品推销员佩格把他带回家，让他走进了人类的世界。单纯的爱德华爱上了佩格的女儿金（薇诺娜•瑞德 饰），金也慢慢的被爱德华的善良所吸引。但是，一连串的意外事情让周围的人邻居对爱德华的态度从喜欢变成无法接受，爱德华痛苦地发现，他总是好心办坏事，连自己的爱人都不能拥抱，或许，他注定就不属于这个世界。', 8.7, 'no');
INSERT INTO `film` VALUES ('断背山 Brokeback Mountain', 647, 216, 577, 2005, 20107, '美国怀俄明州的西部，沉默寡言的农夫恩尼斯（希斯•莱杰饰）和热情开朗的牛仔杰克（杰克•吉伦希尔饰)一道被派到山上牧羊，那里人迹罕至，他们只有与羊群为伴，生活单调无味。一个天寒地冻的夜晚，在酒精与荷尔蒙的作用下，他们做了“不该做的事情”，也就此他们在断背山上度过了人生中最美好的时光。季节性放牧结束，迫于世俗压力，杰克和恩尼斯不舍地与对方分离并各自结婚生子。恩尼斯迎娶了自幼相识的阿尔玛，并有了两个可爱的女儿；杰克到了德州，在妻子露琳家族的扶植下事业顺利，还有了个儿子。虽然彼此真心相应，他们只能每年定期约会。一边知情的阿尔玛痛苦无比，而他们又无法满足一年只有几天的团聚。这时意外发生……', 8.8, 'no');
INSERT INTO `film` VALUES ('入殓师 おくりびと', 504, 724, 64, 2008, 20108, '买了昂贵的大提琴，想要成就一番事业的小林大悟（本木雅弘 饰），经历了4个月的管弦乐演奏，得到的却是“乐团解散”的噩耗与购买乐器的高昂债务。迫不得已，大悟与妻子美香（广末凉子 饰）搬到老屋，过着清贫的日子。某日，一则广告吸引了大悟的注意：NK代理公司，帮助旅行，高薪短工时。大悟来到NK代理公司面试，社长佐佐木生荣（山崎努 饰）二话不说就决定聘用大悟，但却对工作内容避而不谈。在大悟的再三追问下，佐佐木社长终于道明：是入殓（日语Nou Kan）工作！虽然心理上有所忌惮，高额的薪水还是令大悟接受了这份工作。但这样的工作对普通人谈何容易，一方面对遗体的不适，一方面又要对妻友隐瞒自己的工作，小林大悟不平凡的工作就这样开始了。', 8.9, 'no');
INSERT INTO `film` VALUES ('第六感 The Sixth Sense', 809, 933, 85, 1999, 20109, '麦克（布鲁斯·威利斯 饰）是著名儿童心理学家，却也有始终未能治愈的患者，甚至因此遭到枪击，这名少年随后也饮枪自毙。这给麦克带来很大心理阴影，一年后他找到另一个症状很像这名患者的男孩柯尔（海利·乔·奥斯蒙 饰），并耐心的做起了他的医生。柯尔并不容易接近，但麦克还是慢慢赢得 了他的信任，得知了柯尔的秘密。原来柯尔有着灵异的第六感，可以看到鬼魂。虽然这令人感到难以置信，但麦克在证实了事情的真相后还是帮助柯尔接受了这个事实。可是就在问题即将得到解决的时候，麦克却在柯尔的引导下，发现了一个更令人震惊的秘密……', 8.9, 'yes');
INSERT INTO `film` VALUES ('重庆森林 重慶森林', 755, 759, 215, 1994, 20110, '编号为223的警察（金城武）失恋后患上失恋综合症，在与金发女杀手（林青霞）擦肩而过又离奇相遇并有了一晚温情后，原本以为包括“爱情”在内的所有东西都有保质期的他意外地迎来心灵的短暂温暖。可是，他们的爱情还是结束了。快餐店新来的女招待阿菲（王菲）爱上了时常光顾快餐店的编号 为663的警察（梁朝伟），因拆了他的女友（周嘉玲）留在快餐店给他的“分手” 信，阿菲知晓了他的心情，偷拿到他的钥匙趁他不在时常潜入他家，一边梦游一边悄悄地改变他的生活，终在被他撞见时令其感受到情感的回归。然而，这才是他们爱情的开始。', 8.8, 'no');
INSERT INTO `film` VALUES ('勇敢的心 Braveheart', 514, 21, 281, 1995, 20111, '威廉•华莱士童年时，其父、苏格兰民族英雄马索•华莱士在与英军的斗争中牺牲，他开始接受父亲好友的指导，学习苏格兰文化和武术。青年华莱士（梅尔•吉布森）学成回到故乡，向美丽的少女梅伦求婚，不想梅伦被英军抢去且遭杀害。在广大村民“英雄之后”的呼声中，华莱士率众揭竿起义，并与苏格兰贵族罗伯结成联盟，但不久他发现，苏格兰贵族考虑的只是自身的利益。英王为缓和局势，派伊莎贝拉（苏菲•玛索）前去和华莱士谈判，由于英王只想收买华莱士，根本不顾苏格兰人民的自由和平等，谈判失败，但这一切并不为伊莎贝拉所知。伊莎贝拉归国后发现事情真相，且知晓英王正策划阴招，忙送信给华莱士，而两人的爱情，也在战争与阴谋中悄然滋生。', 8.9, 'yes');
INSERT INTO `film` VALUES ('超能陆战队 Big Hero 6', 883, 237, 981, 2014, 20112, '未来世界的超级都市旧京山（San Fransokyo），热爱发明创造的天才少年小宏，在哥哥泰迪的鼓励下参加了罗伯特·卡拉汉教授主持的理工学院机器人专业的入学大赛。他凭借神奇的微型磁力机器人赢得观众、参赛者以及考官的一致好评，谁知突如其来的灾难却将小宏的梦想和人生毁于一旦。大火烧毁了展示会场，而哥哥为了救出受困的卡拉汉教授命丧火场。身心饱受创伤的小宏闭门不出，哥哥生前留下的治疗型机器人大白则成为安慰他的唯一伙伴。原以为微型机器人也毁于火灾，谁知小宏和大白竟意外发现有人在某座废弃工厂内大批量地生产他的发明。稍后哥哥的朋友们弗雷德等人也加入进来，他们穿上小宏发明的超级战士战斗装备，和怀有险恶阴谋的神秘对手展开较量……', 8.7, 'no');
INSERT INTO `film` VALUES ('甜蜜蜜', 85, 867, 457, 1996, 20113, '改革开放初期，黎小军（黎明 饰）告别女友小婷（杨恭如 饰）从天津（国语版中为无锡）来到香港讨生活，期望有天挣到大钱把小婷接来与之风风光光地成婚，没料想日子会比想象中的难熬许多。黎小军在快餐店与同样从大陆到港讨生活但避讳谈自己身份的李翘（张曼玉 饰）结识后，因为共同喜爱邓丽君，两人人在异乡的孤独都有了某种程度的缓解，并在交往的过程中生出了真爱，可是世事难料，两人最终无奈分手，黎小军成了小婷的老公，李翘跟了在黑社会做事的豹哥（曾志伟 饰）。然而因为邓丽君，两人的缘分并没到此为止。', 8.9, 'no');
INSERT INTO `film` VALUES ('幽灵公主 もののけ姫', 674, 877, 234, 1997, 20114, '为了拯救危难中的村民，阿斯达卡的右手中了凶煞神的诅咒。达卡只好离开亲人往西方流浪以寻找解除诅咒的方法。旅途中他遇到了由幻姬大人带领的穷苦村民在麒麟兽的森林里开采铁矿，提炼矿石。 白狼神莫娜和她养大的人类女孩“幽灵公主”桑对幻姬恨之入骨，因为她们觉得幻姬带领众人破坏了森林。想帮助人类的阿斯达卡被桑深深吸引，他理解她，但为了帮助穷人又不得不和她作战。一次战斗中，阿斯达卡被麒麟兽所救，他的立场更加摇摆不定。 这时，以疙瘩和尚为首的一群人来杀麒麟兽，幻姬以火枪击毙了麒麟，麒麟的头被疙瘩和尚抢走。愤怒的麒麟的灵魂为夺回自己的头，大肆破坏着森林。阿斯达卡和桑联手决定帮麒麟夺回头颅。', 8.9, 'yes');
INSERT INTO `film` VALUES ('爱在日落黄昏时 Before Sunset', 228, 436, 633, 2004, 20115, '九年前，杰西（伊桑·霍克 Ethan Hawke 饰）与席琳（朱莉·德尔佩 Julie Delpy 饰）在火车上不期而遇，怦然心动。在维也纳渡过疯狂而又浪漫的一夜后，他们在日出前分手，并相约在维也纳重逢。九年之后，杰西已成为畅销书作家，而席琳则是法国环保组织成员。杰西在新书里娓娓道来的，正是九年前的浪漫夜晚。在巴黎促销新书时，杰西与席琳在书店相遇，然而他们只有一下午的时光相处，日落之前，杰西要乘飞机赶回美国。两人在午后的巴黎街头散步，在美丽的护城河上泛舟，无所不谈，兴致勃勃。可是就像命运的捉弄，快乐的时光像烟花一样醉人却短暂。杰西对席琳一送再送，难以忘情；席琳用吉他和歌声，怀念着内心深处的爱恋。太阳就快落下去了，杰西就要误了飞机，又或许他更不想错过的，是命里注定的缘分。', 8.9, 'no');
INSERT INTO `film` VALUES ('菊次郎的夏天 菊次郎の夏', 966, 960, 84, 1999, 20116, '暑假到来，自幼丧父的小学三年级学生正男（关口雄介饰），如今和奶奶生活在一起，暑假特别无聊。他拿出母亲从外地寄回的信，准备自己一个人去爱知县丰桥市看望母亲。邻居阿姨（岸本加世子饰）发现后，决定帮正男完成心愿。她拿出一笔钱做为旅费，还安排游手好闲的老公菊次郎（北野武饰）陪伴正男一起踏上寻母之途。可是在第一天，菊次郎就把老婆给的钱全部输光，于是两个人只好步行前往爱知。一路搭顺风车，惹了不少麻烦后，菊次郎终于带着正男到了他母亲的家，但小男孩却十分沮丧。归途中，菊次郎努力安慰他，二人过得十分愉快，夏天就这么过去了。', 8.9, 'yes');
INSERT INTO `film` VALUES ('借东西的小人阿莉埃蒂 借りぐらしのアリエッティ', 810, 639, 761, 2010, 20117, '虽然患有心脏方面的疾病，但是少年翔（神木隆之介 配音）的父母依然对他疏于呵护。为了准备即将到来的手术，翔来到了位于偏远乡间的姨婆（竹下景子 配音）家静养。姨婆家位于一片幽静的丛林中，这是一幢有着上百年历史的欧式别墅。这里除了生活着姨婆和女佣阿春（树木希林 配音）外，还有一个奇特的三口之家，“借东西一族”——小人阿莉埃蒂（志田未来 配音）和她的爸爸（三浦友和 配音）妈妈（大竹忍 配音），他们生活在别墅的地板下，只有几公分高，过着不为人类察觉的生活。遇到所需的日常用品时，便会在夜深人静之时偷偷潜入厨房借出来。翔无意中瞥见阿莉埃蒂的身影，他有心接近这些传说中的小人，却不知不觉打扰了他们的生活…… 本片根据英国作家玛丽·诺顿的原著《借东西的小人》改编，并荣获2011年日本电影学院奖最佳动画片奖。', 8.9, 'no');
INSERT INTO `film` VALUES ('寄生虫 기생충', 359, 679, 716, 2019, 20118, '基宇（崔宇植 饰）出生在一个贫穷的家庭之中，和妹妹基婷（朴素丹 饰）以及父母在狭窄的地下室里过着相依为命的日子。一天，基宇的同学上门拜访，他告诉基宇，自己在一个有钱人家里给他们的女儿做家教，太太是一个头脑简单出手又阔绰的女人，因为自己要出国留学，所以将家教的职位暂时转交给基宇。就这样，基宇来到了朴社长（李善均 饰）家中，并且见到了他的太太（赵汝贞 饰），没过多久，基宇的妹妹和父母也如同寄生虫一般的进入了朴社长家里工作。然而，他们的野心并没有止步于此，基宇更是和大小姐坠入了爱河。随着时间的推移，朴社长家里隐藏的秘密渐渐浮出了水面。', 8.8, 'no');
INSERT INTO `film` VALUES ('天使爱美丽 Le fabuleux destin d\'Amélie Poulain', 52, 278, 501, 2001, 20121, '艾米莉（奥黛丽·塔图 Audrey Tautou 饰）有着别人看来不幸的童年——父亲给她做健康检查时，发现她心跳过快，便断定她患上心脏病，从此艾米莉与学校绝缘。随后因为一桩意外，母亲在她眼前突然死去。这一切都毫不影响艾米莉对生活的豁达乐观。1997年，戴安娜王妃的去世让她倍感人生的孤独脆弱，艾米莉从此开始了一系列助人计划，包括自闭忧郁的邻居老人，被老板刻薄的菜摊伙计、遗失了童年器物的旧房东、爱情失意的咖啡店同事。但她万万想不到，成人录象带商店店员尼诺（马修·卡索维 Mathieu Kassovitz 饰），竟成为她的棘手对象，艾米莉开始了令人哭笑不得的另类计划……', 8.7, 'no');
INSERT INTO `film` VALUES ('完美的世界 A Perfect World', 658, 977, 243, 1993, 20122, '单亲孩子菲利普·佩里（T·J·劳瑟 T.J. Lowther 饰）的母亲对他管教甚严，8岁的小菲利普甚至从未参加过一次鬼节讨糖果的游戏。附近州监狱的两名罪犯越狱成功，劫持了菲利普作为人质，向德州边界逃窜。途中，罪犯之一的布奇（凯文·科斯特纳 Kevin Costner 饰）干掉了鲁莽愚蠢的同伙，却对小菲利普照顾有加。与此同时，德州警探瑞德（克林特·伊斯特伍德 Clint Eastwood 饰）带着手下和州长特派的犯罪专家萨利（劳拉·邓恩 Laura Dern 饰）一同火速追捕布奇。双方在德克萨斯州境内展开了一场公路赛大竞技；而小菲利普也经历了很多从未想过过的刺激与快乐，并与布奇产生了一种近似父子的不寻常感情……', 9.1, 'no');
INSERT INTO `film` VALUES ('小森林 夏秋篇 リトル・フォレスト 夏・秋', 515, 267, 744, 2014, 20123, '平凡女孩市子（桥本爱 饰）自幼生长在位于日本东北地区的村庄小森。这里远离都市的喧嚣和浮躁，为青山绿水所环绕，俨然一个幽静怡然的世外桃源。村民们日出而作，日落而息，依靠一双勤劳的双手经营渺小却舒适的生活，与世无争。市子曾经前往东京闯荡，只不过她终究无法适应都市快节奏的步伐，最终回到了妈妈早已不在的老宅。童年时妈妈福子利用山川田野各种食材做出胡乱命名的美食，实心眼的市子在感叹受骗之余，也将美好的回忆留在了味蕾深处。仿佛遵循着母亲的步伐，她将对故乡的热爱融入了美食的烹制中。在朋友佑太（三浦贵大 饰）和吉子（松冈茉优 饰）的环绕下，享受着无忧无虑的人生……本片根据五十岚大介的漫画改编。', 9, 'yes');
INSERT INTO `film` VALUES ('倩女幽魂', 875, 119, 312, 1987, 20124, '书生宁采臣（张国荣饰）收账不成，无处可归，遂夜宿鬼寺兰若寺，遇上侠士燕赤霞（午马饰），二人成为邻居。一日偶遇艳女小倩（王祖贤饰），二人两情相悦，但小倩乃是被树妖姥姥控制的鬼魂，专门迷惑精壮男子代姥姥吸取阳气。小倩见宁采臣心地善良不忍加害，并与他感情逐渐加深。宁采臣欲救小倩脱离姥姥魔掌，但苦于姥姥功力深厚，小倩无法脱离其魔掌。二人遂向燕赤霞求救......', 8.8, 'no');
INSERT INTO `film` VALUES ('无人知晓 誰も知らない', 867, 848, 317, 2004, 20125, '新搬来的公寓这家人是母亲惠子（You饰）带着四个孩子：明（柳乐优弥饰）、京子、茂、雪。但母亲却得对周围的人们撒谎说丈夫去海外工作，自己与长子两个人在一起生活。事实是其它三名弟妹是“黑孩子”，因为四个孩子有着各自不同的父亲。他们一直呆在家中，没有去学校上学。在母亲去百货商店工作时，年纪尚小的明就在家中代替母亲行使家长的职责。突然有一天母亲不见了，她把手中仅有的20万日元现金和一张短短的便条留给了孩子们，把弟妹托付给明看管后，就悄然地离家出走。无亲无故，对外面几乎一无所知的四个孩子们，要开始面对新的生活，那实在不是件容易的事情……', 9.1, 'no');
INSERT INTO `film` VALUES ('时空恋旅人 About Time', 557, 882, 888, 2013, 20126, 'Tim（多姆纳尔·格利森 Domhnall Gleeson 饰）21岁了，他的老爸（比尔·奈伊 Bill Nighy 饰）告诉他，他们家族的男人都有时光旅行的超能力，可以回到过去。于是Tim将信就疑地试了一下，回到了夏天，在那里他试图改变和暗恋对象的关系，却发现怎么穿越时空都不能让不爱你的人爱上你。之后Tim来到了伦敦，成为了一个律师。他爱上了一个漂亮的姑娘Mary（瑞秋·麦克亚当斯 Rachel McAdams 饰），他通过几次时空旅行，努力地想成为Mary的男朋友。再后来，他又试图通过时光旅行，去挽回一场失败的话剧，去改善妹妹的生活，去更好地和亲人、朋友相处，度过生命中的每一天。', 8.8, 'no');
INSERT INTO `film` VALUES ('侧耳倾听 耳をすませば', 665, 714, 684, 1995, 20127, '正在读初三的月岛雯是一个喜欢看书的女孩，她每次都能在借书卡上看到一个叫天泽圣司名字，因此她对这个人充满了好奇。 雯一直喜欢写诗，有一天她跟好友夕子在讨论写诗的事，夕子告诉雯自己收到了情书，但事实上夕子已有了喜欢的人。更没有想到的是，夕子喜欢的杉村喜欢的是雯，雯一时间感到十分困惑。 雯无意中来到了一个小店，原来店主是圣司的爷爷。认识了圣司之后，听到了圣司对自己理想的追求之后，也激发了雯对自己理想的追求之念。当圣司离开了到意大利学习做小提琴时，雯决定要专心写作。当雯完成了作品之后，她发现原来自己高估了自己，就这样她选择继续考高中，这时她非常想念圣司。 一天凌晨，她站到窗边，突然看到了一个熟悉的身影……', 8.9, 'no');
INSERT INTO `film` VALUES ('未麻的部屋 Perfect Blue', 804, 258, 593, 1997, 20128, '当红三人少女偶像团体Charming Bird面临解散，核心成员雾越未麻在事务所的安排下不得不退出团体，转型成为一名电视剧演员。万事开头难，对于偶像歌手转型而来的未麻尤其如此，她在工作中承受着压力，闷闷不乐。与此同时，各种恐吓信不断、经纪人田所先生遇袭以及以自己的口吻在网站上写日记的神秘人都让未麻焦虑不已，恍惚间她甚至看到另一个自己。未麻的苦恼无人知晓，贪婪的田所甚至同意剧组的剧本，要求未麻出演一场尺度极大的强暴戏。这次演出成为未麻演艺事业的转折点，她的出镜率开始攀升，甚至还拍摄了裸露的写真。与此相对，电视剧编剧涩谷和曾给未麻拍下裸照摄影师村野接连遇害。未麻的生活变得混乱不堪，真相究竟如何？本片荣获1997年亚洲奇幻电影节最佳亚洲影片。', 9.1, 'yes');
INSERT INTO `film` VALUES ('哈利·波特与火焰杯 Harry Potter and the Goblet of Fire', 569, 716, 968, 2005, 20129, '这是一个不同寻常的学期，魔法学校的盛事：三强争霸赛在霍格沃茨举行。学生们争先报名，希翼获得永恒无上的荣誉。火焰杯在选出三所学校的三名勇士后，竟将未足年龄的哈利也挑选出来。哈利（Daniel Radcliffe饰）的当选引起其他学生的嫉妒连连，就连铁哥们罗恩（Rupert Grint饰）也首次和他闹起了别扭，哈利感到孤立无援，还好有教父小天狼星和赫敏一直支持他。可总有些好事者如记者丽塔等着看他的好戏。天知道这场比赛是何等艰辛危险，在龙的眼皮下偷蛋，潜入湖底救人，在迷宫中探险……一不小心，甚至可能付出生命的代价。黑魔王伏地魔的威胁渐渐显现，每一天都险象环生，动人心弦。', 8.8, 'yes');
INSERT INTO `film` VALUES ('驯龙高手 How to Train Your Dragon', 519, 230, 343, 2010, 20130, '维京岛国的少年小嗝嗝（杰伊•巴鲁切尔 Jay Baruchel 配音）是部落统领伟大的斯托里克（杰拉德·巴特勒 Gerard Butler 配音）的儿子，他非常想像自己的父亲一样亲手屠龙——这些飞龙是岛上维京人放牧羊群的主要天敌——但他每次出现在部落屠龙的战斗中都只给大家徒增烦恼。在一次对抗飞龙的战斗中，希卡普偷偷用射龙器击伤了一只最神秘的“夜之怒龙”，并背着族人放生、豢养，甚至驯服了这只龙，还给它起名“无牙”。希卡普的神秘行径引起了一同训练屠龙技巧的女孩阿斯特丽德（亚美莉卡·费雷拉 America Ferrera 配音）的怀疑。阿斯特丽德发现了希卡普的秘密，却同时被身骑“无牙”御风而飞的美妙体验所震撼。格雷决定在屠龙成人礼上向远征归来的斯托里克和族人讲明真相，说服大家放弃屠龙，却偏偏弄巧成拙，害得“无牙”被俘，一场更大的灾难就在眼前……', 8.8, 'yes');
INSERT INTO `film` VALUES ('幸福终点站 The Terminal', 213, 399, 690, 2004, 20131, '为了完成父亲的心愿，维克多（汤姆•汉克斯 Tom Hanks 饰）从故国乘坐飞机前往美国肯尼迪机场，但戏剧性的事情发生了：他被告知祖国发生政变，而他的身份证护照一一失效，同时他的签证也无法再使用。进退两难的维克多只有在机场滞留，等待新证件的办理。但是，他在机场等待了整整9个月。在这9个月里面，他用机场的洗手间洗漱，在候机室睡觉，他已经学懂因地制宜，在机场照料自己的生活，甚至还找了一份建筑工地工作。然而维克多的邋遢晦气却招来了机场负责人弗兰克（史坦利•图齐 Stanley Tucci 饰）的不满，而恐怕更令他气愤妒忌的是，美丽的空姐艾米利亚（凯瑟琳•泽塔-琼斯 Catherine Zeta-Jones 饰）竟然爱上了维克多。处在甜蜜中的维克多，也在慢慢观察机场的人生百态，自得其乐。', 8.8, 'yes');
INSERT INTO `film` VALUES ('小森林 冬春篇 リトル・フォレスト 冬・春', 414, 520, 36, 2015, 20132, '于无法融入喧嚣吵闹的大城市，平凡女孩市子（桥本爱 饰）选择回到自幼生长的老家——位于日本东北地区的小森村。这里没有过多时尚文明的色彩，当地人过着日出而作日落而息的传统生活，他们靠天吃饭，靠着双手经营人生。生活虽不富裕，心中则是满满的充实和欢喜。受妈妈（桐島かれん 饰） 影响，市子似乎对亲手制作各种美味而廉价的料理有着格外浓厚的兴趣。妈妈失踪已经很久，对料理的回忆与再现成为母女间别具特色的交流方式。更何况还有取自大自然的各种食材，又怎能暴殄天物浪费了大好的韶光？在好友纪子（松冈茉优 饰）和裕太（三浦贵大 饰）的陪伴下，市子静静地走过了春夏秋冬……本片根据漫画家五十岚大介的原作改编。', 9, 'yes');
INSERT INTO `film` VALUES ('一个叫欧维的男人决定去死 En man som heter Ove', 17, 90, 555, 2015, 20133, '欧维（罗夫·拉斯加德 Rolf Lassgård 饰）是一个刻板而又固执的老头，他的妻子半年前死于疾病，留他一人生活在这个混乱不堪的世界之中。每天早晨，欧维都会定时在社区里进行巡视，确认所有的车辆都停在应停的位置，呵斥违反规定私自驶入社区的车辆，赶走四处乱转破坏环境的猫狗，在社区居民眼里，欧维是“来自地狱的恶邻”，可每个人都明白，这其实是欧维对于社区爱之深刻的表现。某一日，欧维遭到了上司的解雇，离开了恪守了几十年的工作岗位，心灰意冷对现世了无牵挂的欧维决定自杀。然而，就在这个节骨眼上，一位名为帕维娜（巴哈·帕斯 Bahar Pars 饰）的女子和丈夫带着两个孩子搬到了欧维的隔壁，成为了欧维自杀计划的绊脚石。', 8.9, 'yes');
INSERT INTO `film` VALUES ('教父3 The Godfather: Part III', 652, 961, 811, 1990, 20134, '转眼间已经是1979年，第二代教父麦克•柯里昂（阿尔•帕西诺 饰）到了垂暮之年，为了灵魂的救赎，麦克慢慢结束家族的黑道事业，转投正当生意。麦克的儿子托尼酷爱艺术，无意接手家族事业，迈克尔决定让大哥逊尼的私生子，火爆好色的文森（安迪•加西亚 饰）继承家业，当第三代教父。麦克的爱女玛丽（索菲娅•科波拉 饰）和文森相恋，遭到父亲的反对，父女渐渐疏远。为了使家族资产合法化，麦克通过在梵蒂冈教廷的关系网，准备投资“屹立”集团，却遭到敌人的暗中阻挠，教皇的去世也让事情更加扑朔迷离。麦克无奈之下，只能重新选择用暴力解决问题，他的亲人也被卷入了这场血雨腥风。', 9, 'no');
INSERT INTO `film` VALUES ('怪兽电力公司 Monsters, Inc.', 680, 193, 470, 2001, 20135, '我们不知道，在那样的世界里住着那样一群怪物。他们长相滑稽，却必须装作狰狞。因为，在夜深的时候，他们要悄悄的出现在孩子的衣橱里，吓唬刚刚甜美睡去的宝宝。一切，只因为他们是怪物电力公司的员工，而孩子的尖叫，则是怪物王国发电的全部能量。怪物们害怕孩子，却又必须让孩子尖叫。在怪物的国度里，他们都是为全民造福的英雄。毛怪苏利文（约翰•古德曼）是怪物公司最出色的员工，业绩总是摇摇领先，他吓哭的小孩儿不计其数。他与搭档大眼怪麦克（比利•克里斯托）很受大家的爱戴。一次偶然，毛怪不小心把一个两岁的小女孩阿布（玛丽•吉布斯）带回了怪物世界，引起了极大的恐慌，调皮可爱的阿布把这些可怕的怪物吓的人仰马翻。警方在追捕阿布，而坏蛋亨利（詹姆斯•柯博）也计划利用阿布进行他改革工厂的邪恶计划。另一方面，在与阿布相处的过程中，毛怪渐渐对她产生莫名的情愫，甚至因此被放逐野外。可是一...', 8.8, 'yes');
INSERT INTO `film` VALUES ('玩具总动员3 Toy Story 3', 285, 837, 806, 2010, 20136, '距上一次的冒险已经过去11个年头，转眼间安迪（约翰·莫里斯 John Morris 配音）变成了17岁的阳光男孩。这年夏天，安迪即将开始大学生活，他必须将自己的房间收拾整齐留给妹妹。此前，伍迪（汤姆·汉克斯 Tom Hanks 配音）与巴斯光年（蒂姆·艾伦 Tim Allen 配音）等玩具一直期待安迪再和他们玩耍，但是随着岁月的流逝，他们被冷落在箱子里很久了。安迪十分珍惜这些童年的玩伴，于是准备将他们收在阁楼。谁曾想，妈妈却把玩具们当作废物扔到街道上。玩具们误解了安迪，于是愤然出走，宁可被捐赠到阳光之家幼儿园。伍迪尽力劝解大家，却收效甚微，只得独自黯然离开。巴斯光年他们原本以为将重新回到往昔的快乐时光，不料却陷入一场阴谋之中……', 8.9, 'no');
INSERT INTO `film` VALUES ('傲慢与偏见 Pride & Prejudice', 350, 922, 509, 2005, 20137, '根据简·奥斯汀同名小说改编。伊丽莎白·班纳特(凯拉·奈特丽 饰)出身于小地主家庭，有四个姐妹，母亲班纳特太太整天操心着为女儿物色称心如意的丈夫。新来的邻居宾格来先生和他的朋友达西（马修·麦克菲迪恩 饰）打破了她们一家人单调的乡村生活。宾格来和伊丽莎白的姐姐简·班纳特互生情愫；达西对善良聪明的伊丽莎白产生了好感，而伊丽莎白却对达西不可一世的傲慢心存偏见，不接受他的感情。然而，世事难料，宾格来和简·班纳特因为误会，关系危在旦夕；达西的种种作为，展示了性格中和伊丽莎白相同的善良一面，逐渐赢得了伊丽莎白的好感。两对有情人能否终成眷属？班纳特姐妹们能否得到自己想要的生活？简·奥斯汀笔下十九世纪初英国乡村生活和社会风貌，重新展现在大银幕上。', 8.7, 'yes');
INSERT INTO `film` VALUES ('新世界 신세계', 150, 988, 651, 2013, 20138, '金门集团会长、暴力组织在虎派大佬石东出遭遇车祸身亡，该事件在黑白两道引起不小震荡。为了遏制金门集团进一步向合法领域渗透并持续壮大，警方及时提出“新世界计划”，旨在干预金门集团继任大佬的选举。而围绕会长头衔，金门旗下三号人物华侨出身的丁青（黄正民 饰）和四号人物常务理事李仲久（朴圣雄 饰）展开一连串明争暗斗。在危机四伏的当下，警方姜科长（崔岷植 饰）命令卧底十年之久的李子成（李政宰 饰）左右选举结果。子成六年前和丁青结识，并且得到对方的器重和信任。早已厌倦黑道生活的子成无奈受命，却无疑将自己投入了凶险非常的黑色漩涡之中。充满鲜血与欲望的战场，新世界何日来临？', 8.9, 'no');
INSERT INTO `film` VALUES ('萤火之森 蛍火の杜へ', 847, 97, 900, 2011, 20139, '某年夏天，6岁小女孩竹川萤来到爷爷家度假，她闯进了传说住满妖怪的山神森林。正当她因为迷路而焦急万分的时候，一个戴着狐狸面具的大男孩出现在她面前，并引领着萤找到回家的路。虽然萤分外感激，可是男孩却禁止她碰触自己的身体，原来这名叫银的男孩并非人类，他一旦被人类碰触就会烟消云散。在此后的日子里，萤和银成为好朋友，他们走遍了森林的每一个角落玩耍。日复一日，年复一年，每到夏天的时候萤就会如约来到森林和好朋友见面。她遵守着和银的约定，无论如何也不碰触银的身体。随着年龄的增长，萤和银对彼此的情感都悄悄发生了变化，他们共同期待相聚的日子，共同期待拥抱对方……本片根据绿川幸的原作改编。', 8.9, 'yes');
INSERT INTO `film` VALUES ('釜山行 부산행', 861, 550, 405, 2016, 20140, '证券公司基金管理人石宇（孔侑 饰）光鲜精干，却也是个重利轻义之徒。妻子为此与之决裂，女儿秀安（金秀安 饰）则对如此自私的父亲越来越失望，决定前往釜山和母亲生活。在秀安生日这天，石宇抽出时间陪伴女儿登上开往釜山的特快列车。而与此同时，城市四处出现了极为可疑的暴动事件。政府极力洗白无法掩盖丧尸肆虐的事实，即便懵然无知的列车乘客也因为不速之客的到来而堕入恐慌绝望的地狱中。开车的刹那，一名感染者冲入车厢，而她很快尸变并对目光所及之处的健康人展开血腥屠杀。未过多久，丧尸便呈几何数爆发性地增长。石宇被迫和幸存者的乘客们在逼仄的空间中奋力求生。通往釜山的遥遥旅途布满杀机，危难时刻每个幸存者的人性也承受巨大的考验……', 8.6, 'yes');
INSERT INTO `film` VALUES ('被解救的姜戈 Django Unchained', 808, 342, 989, 2012, 20141, '1858年，美国南北战争前两年。德国赏金猎人金·舒尔茨（克里斯托弗·瓦尔兹 Christoph Waltz饰）从贩奴商人手中买下黑奴姜戈（杰米·福克斯 Jamie Foxx饰），让其重获自由。舒尔茨实则是要把姜戈培养成无法无天的赏金猎人，为其缉拿各种通缉犯以换取报酬。姜 戈的唯一条件是：从暴虐的糖果庄园主卡尔文·坎迪（莱昂纳多·迪卡普里奥 Leonardo DiCaprio饰）手中解救出自己的妻子布鲁姆希尔达（凯丽·华盛顿 Kerry Washington饰）。本片是昆汀向1966年由塞吉奥·考布西执导的经典意大利西部片《迪亚戈》的致敬之作。鬼才导演痞子昆丁三年磨一剑，继《无耻混蛋》后又一巨制力作。本片延续昆汀一贯低调奢华的风格，处处可见奇思妙想的幽默元素和血腥野性的动作场面，更有强档群戏，豪华卡司，可谓看点十足。《被解放的姜戈》荣获第85届奥斯...', 8.8, 'yes');
INSERT INTO `film` VALUES ('茶馆', 592, 66, 536, 1982, 20142, '世纪之交，古老的中国正迎来前所未有的巨大变革。老态龙钟的大清王朝摇摇欲坠，六君子的鲜血无法阻止历史车轮的滚动，老北京城的上空风云变幻，波谲云诡。王利发（于是之 饰），北京城内裕泰茶馆的年轻掌柜。他谨记父亲的教诲，体面周全地迎送四方宾客。小小的茶馆内，三教九流各色人等穿梭于此：提笼架鸟哀叹时运的松二爷（黄宗洛 饰）；慨叹国之将亡的刚毅满人常四爷（郑榕 饰）；一心谋求实业救国的秦仲义（蓝天野 饰）；丧尽天良买卖人口的刘麻子（英若诚 饰）；打算娶老婆的庞太监（童超 饰）……你方唱罢我登场，小小茶馆之内演尽世间的沧桑与凄凉……本片根据老舍同名原著改编，并1983年第3届中国电影金鸡奖特别奖、文化部1982年优秀影片奖特别奖。', 9.6, 'no');
INSERT INTO `film` VALUES ('神偷奶爸 Despicable Me', 370, 44, 544, 2010, 20143, '超级坏蛋格鲁（史蒂夫·卡瑞尔 Steve Carell 配音）在听说埃及金字塔被盗的新闻后不满市面上新贼辈出，决定在纳法利欧博士（拉塞尔·布兰德 Russell Brand 配音）的帮助下建造火箭升空盗取月亮。在向坏蛋银行贷款的过程中，格鲁盗取的收缩射线枪被新贼维克托（杰森·席格尔 Jason Segel 配音）抢走。为了夺回收缩射线枪，格鲁决定领养三位孤儿——玛戈（米兰达·卡斯格拉夫 Miranda Cosgrove 配音）、伊迪丝（达娜·盖伊 Dana Gaier 配音）和阿格蕾丝（埃尔希·费舍 Elsie Fisher 配音），利用她们进入维克托的城堡兜售饼干的机会实施偷盗，计划成功后再偷偷处理掉三个小孩。然而在平凡的日常相处中，格鲁却发现自己越来越离不开这三个小鬼，但这样的感情用事却将严重影响周密的盗月计划……', 8.7, 'yes');
INSERT INTO `film` VALUES ('告白', 112, 976, 268, 2010, 20144, '一所平凡的中学，1年B组即将迎来春假。不知天高地厚的学生们肆意吵闹，殊不知一场绵亘数月的风暴正向他们袭来。级任教师森口悠子（松隆子 饰）全然无视这片混乱，静静地向学生们做出最后的告白。这个单亲妈妈独自抚养着可爱的女儿（芦田爱菜 饰），然而女儿最终在游泳池中溺水身亡。警察 认定这是一起意外，森口则认定女儿死于班上两个学生之手。她不动声色地指责着犯人A和B，并宣布用自己的方式进行复仇。在此之后，森口辞去教师职务，1年B班的学生也心怀惴惴迎来了春假。新学期开始，残酷的风暴袭向了这群无知无畏的少男少女……本片根据湊かなえ的原作改编，并成为2010年电影旬报十佳影片；第34届日本电影学院奖最佳作品、最佳导演、最佳剧本和最佳剪辑4项大奖。', 8.8, 'yes');
INSERT INTO `film` VALUES ('玛丽和马克思 Mary and Max', 847, 14, 504, 2009, 20145, '1976年，8岁的玛丽·黛西·丁格尔（贝丝妮·惠特摩尔 Bethany Whitmore 配音）是澳大利亚墨尔本的一个小女孩，喜欢动画片“诺布利特”、甜炼乳和巧克力。玛丽的妈妈是个酒鬼，而在茶叶包装厂工作的父亲平日只喜欢制作鸟标本。孤独的玛丽没有朋友，某一天心血来潮给美国纽约市的马克思·杰瑞·霍罗威茨（菲利普·塞默·霍夫曼 Philip Seymour Hoffman 配音）写了一封信询问美国小孩从哪里来，并附上一根樱桃巧克力棒。44岁的马克思患有自闭症及肥胖，碰巧也喜欢看“诺布利特”动画片及吃巧克力。二人的笔友关系从1976年维持到1994年，期间各自经历了许多人生起伏，直到成年的玛丽（托妮·科莱特 Toni Collette 配音）终于来到纽约看望马克思……本片获2009年法国昂锡国际动画影展最佳动画长片奖，柏林国际电影节水晶熊奖及渥太华国际动...', 9, 'no');
INSERT INTO `film` VALUES ('哪吒闹海', 475, 715, 831, 1979, 20146, '商末时期，陈塘关总兵李靖的夫人怀胎3年6个月，最终生下一个肉球，肉球中跳出一个伶俐可爱的男孩。李靖原当他是妖孽欲杀之而后快，幸太乙真人前来收之为徒，赐名哪吒，并赐以乾坤圈和混天绫两件宝贝。某年，天下大旱，甘露未降。哪吒和家将到东海洗澡玩耍。他用混天绫搅动海水，撼动龙宫，惹出巡海夜叉李艮和龙王三太子敖丙。几番言语不和，哪吒杀此二人，由此闯下通天大祸。四海龙王齐聚陈塘关索命，为救一方百姓，哪吒决定交出生命……本片根据《封神演义》故事改编，并荣获1980年电影百花奖最佳美术片奖；文化部1979年优秀影片奖、青年优秀创作奖；1983年菲律宾马尼拉国际电影节特别奖；1988年法国布尔波拉斯文化俱乐部青年国际动画电影节评委奖和宽银幕长动画片奖。', 9.2, 'no');
INSERT INTO `film` VALUES ('色，戒', 63, 614, 507, 2007, 20148, '本是岭南大学学生的王佳芝（汤唯 饰）因战争辗转到了香港读书，她在香港大学加入了爱国青年邝裕民（王力宏 饰）组织的话剧组，他们主演的爱国话剧更激起了他们的爱国情操。当邝裕民得知汪伪政府的特务头子易先生（梁朝伟 饰）正在香港的时候，他们便密谋要刺杀易先生。化名“麦太太”的王佳芝很快得到了易太太（陈冲 饰）的信任与喜爱，同时美丽的“麦太太”也吸引了易先生的眼球，正当事情进行得如火如荼之际，易先生突然要回到上海去。此后王佳芝一直生活在上海，没想到重遇了邝裕民。当得知刺杀行动还没结束时，王佳芝再次成为了特务，再次以“麦太太”的身份出现在易先生的面前。重逢后的二人关系进一步发展，此时的易先生因爱上了王佳芝而对她毫无忌讳，王佳芝的内心也变得起伏不定。刺杀行动进行正顺利，但当易先生送给王佳芝璀璨钻戒表达爱意时，王佳芝做出了惊人的决定……', 8.7, 'no');
INSERT INTO `film` VALUES ('九品芝麻官', 233, 437, 311, 1994, 20149, '包龙星（周星驰 饰）用钱买来了一个候补知县的职位，可是为人贪婪，县上的人都对他痛恨之极。在他代替正式知县的时候，戚家媳妇戚秦氏（张敏 饰）遭到了常威( 邹兆龙 饰 )的强暴，后来常威动了杀机把戚家上下都杀害了，更嫁祸于戚秦氏。常威是水师提督大人的儿子，请来大状方唐镜（吴启华 饰），收买了所有证人以便洗脱罪名。包龙星虽然极力寻找证据，也被迫害至落难他乡。他决定要上京告御状，后来他因没钱不得不在妓院打工，向老板娘学习了一身斗嘴的好功夫。他在妓院里误打误撞认识了皇上，帮助皇上有功他被封了大官，重审戚家被害的案件。他凭着聪慧与口才，全力为戚秦氏讨回公道。', 8.7, 'no');
INSERT INTO `film` VALUES ('喜宴 囍宴', 644, 953, 257, 1993, 20150, '伟同（赵文瑄）是事业有成的男同志，与男友赛门（Mitchell Lichtenstein）在美国过着幸福的同居日子，烦恼来自要用各种招数应对远在台北的父（郎雄）母（归亚蕾）的一次次逼婚。伟同被逼以“乖乖仔”形象修书一封声称会在美国结婚，没料父母想亲眼见证。无奈，他只得拉上来自上海的不得志的女艺术家葳葳（金素梅）“假婚”，想逃过一劫。父母对葳葳相当满意，却对伟同的草率态度不满，为让父母满意尽快返回台北，伟同犹如“拼命三郎”使出了浑身解数。但人算不如天算，不断的波折使得父母的返台日期一次次推迟，令他和赛门的感情亮起“红灯”，而葳葳又意外怀上了他的孩子。似乎，伟同在强大的父母（传统）面前，只能选择去做一个 “表面正常”的男人。', 9, 'yes');
INSERT INTO `film` VALUES ('模仿游戏 The Imitation Game', 997, 118, 776, 2014, 20151, '二战期间，盟军苦于德国的秘密系统“英格玛”无法破译，政府召集了一批民间数学家、逻辑学家进行秘密破解工作，图灵（本尼迪克特·康伯巴奇 Benedict Cumberbatch 饰）就是其中之一。计划刚开始图灵遭到了以休（马修·古迪 Matthew Goode）为首的组员和 领导的排斥，幸好军情处部长孟席斯（马克·斯特朗 Mark Strong 饰）帮助他立项研究破译密码的机器，而图灵则变成了负责人，招收了新的成员琼（凯拉·奈特莉 Keira Knightley）开始了艰难的工作。琼很快就迷上了图灵，由于她的帮助所有组员空前的团结，并于两年后成功破解德军的密码。图灵一度与琼订婚，但实际上他隐瞒了一个秘密，因为这个秘密他也遭受了非人的待遇……本片改编自安德鲁·霍奇斯编著的《艾伦·图灵传》，上映后获得了第87届奥斯卡最佳改编剧本奖。', 8.8, 'no');
INSERT INTO `film` VALUES ('头号玩家 Ready Player One', 714, 61, 234, 2018, 20152, '故事发生在2045年，虚拟现实技术已经渗透到了人类生活的每一个角落。詹姆斯哈利迪（马克·里朗斯 Mark Rylance 饰）一手建造了名为“绿洲”的虚拟现实游戏世界，临终前，他宣布自己在游戏中设置了一个彩蛋，找到这枚彩蛋的人即可成为绿洲的继承人。要找到这枚彩蛋，必须先获得三把钥匙，而寻找钥匙的线索就隐藏在詹姆斯的过往之中。韦德（泰尔·谢里丹 Tye Sheridan 饰）、艾奇（丽娜·维特 Lena Waithe 饰）、大东（森崎温 饰）和修（赵家正 饰）是游戏中的好友，和之后遇见的阿尔忒弥斯（奥利维亚·库克 Olivia Cooke 饰）一起，五人踏上了寻找彩蛋的征程。他们所要对抗的，是名为诺兰索伦托（本·门德尔森 Ben Mendelsohn 饰）的大资本家。', 8.7, 'yes');
INSERT INTO `film` VALUES ('花样年华 花樣年華', 915, 498, 808, 2000, 20154, '1960年代的香港，报馆编辑周慕云（梁朝伟 饰）与太太搬进一间住户多是上海人的公寓，和某家日资公司的贸易代表陈先生与太太苏丽珍（张曼玉 饰）成了邻居。因为发现各自在外工作的配偶背着他们有了婚外情，周慕云和苏丽珍开始见面商讨未来可能发生的事情以及相应对策。起初两人是君子之交淡如水就事谈事，可是日子一日接一日过去后，在周围一帮上海邻居的闲言碎语中，他们发现配偶的事早空出了他们的脑袋，彼此眼里只剩下了对方，而刻意回避已生出的感情的结果，是更加刻骨的相思。', 8.8, 'no');
INSERT INTO `film` VALUES ('头脑特工队 Inside Out', 95, 924, 7, 2015, 20155, '可爱的小女孩莱莉（凯特林·迪亚斯 Kaitlyn Dias 配音）出生在明尼苏达州一个平凡的家庭中，从小她在父母的呵护下长大，脑海中保存着无数美好甜蜜的回忆。当然这些记忆还与几个莱莉未曾谋面的伙伴息息相关，他们就是人类的五种主要情绪：乐乐（艾米·波勒 Amy Poehl er 配音）、忧忧（菲利丝·史密斯 Phyllis Smith 配音）、怕怕（比尔·哈德尔 Bill Hader 配音）、厌厌（敏迪·卡灵 Mindy Kaling 配音）和怒怒（刘易斯·布莱克 Lewis Black 配音）。乐乐作为团队的领导，她协同其他伙伴致力于为小主人营造更多美好的珍贵回忆。某天，莱莉随同父母搬到了旧金山，肮脏逼仄的公寓、陌生的校园环境、逐渐失落的友情都让莱莉无所适从，她的负面情绪逐渐累积，内心美好的世界渐次崩塌。为了保护这一切，乐乐只有行动起来……', 8.8, 'no');
INSERT INTO `film` VALUES ('我是山姆 I Am Sam', 967, 494, 859, 2001, 20156, '在星巴克工作的山姆（西恩•潘 Sean Penn 饰），虽已成人，但智力水平只有7岁。一次偶然，他收留了一个流浪女。该女子帮山姆生下了一个女儿后消失得无影无踪。他给女儿取名叫露西（达科塔•范宁 Dakota Fanning 饰），因为他最喜欢甲壳虫乐队的《天空中戴钻石 的露西》。他非常疼爱自己的孩子。露西在山姆的细心呵护下慢慢地长大了，她发现爸爸不能看懂稍微复杂一些的故事。她在拒绝长大，希望和爸爸一样。父女俩的生活是那么幸福。地区的教育官员发现了这个特殊的家庭，他们认为山姆没有能力照顾露西，于是把露西带走了。伤心极了的山姆一心要挣回露西的抚养权，于是他自以为是的去找该地区最好的律师……', 9, 'yes');
INSERT INTO `film` VALUES ('七武士 七人の侍', 39, 124, 185, 1954, 20158, '日本战国时代，一小山村面临着山贼的威胁，为了保护秋天的收成，村中长老决定让去请武士来保护村子安全，但只能拿出的报酬是一天三顿的白米饭。在城里，他们遭到了武士白眼甚至被打。直到勘兵卫（志村乔饰）的出现，他现今已沦为浪人，几经考虑最后答应了。他对农民说至少需要七名武士，于是久藏（宫口精二饰）、胜四郎（木村功饰）、五郎（稻叶义男饰）、七郎（加东大介饰）、平八（千秋实饰）和菊千代（三船敏郎饰）等六人也加入了队伍，七个人肩负保卫村子的任务。整个防御准备的过程中，武士与农民间发生许多摩擦也闹出不少笑话。而在一次偷袭行动中，有武士为救农民被火枪打死，很快山贼的反扑随之而来，一场恶战即将开始。', 9.3, 'yes');
INSERT INTO `film` VALUES ('血战钢锯岭 Hacksaw Ridge', 596, 370, 879, 2016, 20159, '1945年，第二次世界大战接近尾声，作为邪恶轴心重要成员的日本，其嚣张态势已成强弩之末。是年，决定战局走向的冲绳岛战役拉开序幕，成千上万斗志昂扬的美国大兵被派往冲绳，等待他们的则是敌军重兵防守、凶险异常的钢锯岭。在这群人中间，却有一个不愿拿起武器的军医。他名叫戴斯蒙德·道斯（安德鲁·加菲尔德 Andrew Garfield 饰），来自美国的弗吉尼亚。太平洋爆发之际，瘦弱的戴斯蒙德志愿成为救死扶伤的军医而应征入伍。可因童年和家庭的原因，他始终不愿拿起枪支操练，为此宁愿背上拒服兵役的罪名被送上军事法庭。几经周折，戴斯蒙德最终和战友来到了钢锯岭。枪林弹雨，转瞬之间无数人应声倒地。在信仰和信念的支持下，戴斯蒙德仅凭一己之力拯救了数十条濒死的生命……本片根据真人真事改编。', 8.7, 'yes');
INSERT INTO `film` VALUES ('恐怖直播 더 테러 라이브', 285, 209, 655, 2013, 20160, '韩国首尔某个平凡的早上，广播电台Daily Topic节目的主持人尹英华（河正宇 饰）正就税率改革与听众进行连线，这时一个自称住在首尔昌信洞的普通工人朴鲁圭打入电话，大肆抱怨超高的电费和相关部门对他的威胁。尹英华颇不耐烦，以偏离主题为由强行切断电话。谁知连线无法单方面由电台方面中断，愤怒的朴鲁圭继续抱怨，并扬言炸掉汉江大桥。尹英华不以为然，进而怂恿对方想做就做，谁知话音刚落，窗外的麻浦大桥便炸作废墟。大惊失色的尹英华很快冷静下来，他决定利用这次难得的机会打一次事业的翻身仗。在他的主持下，针对恐怖分子的连线直播就此展开，无关良知的节目拉开帷幕……', 8.7, 'no');
INSERT INTO `film` VALUES ('惊魂记 Psycho', 728, 491, 159, 1960, 20161, '年轻的马里恩·克兰（珍妮特·利 饰）在Phoenix工作，深受老板洛厄里（沃恩·泰勒 饰）信任。男友萨姆·卢米斯（约翰·加文 饰）在Fairvale经营一家五金店，因要替亡父还债又要支付前妻赡养费而无力再婚，只能借出差的机会偶尔来与马里恩幽会。马里恩对此感到不满，于是在周五下午趁机携四万美元公款驾车潜逃。可是马里恩的潜逃之路并不顺利：先是在出城的时候被洛厄里目击，周六一大早又被警察怀疑。花了七百美元以旧车换新车之后，马里恩继续忐忑地行驶。入夜后，天降大雨，视线模糊，无法行驶，马里恩只得将车泊入路边的贝茨汽车旅馆投宿。老板诺尔曼（安东尼·珀金斯 饰）十分友善，试图邀请马里恩到家里共进晚餐，可惜被凶恶的母亲粗暴阻止，只得将晚餐端至旅馆客厅。马里恩在客厅一边进餐一边与诺尔曼交谈，终于决定周日返回Phoenix。用餐完毕，马里恩回房沐浴。这时，一个老妇的身影...', 9, 'yes');
INSERT INTO `film` VALUES ('黑客帝国3：矩阵革命 The Matrix Revolutions', 452, 994, 285, 2003, 20162, '第二集中，尼奥（基努·里维斯 Keanu Reeves 饰）没有能从内部摧毁“母体”，他的身体在真实世界的飞船上陷于昏迷，思想却被困在介于“母体”和真实世界的中间地带，这个地方由“火车人”控制。墨菲斯（劳伦斯·菲什伯恩 Laurence Fishburne 饰）和崔妮蒂（凯瑞-安·莫斯 Carrie-Anne Moss 饰）等人知道了尼奥的情况，在守护天使的带领下， 找到了“火车人”的控制者梅罗纹奇，经过一番激斗，将尼奥救了出来。此时，电子乌贼部队对锡安发起了猛烈的攻击，人类组织所有机甲战士展开顽强的抵抗，形势危在旦夕；尼奥和崔妮蒂驾驶了一艘飞船克服重重困难，到达机器城市，尼奥终于见到了机器世界的统治者“机器大帝”，双方谈判并达成了协议：尼奥除掉不受“母体”控制的史密斯，以换取锡安的和平。在“母体”中，尼奥和史密斯展开了关系人类生死存亡的最后决斗...', 8.8, 'yes');
INSERT INTO `film` VALUES ('你的名字。 君の名は。', 675, 124, 528, 2016, 20163, '在远离大都会的小山村，住着巫女世家出身的高中女孩宫水三叶（上白石萌音 配音）。校园和家庭的原因本就让她充满烦恼，而近一段时间发生的奇怪事件，又让三叶摸不清头脑。不知从何时起，三叶在梦中就会变成一个住在东京的高中男孩。那里有陌生的同学和朋友，有亲切的前辈和繁华的街道，一切都是如此诱人而真实。另一方面，住在东京的高中男孩立花泷（神木隆之介 配音）则总在梦里来到陌生的小山村，以女孩子的身份过着全新的生活。许是受那颗神秘彗星的影响，立花和三叶在梦中交换了身份。他们以他者的角度体验着对方的人生，这期间有愤怒、有欢笑也有暖心。只是两人并不知道，身份交换的背后隐藏着重大而锥心的秘密……本片为2016年度日本本土影片票房冠军。', 8.5, 'yes');
INSERT INTO `film` VALUES ('三块广告牌 Three Billboards Outside Ebbing, Missouri', 530, 904, 206, 2017, 20165, '米尔德雷德（弗兰西斯·麦克多蒙德 Frances McDormand 饰）的女儿在外出时惨遭奸杀，米尔德雷德和丈夫查理（约翰·哈克斯 John Hawkes 饰）之间的婚姻因此走到了尽头，如今，她同儿子罗比（卢卡斯·赫奇斯 Lucas Hedges饰）过着相依为命的生活。一晃眼几个月过去了，案件仍然没有告破预兆，而警方似乎早已经将注意力从案子上转移了开来。被绝望和痛苦缠绕的米尔德雷德租下了高速公路边上的三块巨型广告牌，在上面控诉警方办案无能，并将矛头直接对准了警察局局长威洛比（伍迪·哈里森 Woody Harrelson 饰）。实际上，威洛比一直隐瞒着自己身患绝症命不久矣的事实。因为这三块广告牌，米尔德雷德和威洛比的生活发生了翻天覆地的变化。', 8.7, 'no');
INSERT INTO `film` VALUES ('达拉斯买家俱乐部 Dallas Buyers Club', 198, 180, 828, 2013, 20166, '1986年美国达拉斯市，恐同的德州电工罗恩·伍德鲁夫（马修·麦康纳 Matthew McConaughey 饰）发现自己患上“同志病”——艾滋，生命只剩30天。他使用的AZT（叠氮胸苷）是当时美国药管局唯一批准面市的抗艾药物，但毒性极大。为了活下去，罗恩开始研究各种抗艾 处方和替代疗法，甚至走私来自世界各地未经批准的药物。在医生萨克斯（詹妮弗·加纳 Jennifer Garner 饰）和异装癖同性恋雷蒙（杰瑞德·莱托 Jared Leto 饰）的帮助下，罗恩开始成立了一个叫做“达拉斯买家俱乐部”的地下组织，为艾滋病人提供更多“非常规疗法”，很多患病的男同性恋亦求助于他。他的举动自然受到了药管局和药商的阻挠和施压。罗恩最终在1992年9月去世，离他被告知只剩30天可活已经过去了2557天。在这近7年时间里，他坚持不懈的与病魔、与药管局及制药商进行艰苦的...', 8.8, 'no');
INSERT INTO `film` VALUES ('心迷宫', 722, 942, 741, 2014, 20167, '河南中原某个平凡的小山村，清早起来突然多出一具烧焦的尸体，这个消息很快传遍全村。村中妙龄女孩黄欢（罗芸 饰）同时失踪，由于弟弟被黄欢甩掉后酗酒意外身亡，王宝山前一日当众宣称要让黄欢偿命。因此，众人一度以为这是女孩的尸体。可是尸体的男性特征又打破了这个猜测。紧接着，尸体身上发现未烧毁的身份证，其身份指向了村花丽琴（孙黎 饰）的丈夫陈自立。哪曾想葬礼进行中途，丽琴又接到另一处打来的电话，通知她其丈夫意外身亡。这一次，焦尸的身份再度变得扑朔迷离。一向正气凛然的村长（霍卫民 饰）试图查明真相，然而却朝着更为黑暗的方向沉了下去……', 8.7, 'no');
INSERT INTO `film` VALUES ('疯狂原始人 The Croods', 538, 388, 444, 2013, 20168, '原始人咕噜一家六口在老爸Grug（尼古拉斯·凯奇 Nicolas Cage 配音）的庇护下生活。每天抢夺鸵鸟蛋为食，躲避野兽的追击，每晚听老爸叙述同一个故事，在山洞里过着一成不变的生活。大女儿Eep（艾玛·斯通 Emma Stone 配音）是一个和老爸性格截然相反的充满好奇心的女孩，她不满足一辈子留在这个小山洞里，一心想要追逐山洞外面的新奇世界。没想到世界末日突然降临，山洞被毁，一家人被迫离开家园，展开一场全新的旅程。离开了居住了“一辈子”的山洞，展现在他们眼前的是一个崭新绚丽却又充满危险的新世界，到处都是食人的花草和叫不出名字的奇异鸟兽，一家人遇到了全所未有的危机。在旅途中，他们还遇到了游牧部落族人Guy（瑞恩·雷诺兹 Ryan Reynolds 配音），他有着超凡的创造力和革新思想，帮助咕噜一家躲过了重重困难，途中他还发明了很多“高科技”产品，...', 8.7, 'yes');
INSERT INTO `film` VALUES ('谍影重重3 The Bourne Ultimatum', 636, 729, 640, 2007, 20169, '失去了心爱的女人，波恩（马特•戴蒙 饰）面临更为艰难的日子，他努力回忆，却只能在睡梦中被脑海里一知半解的闪回所惊醒，依然无法记起自己的身份。但是波恩注定不是平凡人，不等他冷静下来好好“寻找回”自己真正的身份，中情局派出的杀手又接踵而至。在接连的几次较量之后，杰森•伯恩终于被彻底激怒，决定反戈一击——他主动追击杀手，到过莫斯科、马德里。巴黎，也在伦敦和丹吉尔做过停留。随着问题一个一个解决，杰森回到了纽约，在那里，他将会找到一切的答案，寻回自己的身份。', 8.8, 'yes');
INSERT INTO `film` VALUES ('英雄本色', 483, 108, 319, 1986, 20170, '香港某个国际伪钞集团重要分子宋子豪（狄龙 饰）和Mark（周润发 饰）情同手足，某次宋子豪带手下谭成（李子雄 饰）去台北交易时被其出卖受枪伤被捕入狱，为替好兄弟报仇，Mark孤身赴台，结果被人打成瘸子，江湖地位自此一落千丈，而宋子豪的父亲也在不久丧命。 一向视宋子豪为偶像的宋子杰（张国荣 饰）得知哥哥的真实身份后，对黑社会及他恨之入骨，立誓利用警察身份将黑帮势力斩草除根，宋子豪出狱后不顾苦等他想重创辉煌的Mark的劝阻，决心弃暗投明，无奈得不到宋子杰的谅解。而此时已成帮会老大的谭成欲找宋子豪再合作，遭拒绝后放言会害宋子杰，被逼走投无路，宋子豪决定再与Mark连手共抗强敌。', 8.6, 'no');
INSERT INTO `film` VALUES ('上帝之城 Cidade de Deus', 619, 703, 449, 2002, 20171, '巴西里约热内卢的贫民窟，这里是“上帝之城”，更是魔鬼也会叹息着转身的地方。阿炮（Alexandre Rodrigues 饰）带着我们到了这里，他见证了这里二十多年来被残暴、贪婪、复仇、野心、背叛、掠夺所裹挟的混乱生活以及最终导致的一场灾难性的黑帮争斗。虽然从小就要 辗转于匪徒间求生存，但胆小怕事的性格与自我保护的本能却使他一直能平安度日。60年代初，阿毛、阿夹和阿呆是这里的“少年三侠”，在抢劫完旅馆之后，他们三人分道扬镳，阿夹重回上帝的怀抱，而阿呆和阿毛纷纷付出了生命的代价。70年，当年“少年三侠”手下的小弟小豆子（Douglas Silva 饰）靠着自己的心狠手辣，不停地吞并别人的地盘，成为了贫民区的“小霸王”，生意也从抢劫升级到了更为暴利的毒品买卖，和他一起飞黄腾达的还有班尼（Phellipe Haagensen 饰）。班尼认识了美丽的安...', 9, 'no');
INSERT INTO `film` VALUES ('风之谷 風の谷のナウシカ', 492, 756, 399, 1984, 20172, '工业文明的高度发展，却最终带来灾难，一场为期7天的虫族毁灭战争摧毁了人类文明。一千年后，工业文明遗留下来的症结仍在困扰这个星球。带有强烈毒性的植物组成了令人望而却步的“腐海”森林，随着时间的推移，腐海有条不紊地向四周蔓延，蚕食周边世界。在一片腐海森林的旁边，居住着一群御风而行的人类。女主角娜乌茜卡和族人依靠海风的力量抵御着有毒孢子的侵蚀，过着平静祥和的生活。直到某一天，战火烧到了这里。西方强国特洛梅意欲重新建立人类霸权，他们计划统一周边诸国，然后向虫族发起总攻。另一方面，一千年前曾主导摧毁人类的上古怪兽“猛怪”重现人间。毁灭战争一触即发，人类的命运将会如何……本片根据宫崎骏同名漫画改编，并分获1985年罗马奇幻电影节和1985年电影旬报最佳影片奖、1985年每日电影大藤信郎奖。', 8.9, 'no');
INSERT INTO `film` VALUES ('纵横四海 緃横四海', 465, 72, 473, 1991, 20173, '砵仔糕（周润发 饰）、阿占（张国荣 饰）和红豆（钟楚红 饰）均是孤儿，在养父（曾江 饰）栽培下成为国际大盗。长大后成了帮他赚钱的艺术品大盗，而三人同时又认了警察（朱江 饰）为干爹。法国巴黎博物馆内，名画《赫林之女仆》被人盗走。与此同时，阿海、阿占和红豆三人以敏捷身手盗得另一幅名画，在与法国大哥交易时得知名画《赫林之女仆》在妖气重重的古堡内，他们在曾江安排下成功地盗取此画之后，反被集团原凶曾江与法国大哥合谋设下陷阱，派人追杀灭口。阿海驾车与杀手快艇相撞……三人失散，数年后，他们在香港重聚，阿海“瘫痪”住在朱江家里，阿占和红豆已经结婚了。曾江又逼他们去偷画……', 8.8, 'yes');
INSERT INTO `film` VALUES ('卢旺达饭店 Hotel Rwanda', 132, 527, 631, 2004, 20175, '1994年卢旺达宣布独立后，胡图族与图西族两部族之间矛盾重重，多次发生冲突，战事持续不断。胡图族大肆屠杀图西族人，在这种背景下，卢旺达饭店经理保罗一直四面奔走，最终成功挽救了饭店里一千多名图西族和胡图族难民。', 8.9, 'yes');
INSERT INTO `film` VALUES ('海街日记 海街diary', 108, 306, 163, 2015, 20176, '临海古都镰仓，顺山而成的小镇，不起眼的角落里生活着香田家四姐妹。她们的父亲早年和情人离家出走，母亲则干脆将女儿们抛给了外婆照顾。外婆去世后，外孙女们继承了这栋有着悠久历史的大房子。过早担负起家庭重任的大姐香田幸（绫濑遥 饰），尽心尽力照顾着两个妹妹佳乃（长泽雅美 饰）、千佳（夏帆 饰）健康成长。这一天，父亲去世的消息传到姐妹手中。她们结伴而行参加了父亲的葬礼，并且结识了从未谋面的异母妹妹浅野铃（广濑丝丝 饰）。许是血缘中的亲近之感，幸在临行前邀请铃搬来镰仓同住。未过多久，抱着对姐姐们的憧憬，铃迈入了父亲曾经生活过的房子。四季流转，姐妹们的故事悄然上演……本片根据吉田秋生的同名漫画改编。', 8.8, 'no');
INSERT INTO `film` VALUES ('绿里奇迹 The Green Mile', 857, 615, 600, 1999, 20177, '狱监保罗（汤姆•汉克斯 Tom Hanks 饰）这天迎来了一位不平凡的杀人犯――约翰•考夫利（迈克•克拉克•邓肯 Michael Clarke Duncan 饰）。约翰因杀了两名幼女被判死刑来到了这座著名的冷山监狱，监狱里有一片称为“绿里”的绿地，绿地那头就是刑场。约翰不仅不像想象中的凶残，相反，他出奇的温厚、机智。约翰的到来给狱中的各人带来了天翻地覆的变化：为老囚犯特里沃的小老鼠注入了生命的强度，给特里沃最后的人生带来最后的慰籍；神奇的拯救了被病痛折磨的保罗和马琳达；将金保斯从死神手中拉了回来……保罗这些天也从约翰身上看到了人生的真谛。约翰行刑的那天终于到了。', 8.9, 'no');
INSERT INTO `film` VALUES ('小丑 Joker', 963, 935, 207, 2019, 20178, '湿冷无望的哥谭市，卑微的亚瑟·弗兰克（华金·菲尼克斯 Joaquin Phoenix 饰）依靠扮演小丑赚取营生。与之相依为命的母亲患有精神疾病，而亚瑟深记母亲的教诲，无论遭受怎样的挫折都笑对人生，却因此让自己背负着莫大的压力，濒临崩溃。他梦想成为一名脱口秀演员，怎奈生活一次次将失望狠狠地砸在他的头上。不仅如此，他因意外丢掉了工作，偶然瞥见母亲的秘密，又使他心中燃起对那个与之地位悬殊却从未谋面的父亲的殷切渴望。命运习惯了事与愿违，空荡荡的地铁内，悲伤的小丑在无法自已的癫狂笑声中大开杀戒……本片荣获第76届威尼斯电影节金狮奖。', 8.7, 'yes');
INSERT INTO `film` VALUES ('记忆碎片 Memento', 553, 433, 392, 2000, 20179, '当记忆支离破碎后，你该怎样面对生活？本片的主人公就遭遇了这样的事情。莱纳•谢尔比（盖伊•皮尔斯 饰）在家遭到歹徒的袭击，妻子被残忍的奸杀，自己脑部也受到严重的伤害。醒来后，他发现自己患了罕见的“短期记忆丧失症”，他只能记住十几分钟前发生的事情，为了让生活继续下去，更为了替惨死的妻子报仇，他凭借纹身、纸条、宝丽来快照等零碎的小东西，保存记忆，收集线索，展开了艰难的调查。调查中，莱纳遇上粗俗的酒吧女招待娜塔莉娅(凯瑞•安妮•莫斯 饰)，她似乎知道一些莱昂纳多感兴趣的事；还有泰迪(乔•潘托利亚诺 饰)，自称是他以前好朋友，但看上去鬼鬼祟祟的，不怀好意。到底谁能相信？娜塔莉娅？泰迪？还是他自己？抽丝剥茧之后，真相呼之欲出，简单之至却又残酷无比，而莱纳是否有面对这一切的勇气？', 8.7, 'no');
INSERT INTO `film` VALUES ('背靠背，脸对脸', 46, 799, 234, 1994, 20180, '王双立（牛振华 饰）是某地文化馆的代馆长，这个馆长一代就是好几年，想升也升不上去，却也没有其他变动。不料一天，来了新的文化馆长老马（雷恪生 饰），这让王双立离正馆长的距离更远了。新馆长老马原是个副乡长，王双立认为他是个土包子，心里很是不以为然，利用自己对文化馆人际关系熟 悉的优势，想方设法给老马出难题。经过几轮较量，老马终于被挤走，王双立又成了代馆长，再次受领导重用，岂料，螳螂捕蝉黄雀在后，秘书小阎（李强 饰）成了新一任馆长。王双立不甘心，再次和小阎斗法，想将对方挤走，这次王双立还能如愿与偿吗？电影《背靠背，脸对脸》获得第二届大学生电影节最佳故事片和最佳男主角奖、东京国际电影节最佳男主角奖、第15届金鸡奖最佳导演和最佳合作片奖、第14届香港电影金像奖十大华语片。', 9.5, 'no');
INSERT INTO `film` VALUES ('疯狂的石头', 734, 231, 587, 2006, 20181, '重庆一间工艺品厂已经濒临倒闭，却不料在拆倒旧厂房的时候，发现了厕所里的一件宝物——一块价值连城的翡翠。厂里决定用这块翡翠举办一个展览，赚些钱发拖欠了几个月的工人工资。期间由工艺品厂保卫科长包世宏（郭涛 饰）负责看守这件宝物。但是，国际大盗麦克与本地一帮小偷却让包世宏一筹莫展，他们各施其技接近翡翠，展览馆开始了一场明争暗斗的较量。黑色幽默也开始幕幕上演。翡翠的价值几何？最后谁是胜出者？事情远没有表面那么简单……', 8.6, 'yes');
INSERT INTO `film` VALUES ('心灵奇旅 Soul', 644, 426, 16, 2020, 20182, '究竟是什么塑造了真正的你？电影将聚焦乔伊·高纳（杰米·福克斯配音）。这位中学音乐老师获得了梦寐以求的机会——在纽约最好的爵士俱乐部演奏。但一个小失误把他从纽约的街道带到了一个奇幻的地方“生之来处”（the Great Before）。在那里，灵魂们获得培训，在前往地球之前将获得他们的个性特点和兴趣。决心要回到地球生活的乔伊认识了一个早熟的灵魂“二十二”（蒂娜·菲 配音），二十二一直找不到自己对于人类生活的兴趣。随着乔伊不断试图向二十二展示生命的精彩之处，他也将领悟一些人生终极问题的答案。', 8.7, 'yes');
INSERT INTO `film` VALUES ('雨中曲 Singin\' in the Rain', 321, 340, 156, 1952, 20183, '1927年，由唐·洛克伍德（吉恩·凯利 饰）和丽娜·雷蒙德（简·哈根 饰）主演的《皇家流氓》在好莱坞首映。由于丽娜刺耳的嗓音无法匹配其夺目的外貌，为了维护明星形象，宣传部只得安排唐一人讲话。首映后，由于钢琴师科斯莫·布朗（唐纳德·奥康纳 饰）的汽车爆胎，为了躲避疯狂的影迷，唐意外结识了能歌善舞的凯西·塞尔登（黛比·雷诺斯 饰），并被其深深吸引。数周后，首部有声电影《爵士歌手》爆红，唐与丽娜的新片《决斗骑士》不得不临时改变拍摄方式，而凯西也成为歌舞片演员。因预映口碑极差，科斯莫提议将《决斗骑士》改为歌舞片，由凯西为丽娜配音，凯西积极附议。与凯西吻别后，唐心花怒放，在雨中载歌载舞。科斯莫的计划能否奏效？幕后的凯西能否走到台前接受观众的掌声？', 9.1, 'no');
INSERT INTO `film` VALUES ('2001太空漫游 2001: A Space Odyssey', 619, 59, 384, 1968, 20184, '这部影片是库布里克花了四年时间制作的充满哲学命题的鸿篇巨制。一块大黑石树立在史前人类的面前，他们刚刚开始认识工具，进入到进化的里程碑。同样的黑石还在宇宙多处出现，它们矗立在月球上，漂浮在太空中，带着某种神秘的寓意。现在的时间是2001年，为了寻找黑石的根源，人类开展一项木星登陆计划。飞船上有冬眠的三名宇航员，大卫船长（凯尔·杜拉 Keir Dullea饰）、富兰克飞行员（加里·洛克伍德 Gary Lockwood饰），还有一部叫“HAL9000”的高智能电脑。HAL在宇宙飞行过程中发生错乱，令到富兰克和三名冬眠人员相继丧命，剩下波曼和这台电脑作战。从死亡线上回来的大卫一气之下关掉主脑系统，HAL彻底失效。现在，茫茫宇宙中只剩大卫一人，向木星进发。穿越瑰异壮观的星门，大卫仿佛去到一个奇特的时空，那里有人类无尽的生死轮回和宇宙的终极知识……', 8.9, 'yes');
INSERT INTO `film` VALUES ('岁月神偷 歲月神偷', 282, 383, 869, 2010, 20185, '60年代的香港，风云变幻。一面要忍受港英政府的压制，一面又受到内地运动的波及，更要面对不时登陆的台风暴雨。老字号的永利街就处在这样一个风暴的旋涡中心。鞋匠罗一家四口，在街尾以做鞋为生。罗先生（任达华 饰）做得一手好鞋，在那个混乱的年代仅能养家糊口；罗太太（吴君如 饰）为人辛辣直率，人称“侠盗罗嫂”。大儿子罗进一（李治廷 饰）16岁，品学兼优，是运动会的冠军，全家人的希望，也是永利街的骄傲；小儿子罗进二（钟绍图 饰）8岁，在父母溺爱之下，天性顽劣，出了名的顽皮整蛊……一家人艰难度日，也算其乐融融。然而大儿子与富家小姐芳菲（蔡颖恩 饰）之间一段纯美的初恋、一场扫荡整个香港的飓风暴雨、更有一场潜伏已久的噩梦，让这个普通家庭的平安幸福在一夜之间陡生变故、支离破碎……面对岁月这个最大的“神偷”，顽强不屈的人该如何去抵抗？2010第60届柏林电影节“新生代...', 8.7, 'yes');
INSERT INTO `film` VALUES ('忠犬八公物语 ハチ公物語', 836, 789, 311, 1987, 20186, '1923年，日本秋田县大馆市天降大雪，近藤家纯种秋田犬产仔，赠与县土木科长间濑。后者将其中一犬转赠东京帝国大学教授上野秀次郎（仲代达矢 Tatsuya Nakadai 饰）驯养。上野的独生女千鹤子对此欢欣鼓舞，而上野夫妇却面露难色。后来，千鹤子（石野真子 Mako Ishino饰）谈恋爱，竟怀了男友的孩子。男友专程登门造访。上野与之对谈，后者诚惶诚恐，坦言要对其女儿负责，事不宜迟，即日便举行婚礼，上野闻听此言，转怒为喜。千鹤子出嫁后，上野旋即把全部的心血与爱都投注在幼犬身上，并取名为阿八。每日上下班，阿八必在涩谷车站等候，一年四季，风雨无阻，令路人叹为观止，成为地方一道风景，主仆之情感动天地……本片根据真实事件改编，为1987年日本票房冠军，票房成绩高达54亿日元。', 9.2, 'no');
INSERT INTO `film` VALUES ('无间道2 無間道II', 323, 923, 616, 2003, 20187, '1991年，香港黑帮龙头倪坤被杀，倪氏家族旗下五大头目中除韩琛（曾志伟）外，均伺机背叛发难，不料却被倪家不起眼的第二代倪永孝（吴镇宇）不费一兵一卒牵制，此举引来重案祖督察黄志诚（黄秋生）的戒心，使其派出警校学生陈永仁（余文乐）渗入倪家进行长期的卧底工作，而韩琛为了巩固势力，早在警察内部安插了线人刘建明（陈冠希）。三年后，事业蒸蒸日上的倪永孝为安枕无忧，决意将五大头目一举歼灭，却因疏忽让韩琛成为漏网之鱼。1997年，大难不死的韩琛重出江湖，为替死去的同事报仇，黄志诚找到他商议合作除掉倪永孝的事宜，不久却发现此举铸成大错，而各自为自己的尴尬身份苦恼的陈永仁和刘建明，则在无间道的路上越行越远。', 8.7, 'yes');
INSERT INTO `film` VALUES ('荒蛮故事 Relatos salvajes', 994, 563, 426, 2014, 20188, '《荒蛮故事》是一部黑色喜剧，由6个独立的暴力复仇小故事构成。影片是一次对于人类失控行径的颠覆性创作，从怪异的幽默感，独特的画面和大胆的配乐，到对于身处绝境的普通人这一题材的偏爱，都可以清晰地看到南美鬼才导演达米安·斯兹弗隆与阿莫多瓦在创作方面的相似之处。不过，斯兹弗隆仍然通过这部影片发出了自己独特的声音：一场对于一个腐败成风、经济和社会严重不平等的社会的尖锐抨击。', 8.8, 'no');
INSERT INTO `film` VALUES ('无敌破坏王 Wreck-It Ralph', 742, 220, 421, 2012, 20190, '无敌破坏王（约翰·C·赖利 John C. Reilly 配音）生活在一个80年代出品的低精度游戏中。他的设定身份是一个反派，每天的生活就是在游戏《快手阿修》中大搞破坏，其后由玩家操作的英雄人物快手阿修（杰克·麦克布瑞尔 Jack McBrayer 配音） 会及时赶到进行修补，赢得奖牌，包揽一切荣耀。身为反派，破坏王厌倦了自己的生活，眼看阿修被胜利者的光环围绕，自己却日复一日在无趣中过活，他终于决定改变。单纯的他以为只要自己也能得到一枚奖牌，就可以摆脱反派的身份，于是某日在游戏厅歇业后，破坏王偷偷离开了自己的游戏，前去闯荡其他电子游戏的世界。在途中，破坏王结识了来自《英雄使命》的冷酷队长（简·林奇 Jane Lynch 配音）和来自90年代糖果赛车游戏《甜蜜冲刺》的小女孩云妮（萨拉·丝沃曼 Sarah Silverman 配音）。后者梦想着能上场比...', 8.7, 'no');
INSERT INTO `film` VALUES ('爆裂鼓手 Whiplash', 396, 239, 721, 2014, 20191, '19岁少年安德鲁（迈尔斯·特勒 Miles Teller 饰）成长在单亲家庭，一心想成为顶级爵士乐鼓手。某晚他在学校练习时被魔鬼导师弗莱彻（J·K·西蒙斯 J.K. Simmons 饰）相中，进入正规乐队，同时也开始为追求完美付出代价。安德鲁越是刻苦练习，与外部世界越是隔膜。唯一理解他的是弗莱彻，但后者的暴躁与喜怒无常扭曲了这段师生关系，更让安德鲁耳濡目染，连带自身的性格亦发生变化。最后当安德鲁终于登上纽约音乐厅的舞台，他才惊恐的发现原来弗莱彻一直等着将他打入尘埃......《爆裂鼓手》讲述一名少年在严师督教下，以非常规手段挑战自己的极限、追逐爵士乐鼓手梦的热血故事。主人公热爱打鼓，但过度的投入让他失去对音乐的初衷，进而演变为生命的负荷以及师徒间近乎疯魔的对决。电影不只有音乐人的苦痛，更让人看到传统励志背后的残酷真相。 《爆裂鼓手》获得第30届圣丹...', 8.7, 'yes');
INSERT INTO `film` VALUES ('冰川时代 Ice Age', 855, 993, 157, 2002, 20192, '冰河时期降至，动物们都急着迁徙到温暖的地方及储存食物。长毛象曼弗瑞德、树獭希德、剑齿虎迪亚戈为了帮助一个人类的婴儿回到父母身边，因而也掉了动物们迁徙的队伍。三只性格各异的动物，觉得集合力量帮助婴儿。一路上，善良的曼弗瑞德总觉得迪亚戈心怀鬼胎，想吃掉婴儿，互相猜疑。他们一起经历了无数艰难险阻，终于能够真诚相对。当剑齿虎迪亚戈的同伴知道它身边正有一个婴儿，饥寒交迫的它们就想迪亚戈把婴儿交给它们当食物，迪亚戈已对可爱的小婴儿产生了感情，无法下手，而迪亚戈该如何选择呢？小婴儿又能否安全回到家中？', 8.6, 'yes');
INSERT INTO `film` VALUES ('恐怖游轮 Triangle', 441, 634, 155, 2009, 20193, '单亲母亲杰西（梅利莎·乔治 饰）和一帮朋友乘游艇出海游玩，但她总有一种有不好的事情发生的感觉。不久，他们便在海上遭遇一场强烈的风暴。游艇翻船，众人落海，几经挣扎他们好不容易爬到游艇残骸上来。正当他们无计可施之时，一艘巨大的游轮向众人缓缓驶来。众人欣喜过望，未加思索便登上这艘名为“艾俄洛斯”的游轮，结果发现这竟是一艘1930年便告失踪的神秘之船，而船上更是空无一人。随处可见的鲜血、神秘的指示以及突如其来的凶杀事件，将这群男女带入万劫不复的恐怖轮回之中……', 8.5, 'no');
INSERT INTO `film` VALUES ('贫民窟的百万富翁 Slumdog Millionaire', 589, 400, 573, 2008, 20194, '2006年，印度孟买。印度青年杰玛•马利克（戴夫•帕特尔饰）还差一个问题就能赢得2千万卢比。他是怎么做到的？A：他作弊；B：他幸运；C：他是天才；D：一切命中注定。这是《谁想成为百万富翁》电视猜谜节目的人生版。杰玛•马利克在已经赢得1千万卢比的情况下被警方以欺诈罪逮捕，严刑拷问下杰玛说出他获得1千万卢比的真相——他确实知道答案，但他只知道这些！出身贫民窟的杰玛年幼就生活艰苦，他与哥哥沙里姆、少女拉媞卡(芙蕾达•平托饰)三人却一起经历了几十年印度的变迁。之前每一个问题，都好像是杰玛的记忆碎片，牵动他关于亲情、爱情与人生的回忆。而现在，杰玛一方面要洗清自己的犯罪嫌疑，一方面要拯救与拉媞卡的爱。在金钱与爱之前，杰玛能够沉着冷静，选择出正确的答案吗？', 8.6, 'yes');

-- ----------------------------
-- Table structure for genre
-- ----------------------------
DROP TABLE IF EXISTS `genre`;
CREATE TABLE `genre`  (
  `id` int NULL DEFAULT NULL,
  `name` varchar(255) CHARACTER SET utf8mb4 COLLATE utf8mb4_0900_ai_ci NULL DEFAULT NULL
) ENGINE = InnoDB CHARACTER SET = utf8mb4 COLLATE = utf8mb4_0900_ai_ci ROW_FORMAT = Dynamic;

-- ----------------------------
-- Records of genre
-- ----------------------------
INSERT INTO `genre` VALUES (20001, '剧情');
INSERT INTO `genre` VALUES (20001, '犯罪');
INSERT INTO `genre` VALUES (20002, '剧情');
INSERT INTO `genre` VALUES (20002, '爱情');
INSERT INTO `genre` VALUES (20002, '同性');
INSERT INTO `genre` VALUES (20003, '剧情');
INSERT INTO `genre` VALUES (20003, '爱情');
INSERT INTO `genre` VALUES (20004, '剧情');
INSERT INTO `genre` VALUES (20004, '爱情');
INSERT INTO `genre` VALUES (20004, '灾难');
INSERT INTO `genre` VALUES (20005, '剧情');
INSERT INTO `genre` VALUES (20005, '动作');
INSERT INTO `genre` VALUES (20005, '犯罪');
INSERT INTO `genre` VALUES (20006, '剧情');
INSERT INTO `genre` VALUES (20006, '动画');
INSERT INTO `genre` VALUES (20006, '奇幻');
INSERT INTO `genre` VALUES (20007, '剧情');
INSERT INTO `genre` VALUES (20007, '喜剧');
INSERT INTO `genre` VALUES (20007, '爱情');
INSERT INTO `genre` VALUES (20007, '战争');
INSERT INTO `genre` VALUES (20008, '剧情');
INSERT INTO `genre` VALUES (20008, '科幻');
INSERT INTO `genre` VALUES (20008, '冒险');
INSERT INTO `genre` VALUES (20009, '剧情');
INSERT INTO `genre` VALUES (20009, '科幻');
INSERT INTO `genre` VALUES (20009, '悬疑');
INSERT INTO `genre` VALUES (20009, '冒险');
INSERT INTO `genre` VALUES (20010, '剧情');
INSERT INTO `genre` VALUES (20010, '历史');
INSERT INTO `genre` VALUES (20010, '战争');
INSERT INTO `genre` VALUES (20011, '剧情');
INSERT INTO `genre` VALUES (20011, '科幻');
INSERT INTO `genre` VALUES (20012, '剧情');
INSERT INTO `genre` VALUES (20013, '剧情');
INSERT INTO `genre` VALUES (20013, '音乐');
INSERT INTO `genre` VALUES (20014, '剧情');
INSERT INTO `genre` VALUES (20014, '喜剧');
INSERT INTO `genre` VALUES (20014, '爱情');
INSERT INTO `genre` VALUES (20014, '歌舞');
INSERT INTO `genre` VALUES (20015, '剧情');
INSERT INTO `genre` VALUES (20015, '音乐');
INSERT INTO `genre` VALUES (20016, '科幻');
INSERT INTO `genre` VALUES (20016, '动画');
INSERT INTO `genre` VALUES (20016, '冒险');
INSERT INTO `genre` VALUES (20017, '喜剧');
INSERT INTO `genre` VALUES (20017, '动画');
INSERT INTO `genre` VALUES (20017, '冒险');
INSERT INTO `genre` VALUES (20018, '剧情');
INSERT INTO `genre` VALUES (20018, '惊悚');
INSERT INTO `genre` VALUES (20018, '犯罪');
INSERT INTO `genre` VALUES (20019, '剧情');
INSERT INTO `genre` VALUES (20019, '悬疑');
INSERT INTO `genre` VALUES (20019, '犯罪');
INSERT INTO `genre` VALUES (20020, '喜剧');
INSERT INTO `genre` VALUES (20020, '爱情');
INSERT INTO `genre` VALUES (20020, '奇幻');
INSERT INTO `genre` VALUES (20020, '古装');
INSERT INTO `genre` VALUES (20021, '剧情');
INSERT INTO `genre` VALUES (20022, '剧情');
INSERT INTO `genre` VALUES (20022, '犯罪');
INSERT INTO `genre` VALUES (20023, '剧情');
INSERT INTO `genre` VALUES (20023, '喜剧');
INSERT INTO `genre` VALUES (20024, '剧情');
INSERT INTO `genre` VALUES (20024, '家庭');
INSERT INTO `genre` VALUES (20024, '传记');
INSERT INTO `genre` VALUES (20025, '喜剧');
INSERT INTO `genre` VALUES (20025, '动画');
INSERT INTO `genre` VALUES (20025, '音乐');
INSERT INTO `genre` VALUES (20025, '奇幻');
INSERT INTO `genre` VALUES (20026, '剧情');
INSERT INTO `genre` VALUES (20026, '传记');
INSERT INTO `genre` VALUES (20026, '历史');
INSERT INTO `genre` VALUES (20027, '动画');
INSERT INTO `genre` VALUES (20027, '奇幻');
INSERT INTO `genre` VALUES (20027, '冒险');
INSERT INTO `genre` VALUES (20028, '剧情');
INSERT INTO `genre` VALUES (20028, '喜剧');
INSERT INTO `genre` VALUES (20028, '爱情');
INSERT INTO `genre` VALUES (20029, '剧情');
INSERT INTO `genre` VALUES (20029, '家庭');
INSERT INTO `genre` VALUES (20029, '历史');
INSERT INTO `genre` VALUES (20030, '奇幻');
INSERT INTO `genre` VALUES (20030, '冒险');
INSERT INTO `genre` VALUES (20031, '剧情');
INSERT INTO `genre` VALUES (20031, '动作');
INSERT INTO `genre` VALUES (20031, '科幻');
INSERT INTO `genre` VALUES (20031, '惊悚');
INSERT INTO `genre` VALUES (20031, '犯罪');
INSERT INTO `genre` VALUES (20032, '剧情');
INSERT INTO `genre` VALUES (20032, '动作');
INSERT INTO `genre` VALUES (20032, '奇幻');
INSERT INTO `genre` VALUES (20032, '冒险');
INSERT INTO `genre` VALUES (20033, '剧情');
INSERT INTO `genre` VALUES (20033, '喜剧');
INSERT INTO `genre` VALUES (20034, '剧情');
INSERT INTO `genre` VALUES (20034, '爱情');
INSERT INTO `genre` VALUES (20034, '历史');
INSERT INTO `genre` VALUES (20034, '战争');
INSERT INTO `genre` VALUES (20035, '剧情');
INSERT INTO `genre` VALUES (20035, '喜剧');
INSERT INTO `genre` VALUES (20035, '动画');
INSERT INTO `genre` VALUES (20035, '冒险');
INSERT INTO `genre` VALUES (20036, '剧情');
INSERT INTO `genre` VALUES (20037, '剧情');
INSERT INTO `genre` VALUES (20038, '动画');
INSERT INTO `genre` VALUES (20038, '奇幻');
INSERT INTO `genre` VALUES (20038, '冒险');
INSERT INTO `genre` VALUES (20039, '剧情');
INSERT INTO `genre` VALUES (20040, '剧情');
INSERT INTO `genre` VALUES (20040, '喜剧');
INSERT INTO `genre` VALUES (20040, '动作');
INSERT INTO `genre` VALUES (20040, '西部');
INSERT INTO `genre` VALUES (20041, '剧情');
INSERT INTO `genre` VALUES (20041, '家庭');
INSERT INTO `genre` VALUES (20041, '传记');
INSERT INTO `genre` VALUES (20041, '运动');
INSERT INTO `genre` VALUES (20042, '剧情');
INSERT INTO `genre` VALUES (20042, '传记');
INSERT INTO `genre` VALUES (20042, '犯罪');
INSERT INTO `genre` VALUES (20043, '动画');
INSERT INTO `genre` VALUES (20043, '奇幻');
INSERT INTO `genre` VALUES (20043, '冒险');
INSERT INTO `genre` VALUES (20044, '剧情');
INSERT INTO `genre` VALUES (20044, '喜剧');
INSERT INTO `genre` VALUES (20045, '剧情');
INSERT INTO `genre` VALUES (20045, '家庭');
INSERT INTO `genre` VALUES (20045, '冒险');
INSERT INTO `genre` VALUES (20046, '剧情');
INSERT INTO `genre` VALUES (20046, '奇幻');
INSERT INTO `genre` VALUES (20046, '冒险');
INSERT INTO `genre` VALUES (20047, '剧情');
INSERT INTO `genre` VALUES (20047, '音乐');
INSERT INTO `genre` VALUES (20047, '传记');
INSERT INTO `genre` VALUES (20047, '战争');
INSERT INTO `genre` VALUES (20048, '喜剧');
INSERT INTO `genre` VALUES (20048, '爱情');
INSERT INTO `genre` VALUES (20048, '奇幻');
INSERT INTO `genre` VALUES (20048, '古装');
INSERT INTO `genre` VALUES (20049, '剧情');
INSERT INTO `genre` VALUES (20049, '动作');
INSERT INTO `genre` VALUES (20049, '奇幻');
INSERT INTO `genre` VALUES (20049, '冒险');
INSERT INTO `genre` VALUES (20050, '剧情');
INSERT INTO `genre` VALUES (20051, '剧情');
INSERT INTO `genre` VALUES (20052, '剧情');
INSERT INTO `genre` VALUES (20052, '喜剧');
INSERT INTO `genre` VALUES (20052, '音乐');
INSERT INTO `genre` VALUES (20052, '传记');
INSERT INTO `genre` VALUES (20053, '剧情');
INSERT INTO `genre` VALUES (20053, '喜剧');
INSERT INTO `genre` VALUES (20053, '爱情');
INSERT INTO `genre` VALUES (20054, '剧情');
INSERT INTO `genre` VALUES (20054, '动画');
INSERT INTO `genre` VALUES (20054, '奇幻');
INSERT INTO `genre` VALUES (20054, '古装');
INSERT INTO `genre` VALUES (20055, '剧情');
INSERT INTO `genre` VALUES (20055, '爱情');
INSERT INTO `genre` VALUES (20056, '剧情');
INSERT INTO `genre` VALUES (20056, '动作');
INSERT INTO `genre` VALUES (20056, '奇幻');
INSERT INTO `genre` VALUES (20056, '冒险');
INSERT INTO `genre` VALUES (20057, '动作');
INSERT INTO `genre` VALUES (20057, '科幻');
INSERT INTO `genre` VALUES (20058, '剧情');
INSERT INTO `genre` VALUES (20058, '犯罪');
INSERT INTO `genre` VALUES (20059, '动画');
INSERT INTO `genre` VALUES (20059, '歌舞');
INSERT INTO `genre` VALUES (20059, '冒险');
INSERT INTO `genre` VALUES (20060, '剧情');
INSERT INTO `genre` VALUES (20061, '剧情');
INSERT INTO `genre` VALUES (20061, '家庭');
INSERT INTO `genre` VALUES (20062, '剧情');
INSERT INTO `genre` VALUES (20062, '动作');
INSERT INTO `genre` VALUES (20062, '悬疑');
INSERT INTO `genre` VALUES (20062, '惊悚');
INSERT INTO `genre` VALUES (20063, '剧情');
INSERT INTO `genre` VALUES (20063, '爱情');
INSERT INTO `genre` VALUES (20063, '奇幻');
INSERT INTO `genre` VALUES (20064, '剧情');
INSERT INTO `genre` VALUES (20064, '传记');
INSERT INTO `genre` VALUES (20065, '剧情');
INSERT INTO `genre` VALUES (20065, '战争');
INSERT INTO `genre` VALUES (20066, '剧情');
INSERT INTO `genre` VALUES (20066, '悬疑');
INSERT INTO `genre` VALUES (20067, '剧情');
INSERT INTO `genre` VALUES (20067, '爱情');
INSERT INTO `genre` VALUES (20068, '剧情');
INSERT INTO `genre` VALUES (20068, '喜剧');
INSERT INTO `genre` VALUES (20068, '犯罪');
INSERT INTO `genre` VALUES (20069, '剧情');
INSERT INTO `genre` VALUES (20069, '情色');
INSERT INTO `genre` VALUES (20069, '战争');
INSERT INTO `genre` VALUES (20070, '剧情');
INSERT INTO `genre` VALUES (20070, '悬疑');
INSERT INTO `genre` VALUES (20070, '惊悚');
INSERT INTO `genre` VALUES (20070, '犯罪');
INSERT INTO `genre` VALUES (20071, '剧情');
INSERT INTO `genre` VALUES (20071, '爱情');
INSERT INTO `genre` VALUES (20071, '歌舞');
INSERT INTO `genre` VALUES (20071, '传记');
INSERT INTO `genre` VALUES (20072, '动作');
INSERT INTO `genre` VALUES (20072, '科幻');
INSERT INTO `genre` VALUES (20072, '冒险');
INSERT INTO `genre` VALUES (20073, '奇幻');
INSERT INTO `genre` VALUES (20073, '冒险');
INSERT INTO `genre` VALUES (20074, '剧情');
INSERT INTO `genre` VALUES (20074, '战争');
INSERT INTO `genre` VALUES (20075, '剧情');
INSERT INTO `genre` VALUES (20076, '剧情');
INSERT INTO `genre` VALUES (20076, '家庭');
INSERT INTO `genre` VALUES (20076, '儿童');
INSERT INTO `genre` VALUES (20078, '剧情');
INSERT INTO `genre` VALUES (20078, '喜剧');
INSERT INTO `genre` VALUES (20078, '冒险');
INSERT INTO `genre` VALUES (20079, '喜剧');
INSERT INTO `genre` VALUES (20079, '动作');
INSERT INTO `genre` VALUES (20079, '犯罪');
INSERT INTO `genre` VALUES (20079, '奇幻');
INSERT INTO `genre` VALUES (20080, '剧情');
INSERT INTO `genre` VALUES (20080, '悬疑');
INSERT INTO `genre` VALUES (20080, '惊悚');
INSERT INTO `genre` VALUES (20081, '剧情');
INSERT INTO `genre` VALUES (20081, '科幻');
INSERT INTO `genre` VALUES (20081, '悬疑');
INSERT INTO `genre` VALUES (20081, '惊悚');
INSERT INTO `genre` VALUES (20082, '剧情');
INSERT INTO `genre` VALUES (20082, '悬疑');
INSERT INTO `genre` VALUES (20082, '惊悚');
INSERT INTO `genre` VALUES (20083, '奇幻');
INSERT INTO `genre` VALUES (20083, '冒险');
INSERT INTO `genre` VALUES (20084, '剧情');
INSERT INTO `genre` VALUES (20086, '剧情');
INSERT INTO `genre` VALUES (20086, '喜剧');
INSERT INTO `genre` VALUES (20086, '犯罪');
INSERT INTO `genre` VALUES (20087, '纪录片');
INSERT INTO `genre` VALUES (20089, '剧情');
INSERT INTO `genre` VALUES (20089, '爱情');
INSERT INTO `genre` VALUES (20089, '同性');
INSERT INTO `genre` VALUES (20090, '剧情');
INSERT INTO `genre` VALUES (20090, '犯罪');
INSERT INTO `genre` VALUES (20091, '剧情');
INSERT INTO `genre` VALUES (20091, '喜剧');
INSERT INTO `genre` VALUES (20091, '爱情');
INSERT INTO `genre` VALUES (20092, '剧情');
INSERT INTO `genre` VALUES (20092, '悬疑');
INSERT INTO `genre` VALUES (20092, '惊悚');
INSERT INTO `genre` VALUES (20093, '剧情');
INSERT INTO `genre` VALUES (20093, '动作');
INSERT INTO `genre` VALUES (20093, '悬疑');
INSERT INTO `genre` VALUES (20093, '惊悚');
INSERT INTO `genre` VALUES (20093, '犯罪');
INSERT INTO `genre` VALUES (20094, '剧情');
INSERT INTO `genre` VALUES (20094, '悬疑');
INSERT INTO `genre` VALUES (20094, '惊悚');
INSERT INTO `genre` VALUES (20094, '犯罪');
INSERT INTO `genre` VALUES (20095, '科幻');
INSERT INTO `genre` VALUES (20095, '动画');
INSERT INTO `genre` VALUES (20095, '悬疑');
INSERT INTO `genre` VALUES (20095, '惊悚');
INSERT INTO `genre` VALUES (20096, '动作');
INSERT INTO `genre` VALUES (20096, '奇幻');
INSERT INTO `genre` VALUES (20096, '冒险');
INSERT INTO `genre` VALUES (20097, '奇幻');
INSERT INTO `genre` VALUES (20097, '冒险');
INSERT INTO `genre` VALUES (20098, '剧情');
INSERT INTO `genre` VALUES (20098, '爱情');
INSERT INTO `genre` VALUES (20098, '家庭');
INSERT INTO `genre` VALUES (20099, '剧情');
INSERT INTO `genre` VALUES (20100, '喜剧');
INSERT INTO `genre` VALUES (20100, '爱情');
INSERT INTO `genre` VALUES (20100, '古装');
INSERT INTO `genre` VALUES (20101, '剧情');
INSERT INTO `genre` VALUES (20101, '喜剧');
INSERT INTO `genre` VALUES (20101, '家庭');
INSERT INTO `genre` VALUES (20102, '剧情');
INSERT INTO `genre` VALUES (20102, '歌舞');
INSERT INTO `genre` VALUES (20103, '剧情');
INSERT INTO `genre` VALUES (20103, '动作');
INSERT INTO `genre` VALUES (20103, '科幻');
INSERT INTO `genre` VALUES (20103, '惊悚');
INSERT INTO `genre` VALUES (20103, '犯罪');
INSERT INTO `genre` VALUES (20104, '剧情');
INSERT INTO `genre` VALUES (20104, '爱情');
INSERT INTO `genre` VALUES (20104, '同性');
INSERT INTO `genre` VALUES (20105, '剧情');
INSERT INTO `genre` VALUES (20105, '爱情');
INSERT INTO `genre` VALUES (20106, '剧情');
INSERT INTO `genre` VALUES (20106, '爱情');
INSERT INTO `genre` VALUES (20106, '奇幻');
INSERT INTO `genre` VALUES (20107, '剧情');
INSERT INTO `genre` VALUES (20107, '爱情');
INSERT INTO `genre` VALUES (20107, '同性');
INSERT INTO `genre` VALUES (20107, '家庭');
INSERT INTO `genre` VALUES (20108, '剧情');
INSERT INTO `genre` VALUES (20109, '剧情');
INSERT INTO `genre` VALUES (20109, '悬疑');
INSERT INTO `genre` VALUES (20109, '惊悚');
INSERT INTO `genre` VALUES (20110, '剧情');
INSERT INTO `genre` VALUES (20110, '爱情');
INSERT INTO `genre` VALUES (20111, '剧情');
INSERT INTO `genre` VALUES (20111, '动作');
INSERT INTO `genre` VALUES (20111, '传记');
INSERT INTO `genre` VALUES (20111, '历史');
INSERT INTO `genre` VALUES (20111, '战争');
INSERT INTO `genre` VALUES (20112, '喜剧');
INSERT INTO `genre` VALUES (20112, '动作');
INSERT INTO `genre` VALUES (20112, '科幻');
INSERT INTO `genre` VALUES (20112, '动画');
INSERT INTO `genre` VALUES (20112, '冒险');
INSERT INTO `genre` VALUES (20113, '剧情');
INSERT INTO `genre` VALUES (20113, '爱情');
INSERT INTO `genre` VALUES (20114, '动画');
INSERT INTO `genre` VALUES (20114, '奇幻');
INSERT INTO `genre` VALUES (20114, '冒险');
INSERT INTO `genre` VALUES (20115, '剧情');
INSERT INTO `genre` VALUES (20115, '爱情');
INSERT INTO `genre` VALUES (20116, '剧情');
INSERT INTO `genre` VALUES (20116, '喜剧');
INSERT INTO `genre` VALUES (20117, '动画');
INSERT INTO `genre` VALUES (20117, '奇幻');
INSERT INTO `genre` VALUES (20117, '冒险');
INSERT INTO `genre` VALUES (20118, '剧情');
INSERT INTO `genre` VALUES (20121, '剧情');
INSERT INTO `genre` VALUES (20121, '喜剧');
INSERT INTO `genre` VALUES (20121, '爱情');
INSERT INTO `genre` VALUES (20122, '剧情');
INSERT INTO `genre` VALUES (20122, '犯罪');
INSERT INTO `genre` VALUES (20123, '剧情');
INSERT INTO `genre` VALUES (20124, '爱情');
INSERT INTO `genre` VALUES (20124, '奇幻');
INSERT INTO `genre` VALUES (20124, '武侠');
INSERT INTO `genre` VALUES (20124, '古装');
INSERT INTO `genre` VALUES (20125, '剧情');
INSERT INTO `genre` VALUES (20126, '喜剧');
INSERT INTO `genre` VALUES (20126, '爱情');
INSERT INTO `genre` VALUES (20126, '奇幻');
INSERT INTO `genre` VALUES (20127, '剧情');
INSERT INTO `genre` VALUES (20127, '爱情');
INSERT INTO `genre` VALUES (20127, '动画');
INSERT INTO `genre` VALUES (20128, '动画');
INSERT INTO `genre` VALUES (20128, '惊悚');
INSERT INTO `genre` VALUES (20128, '奇幻');
INSERT INTO `genre` VALUES (20129, '悬疑');
INSERT INTO `genre` VALUES (20129, '奇幻');
INSERT INTO `genre` VALUES (20129, '冒险');
INSERT INTO `genre` VALUES (20130, '动画');
INSERT INTO `genre` VALUES (20130, '奇幻');
INSERT INTO `genre` VALUES (20130, '冒险');
INSERT INTO `genre` VALUES (20131, '剧情');
INSERT INTO `genre` VALUES (20131, '喜剧');
INSERT INTO `genre` VALUES (20131, '爱情');
INSERT INTO `genre` VALUES (20132, '剧情');
INSERT INTO `genre` VALUES (20133, '剧情');
INSERT INTO `genre` VALUES (20134, '剧情');
INSERT INTO `genre` VALUES (20134, '犯罪');
INSERT INTO `genre` VALUES (20135, '喜剧');
INSERT INTO `genre` VALUES (20135, '动画');
INSERT INTO `genre` VALUES (20135, '儿童');
INSERT INTO `genre` VALUES (20135, '奇幻');
INSERT INTO `genre` VALUES (20135, '冒险');
INSERT INTO `genre` VALUES (20136, '喜剧');
INSERT INTO `genre` VALUES (20136, '动画');
INSERT INTO `genre` VALUES (20136, '奇幻');
INSERT INTO `genre` VALUES (20136, '冒险');
INSERT INTO `genre` VALUES (20137, '剧情');
INSERT INTO `genre` VALUES (20137, '爱情');
INSERT INTO `genre` VALUES (20138, '剧情');
INSERT INTO `genre` VALUES (20138, '犯罪');
INSERT INTO `genre` VALUES (20139, '剧情');
INSERT INTO `genre` VALUES (20139, '爱情');
INSERT INTO `genre` VALUES (20139, '动画');
INSERT INTO `genre` VALUES (20139, '奇幻');
INSERT INTO `genre` VALUES (20140, '动作');
INSERT INTO `genre` VALUES (20140, '惊悚');
INSERT INTO `genre` VALUES (20140, '灾难');
INSERT INTO `genre` VALUES (20141, '剧情');
INSERT INTO `genre` VALUES (20141, '动作');
INSERT INTO `genre` VALUES (20141, '西部');
INSERT INTO `genre` VALUES (20141, '冒险');
INSERT INTO `genre` VALUES (20142, '剧情');
INSERT INTO `genre` VALUES (20142, '历史');
INSERT INTO `genre` VALUES (20143, '喜剧');
INSERT INTO `genre` VALUES (20143, '动画');
INSERT INTO `genre` VALUES (20143, '冒险');
INSERT INTO `genre` VALUES (20144, '剧情');
INSERT INTO `genre` VALUES (20144, '悬疑');
INSERT INTO `genre` VALUES (20145, '剧情');
INSERT INTO `genre` VALUES (20145, '喜剧');
INSERT INTO `genre` VALUES (20145, '动画');
INSERT INTO `genre` VALUES (20146, '动画');
INSERT INTO `genre` VALUES (20146, '奇幻');
INSERT INTO `genre` VALUES (20146, '冒险');
INSERT INTO `genre` VALUES (20148, '剧情');
INSERT INTO `genre` VALUES (20148, '爱情');
INSERT INTO `genre` VALUES (20148, '情色');
INSERT INTO `genre` VALUES (20149, '剧情');
INSERT INTO `genre` VALUES (20149, '喜剧');
INSERT INTO `genre` VALUES (20149, '古装');
INSERT INTO `genre` VALUES (20150, '剧情');
INSERT INTO `genre` VALUES (20150, '喜剧');
INSERT INTO `genre` VALUES (20150, '爱情');
INSERT INTO `genre` VALUES (20150, '同性');
INSERT INTO `genre` VALUES (20150, '家庭');
INSERT INTO `genre` VALUES (20151, '剧情');
INSERT INTO `genre` VALUES (20151, '同性');
INSERT INTO `genre` VALUES (20151, '传记');
INSERT INTO `genre` VALUES (20151, '战争');
INSERT INTO `genre` VALUES (20152, '动作');
INSERT INTO `genre` VALUES (20152, '科幻');
INSERT INTO `genre` VALUES (20152, '冒险');
INSERT INTO `genre` VALUES (20154, '剧情');
INSERT INTO `genre` VALUES (20154, '爱情');
INSERT INTO `genre` VALUES (20155, '喜剧');
INSERT INTO `genre` VALUES (20155, '动画');
INSERT INTO `genre` VALUES (20155, '冒险');
INSERT INTO `genre` VALUES (20156, '剧情');
INSERT INTO `genre` VALUES (20156, '家庭');
INSERT INTO `genre` VALUES (20158, '剧情');
INSERT INTO `genre` VALUES (20158, '动作');
INSERT INTO `genre` VALUES (20158, '冒险');
INSERT INTO `genre` VALUES (20159, '剧情');
INSERT INTO `genre` VALUES (20159, '传记');
INSERT INTO `genre` VALUES (20159, '历史');
INSERT INTO `genre` VALUES (20159, '战争');
INSERT INTO `genre` VALUES (20160, '剧情');
INSERT INTO `genre` VALUES (20160, '悬疑');
INSERT INTO `genre` VALUES (20160, '犯罪');
INSERT INTO `genre` VALUES (20161, '悬疑');
INSERT INTO `genre` VALUES (20161, '惊悚');
INSERT INTO `genre` VALUES (20161, '恐怖');
INSERT INTO `genre` VALUES (20162, '动作');
INSERT INTO `genre` VALUES (20162, '科幻');
INSERT INTO `genre` VALUES (20163, '剧情');
INSERT INTO `genre` VALUES (20163, '爱情');
INSERT INTO `genre` VALUES (20163, '动画');
INSERT INTO `genre` VALUES (20165, '剧情');
INSERT INTO `genre` VALUES (20165, '犯罪');
INSERT INTO `genre` VALUES (20166, '剧情');
INSERT INTO `genre` VALUES (20166, '同性');
INSERT INTO `genre` VALUES (20166, '传记');
INSERT INTO `genre` VALUES (20167, '剧情');
INSERT INTO `genre` VALUES (20167, '悬疑');
INSERT INTO `genre` VALUES (20167, '犯罪');
INSERT INTO `genre` VALUES (20168, '喜剧');
INSERT INTO `genre` VALUES (20168, '动画');
INSERT INTO `genre` VALUES (20168, '冒险');
INSERT INTO `genre` VALUES (20169, '动作');
INSERT INTO `genre` VALUES (20169, '悬疑');
INSERT INTO `genre` VALUES (20169, '惊悚');
INSERT INTO `genre` VALUES (20170, '剧情');
INSERT INTO `genre` VALUES (20170, '动作');
INSERT INTO `genre` VALUES (20170, '犯罪');
INSERT INTO `genre` VALUES (20171, '剧情');
INSERT INTO `genre` VALUES (20171, '犯罪');
INSERT INTO `genre` VALUES (20172, '动画');
INSERT INTO `genre` VALUES (20172, '奇幻');
INSERT INTO `genre` VALUES (20172, '冒险');
INSERT INTO `genre` VALUES (20173, '剧情');
INSERT INTO `genre` VALUES (20173, '喜剧');
INSERT INTO `genre` VALUES (20173, '动作');
INSERT INTO `genre` VALUES (20173, '犯罪');
INSERT INTO `genre` VALUES (20175, '剧情');
INSERT INTO `genre` VALUES (20175, '传记');
INSERT INTO `genre` VALUES (20175, '历史');
INSERT INTO `genre` VALUES (20175, '战争');
INSERT INTO `genre` VALUES (20176, '剧情');
INSERT INTO `genre` VALUES (20176, '家庭');
INSERT INTO `genre` VALUES (20177, '剧情');
INSERT INTO `genre` VALUES (20177, '悬疑');
INSERT INTO `genre` VALUES (20177, '犯罪');
INSERT INTO `genre` VALUES (20177, '奇幻');
INSERT INTO `genre` VALUES (20178, '剧情');
INSERT INTO `genre` VALUES (20178, '惊悚');
INSERT INTO `genre` VALUES (20178, '犯罪');
INSERT INTO `genre` VALUES (20179, '剧情');
INSERT INTO `genre` VALUES (20179, '悬疑');
INSERT INTO `genre` VALUES (20179, '惊悚');
INSERT INTO `genre` VALUES (20179, '犯罪');
INSERT INTO `genre` VALUES (20180, '剧情');
INSERT INTO `genre` VALUES (20181, '喜剧');
INSERT INTO `genre` VALUES (20181, '犯罪');
INSERT INTO `genre` VALUES (20182, '动画');
INSERT INTO `genre` VALUES (20182, '音乐');
INSERT INTO `genre` VALUES (20182, '奇幻');
INSERT INTO `genre` VALUES (20183, '喜剧');
INSERT INTO `genre` VALUES (20183, '爱情');
INSERT INTO `genre` VALUES (20183, '歌舞');
INSERT INTO `genre` VALUES (20184, '科幻');
INSERT INTO `genre` VALUES (20184, '惊悚');
INSERT INTO `genre` VALUES (20184, '冒险');
INSERT INTO `genre` VALUES (20185, '剧情');
INSERT INTO `genre` VALUES (20185, '家庭');
INSERT INTO `genre` VALUES (20186, '剧情');
INSERT INTO `genre` VALUES (20187, '剧情');
INSERT INTO `genre` VALUES (20187, '惊悚');
INSERT INTO `genre` VALUES (20187, '犯罪');
INSERT INTO `genre` VALUES (20188, '剧情');
INSERT INTO `genre` VALUES (20188, '喜剧');
INSERT INTO `genre` VALUES (20188, '犯罪');
INSERT INTO `genre` VALUES (20190, '喜剧');
INSERT INTO `genre` VALUES (20190, '动画');
INSERT INTO `genre` VALUES (20190, '奇幻');
INSERT INTO `genre` VALUES (20190, '冒险');
INSERT INTO `genre` VALUES (20191, '剧情');
INSERT INTO `genre` VALUES (20191, '音乐');
INSERT INTO `genre` VALUES (20192, '喜剧');
INSERT INTO `genre` VALUES (20192, '动画');
INSERT INTO `genre` VALUES (20192, '冒险');
INSERT INTO `genre` VALUES (20193, '剧情');
INSERT INTO `genre` VALUES (20193, '悬疑');
INSERT INTO `genre` VALUES (20193, '惊悚');
INSERT INTO `genre` VALUES (20194, '剧情');
INSERT INTO `genre` VALUES (20194, '爱情');

-- ----------------------------
-- Table structure for user
-- ----------------------------
DROP TABLE IF EXISTS `user`;
CREATE TABLE `user`  (
  `email` varchar(255) CHARACTER SET utf8mb4 COLLATE utf8mb4_0900_ai_ci NULL DEFAULT NULL,
  `username` varchar(50) CHARACTER SET utf8mb4 COLLATE utf8mb4_0900_ai_ci NULL DEFAULT NULL,
  `account` varchar(50) CHARACTER SET utf8mb4 COLLATE utf8mb4_0900_ai_ci NULL DEFAULT NULL,
  `password` varchar(150) CHARACTER SET utf8mb4 COLLATE utf8mb4_0900_ai_ci NULL DEFAULT NULL,
  `is_vip` varchar(10) CHARACTER SET utf8mb4 COLLATE utf8mb4_0900_ai_ci NULL DEFAULT NULL
) ENGINE = InnoDB CHARACTER SET = utf8mb4 COLLATE = utf8mb4_0900_ai_ci ROW_FORMAT = Dynamic;

-- ----------------------------
-- Records of user
-- ----------------------------
INSERT INTO `user` VALUES ('zhiyuch@icloud.com', '程致远', 'czh68', 'w4JyiSHEQU', 'no');
INSERT INTO `user` VALUES ('shyuning5@hotmail.com', '史宇宁', 'yuninsh', 'NFUie4ywND', 'yes');
INSERT INTO `user` VALUES ('anqihu8@outlook.com', '胡安琪', 'hua', 't1Jp6252BE', 'yes');
INSERT INTO `user` VALUES ('zhyunxi713@gmail.com', '张云熙', 'zhang88', 'tief9bRcTp', 'no');
INSERT INTO `user` VALUES ('lum@icloud.com', '孟璐', 'lumeng409', '1T9w4aDTXP', 'yes');
INSERT INTO `user` VALUES ('123456789@mail.com', '3333', 'test', '123456', 'yes');
INSERT INTO `user` VALUES ('123456@mail.com', 'administrator', 'test1', '123456798', 'yes');
INSERT INTO `user` VALUES ('666@mail.com', 'test', 'ppg', '774466', 'no');
INSERT INTO `user` VALUES ('1', '1', '1', '1', 'no');

SET FOREIGN_KEY_CHECKS = 1;
